<annotation>
	<folder></folder>
	<filename>000089_jpg.rf.2d9fb74aa7ebc32e8ea072a009e7872f.jpg</filename>
	<path>000089_jpg.rf.2d9fb74aa7ebc32e8ea072a009e7872f.jpg</path>
	<source>
		<database>roboflow.ai</database>
	</source>
	<size>
		<width>416</width>
		<height>416</height>
		<depth>3</depth>
	</size>
	<segmented>0</segmented>
	<object>
		<name>Glass bottle</name>
		<pose>Unspecified</pose>
		<truncated>0</truncated>
		<difficult>0</difficult>
		<occluded>0</occluded>
		<bndbox>
			<xmin>264</xmin>
			<xmax>347</xmax>
			<ymin>60</ymin>
			<ymax>111</ymax>
		</bndbox>
		<polygon>
			<x1>276.96649</x1>
			<y1>72.738095</y1>
			<x2>273.29806</x2>
			<y2>73.357143</y2>
			<x3>264.677249</x3>
			<y3>65.722222</y3>
			<x4>262.843034</x4>
			<y4>68.611111</y4>
			<x5>267.795414</x5>
			<y5>74.595238</y5>
			<x6>272.380952</x6>
			<y6>74.904762</y6>
			<x7>277.333333</x7>
			<y7>73.460317</y7>
			<x8>285.587302</x8>
			<y8>81.404762</y8>
			<x9>295.675485</x9>
			<y9>88.111111</y9>
			<x10>302.645503</x10>
			<y10>87.492063</y10>
			<x11>310.899471</x11>
			<y11>91.206349</y11>
			<x12>312.917108</x12>
			<y12>95.642857</y12>
			<x13>314.934744</x13>
			<y13>97.809524</y13>
			<x14>326.306878</x14>
			<y14>105.031746</y14>
			<x15>335.661376</x15>
			<y15>110.087302</y15>
			<x16>342.26455</x16>
			<y16>108.333333</y16>
			<x17>345.566138</x17>
			<y17>105.238095</y17>
			<x18>327.223986</x18>
			<y18>91.206349</y18>
			<x19>325.940035</x19>
			<y19>86.357143</y19>
			<x20>318.786596</x20>
			<y20>79.031746</y20>
			<x21>297.142857</x21>
			<y21>66.650794</y21>
			<x22>307.231041</x22>
			<y22>75.31746</y22>
			<x23>303.56261</x23>
			<y23>76.555556</y23>
			<x24>283.936508</x24>
			<y24>62.214286</y24>
			<x25>274.398589</x25>
			<y25>59.325397</y25>
			<x26>268.345679</x26>
			<y26>62.214286</y26>
			<x27>266.328042</x27>
			<y27>63.761905</y27>
			<x28>270.363316</x28>
			<y28>65.515873</y28>
			<x29>276.96649</x29>
			<y29>72.738095</y29>
		</polygon>
	</object>
	<object>
		<name>Disposable food container</name>
		<pose>Unspecified</pose>
		<truncated>0</truncated>
		<difficult>0</difficult>
		<occluded>0</occluded>
		<bndbox>
			<xmin>195</xmin>
			<xmax>245</xmax>
			<ymin>243</ymin>
			<ymax>271</ymax>
		</bndbox>
		<polygon>
			<x1>242.666667</x1>
			<y1>256.801587</y1>
			<x2>244.134039</x2>
			<y2>254.634921</y2>
			<x3>236.430335</x3>
			<y3>249.373016</y3>
			<x4>219.372134</x4>
			<y4>242.047619</y4>
			<x5>214.236332</x5>
			<y5>242.253968</y5>
			<x6>194.243386</x6>
			<y6>254.015873</y6>
			<x7>193.693122</x7>
			<y7>255.873016</y7>
			<x8>195.710758</x8>
			<y8>257.936508</y8>
			<x9>216.620811</x9>
			<y9>269.801587</y9>
			<x10>222.306878</x10>
			<y10>270.214286</y10>
			<x11>226.15873</x11>
			<y11>266.809524</y11>
			<x12>242.666667</x12>
			<y12>256.801587</y12>
		</polygon>
	</object>
	<object>
		<name>Plastic film</name>
		<pose>Unspecified</pose>
		<truncated>0</truncated>
		<difficult>0</difficult>
		<occluded>0</occluded>
		<bndbox>
			<xmin>341</xmin>
			<xmax>414</xmax>
			<ymin>351</ymin>
			<ymax>374</ymax>
		</bndbox>
		<polygon>
			<x1>339.513228</x1>
			<y1>369.674603</y1>
			<x2>346.483245</x2>
			<y2>372.769841</y2>
			<x3>412.881834</x3>
			<y3>353.888889</y3>
			<x4>409.029982</x4>
			<y4>349.555556</y4>
			<x5>391.971781</x5>
			<y5>354.404762</y5>
			<x6>351.802469</x6>
			<y6>365.134921</y6>
			<x7>339.513228</x7>
			<y7>369.674603</y7>
		</polygon>
	</object>
</annotation>
