<annotation>
	<folder></folder>
	<filename>000019_jpg.rf.9e7ab194fd7e3621032556095153abb6.jpg</filename>
	<path>000019_jpg.rf.9e7ab194fd7e3621032556095153abb6.jpg</path>
	<source>
		<database>roboflow.ai</database>
	</source>
	<size>
		<width>416</width>
		<height>416</height>
		<depth>3</depth>
	</size>
	<segmented>0</segmented>
	<object>
		<name>Cigarette</name>
		<pose>Unspecified</pose>
		<truncated>0</truncated>
		<difficult>0</difficult>
		<occluded>0</occluded>
		<bndbox>
			<xmin>91</xmin>
			<xmax>104</xmax>
			<ymin>45</ymin>
			<ymax>58</ymax>
		</bndbox>
		<polygon>
			<x1>96.69281</x1>
			<y1>44.22549</y1>
			<x2>91.934641</x2>
			<y2>44.607843</y2>
			<x3>90.065359</x3>
			<y3>45.754902</y3>
			<x4>98.222222</x4>
			<y4>57.352941</y4>
			<x5>101.281046</x5>
			<y5>57.098039</y5>
			<x6>103.320261</x6>
			<y6>55.568627</y6>
			<x7>96.69281</x7>
			<y7>44.22549</y7>
		</polygon>
	</object>
	<object>
		<name>Disposable food container</name>
		<pose>Unspecified</pose>
		<truncated>0</truncated>
		<difficult>0</difficult>
		<occluded>0</occluded>
		<bndbox>
			<xmin>189</xmin>
			<xmax>277</xmax>
			<ymin>198</ymin>
			<ymax>273</ymax>
		</bndbox>
		<polygon>
			<x1>199.843137</x1>
			<y1>264.460784</y1>
			<x2>207.660131</x2>
			<y2>268.539216</y2>
			<x3>220.405229</x3>
			<y3>271.470588</y3>
			<x4>237.398693</x4>
			<y4>271.088235</y4>
			<x5>244.026144</x5>
			<y5>271.598039</y5>
			<x6>250.653595</x6>
			<y6>269.303922</y6>
			<x7>255.24183</x7>
			<y7>265.735294</y7>
			<x8>257.45098</x8>
			<y8>256.558824</y8>
			<x9>265.607843</x9>
			<y9>245.215686</y9>
			<x10>268.326797</x10>
			<y10>241.647059</y10>
			<x11>271.895425</x11>
			<y11>233.362745</y11>
			<x12>275.633987</x12>
			<y12>225.205882</y12>
			<x13>273.084967</x13>
			<y13>218.960784</y13>
			<x14>256.771242</x14>
			<y14>214.627451</y14>
			<x15>245.895425</x15>
			<y15>209.147059</y15>
			<x16>233.490196</x16>
			<y16>206.088235</y16>
			<x17>212.588235</x17>
			<y17>198.568627</y17>
			<x18>207.830065</x18>
			<y18>197.421569</y18>
			<x19>205.281046</x19>
			<y19>201.882353</y19>
			<x20>199.673203</x20>
			<y20>207.362745</y20>
			<x21>191.346405</x21>
			<y21>230.176471</y21>
			<x22>188.457516</x22>
			<y22>240.754902</y22>
			<x23>188.287582</x23>
			<y23>249.294118</y23>
			<x24>193.72549</x24>
			<y24>259.617647</y24>
			<x25>199.843137</x25>
			<y25>264.460784</y25>
		</polygon>
	</object>
	<object>
		<name>Cigarette</name>
		<pose>Unspecified</pose>
		<truncated>0</truncated>
		<difficult>0</difficult>
		<occluded>0</occluded>
		<bndbox>
			<xmin>100</xmin>
			<xmax>117</xmax>
			<ymin>412</ymin>
			<ymax>416</ymax>
		</bndbox>
		<polygon>
			<x1>100.091503</x1>
			<y1>411.029412</y1>
			<x2>98.901961</x2>
			<y2>415.490196</y2>
			<x3>114.705882</x3>
			<y3>415.235294</y3>
			<x4>116.405229</x4>
			<y4>410.519608</y4>
			<x5>100.091503</x5>
			<y5>411.029412</y5>
		</polygon>
	</object>
</annotation>
