<annotation>
	<folder></folder>
	<filename>000076_jpg.rf.4b19c81bdb5e2a2767bba39e7eed2645.jpg</filename>
	<path>000076_jpg.rf.4b19c81bdb5e2a2767bba39e7eed2645.jpg</path>
	<source>
		<database>roboflow.ai</database>
	</source>
	<size>
		<width>416</width>
		<height>416</height>
		<depth>3</depth>
	</size>
	<segmented>0</segmented>
	<object>
		<name>Drink can</name>
		<pose>Unspecified</pose>
		<truncated>0</truncated>
		<difficult>0</difficult>
		<occluded>0</occluded>
		<bndbox>
			<xmin>175</xmin>
			<xmax>316</xmax>
			<ymin>137</ymin>
			<ymax>241</ymax>
		</bndbox>
		<polygon>
			<x1>180.7</x1>
			<y1>219.6</y1>
			<x2>186.4</x2>
			<y2>231.6</y2>
			<x3>193</x3>
			<y3>232.533333</y3>
			<x4>246.3</x4>
			<y4>236.4</y4>
			<x5>294.5</x5>
			<y5>240</y5>
			<x6>297.6</x6>
			<y6>230.933333</y6>
			<x7>298.3</x7>
			<y7>215.466667</y7>
			<x8>309.3</x8>
			<y8>201.466667</y8>
			<x9>312.2</x9>
			<y9>204</y9>
			<x10>314.7</x10>
			<y10>202.933333</y10>
			<x11>314.8</x11>
			<y11>143.6</y11>
			<x12>310</x12>
			<y12>146.666667</y12>
			<x13>293.2</x13>
			<y13>135.866667</y13>
			<x14>213.7</x14>
			<y14>137.733333</y14>
			<x15>203</x15>
			<y15>138.533333</y15>
			<x16>184.7</x16>
			<y16>144.4</y16>
			<x17>180.3</x17>
			<y17>155.6</y17>
			<x18>178</x18>
			<y18>159.066667</y18>
			<x19>175.5</x19>
			<y19>165.466667</y19>
			<x20>175</x20>
			<y20>173.466667</y20>
			<x21>173.7</x21>
			<y21>186.8</y21>
			<x22>174.7</x22>
			<y22>202.933333</y22>
			<x23>178.6</x23>
			<y23>216.933333</y23>
			<x24>180.7</x24>
			<y24>219.6</y24>
		</polygon>
	</object>
</annotation>
