<annotation>
	<folder></folder>
	<filename>000097_jpg.rf.4cee885bb7e77c1a5dee68efefb5ccb2.jpg</filename>
	<path>000097_jpg.rf.4cee885bb7e77c1a5dee68efefb5ccb2.jpg</path>
	<source>
		<database>roboflow.ai</database>
	</source>
	<size>
		<width>416</width>
		<height>416</height>
		<depth>3</depth>
	</size>
	<segmented>0</segmented>
	<object>
		<name>Clear plastic bottle</name>
		<pose>Unspecified</pose>
		<truncated>0</truncated>
		<difficult>0</difficult>
		<occluded>0</occluded>
		<bndbox>
			<xmin>183</xmin>
			<xmax>274</xmax>
			<ymin>263</ymin>
			<ymax>279</ymax>
		</bndbox>
		<polygon>
			<x1>250.877193</x1>
			<y1>273.728</y1>
			<x2>259.087719</x2>
			<y2>272.064</y2>
			<x3>264.333333</x3>
			<y3>270.088</y3>
			<x4>272.54386</x4>
			<y4>269.464</y4>
			<x5>272.77193</x5>
			<y5>266.032</y5>
			<x6>270.947368</x6>
			<y6>263.224</y6>
			<x7>263.877193</x7>
			<y7>263.64</y7>
			<x8>253.385965</x8>
			<y8>262.08</y8>
			<x9>244.719298</x9>
			<y9>262.392</y9>
			<x10>225.789474</x10>
			<y10>262.912</y10>
			<x11>221.22807</x11>
			<y11>264.472</y11>
			<x12>216.438596</x12>
			<y12>264.16</y12>
			<x13>182.45614</x13>
			<y13>266.448</y13>
			<x14>184.736842</x14>
			<y14>276.848</y14>
			<x15>187.017544</x15>
			<y15>277.784</y15>
			<x16>220.54386</x16>
			<y16>275.704</y16>
			<x17>223.736842</x17>
			<y17>273.936</y17>
			<x18>228.982456</x18>
			<y18>274.768</y18>
			<x19>250.877193</x19>
			<y19>273.728</y19>
		</polygon>
	</object>
	<object>
		<name>Plastic bottle cap</name>
		<pose>Unspecified</pose>
		<truncated>0</truncated>
		<difficult>0</difficult>
		<occluded>0</occluded>
		<bndbox>
			<xmin>269</xmin>
			<xmax>274</xmax>
			<ymin>264</ymin>
			<ymax>271</ymax>
		</bndbox>
		<polygon>
			<x1>272.77193</x1>
			<y1>266.448</y1>
			<x2>272.087719</x2>
			<y2>264.472</y2>
			<x3>271.403509</x3>
			<y3>263.328</y3>
			<x4>268.210526</x4>
			<y4>263.536</y4>
			<x5>269.350877</x5>
			<y5>265.72</y5>
			<x6>269.807018</x6>
			<y6>269.464</y6>
			<x7>272.54386</x7>
			<y7>269.672</y7>
			<x8>272.77193</x8>
			<y8>266.448</y8>
		</polygon>
	</object>
</annotation>
