<annotation>
	<folder></folder>
	<filename>000075_JPG.rf.09b8ed4d1965b58945a12617b3494355.jpg</filename>
	<path>000075_JPG.rf.09b8ed4d1965b58945a12617b3494355.jpg</path>
	<source>
		<database>roboflow.ai</database>
	</source>
	<size>
		<width>416</width>
		<height>416</height>
		<depth>3</depth>
	</size>
	<segmented>0</segmented>
	<object>
		<name>Corrugated carton</name>
		<pose>Unspecified</pose>
		<truncated>0</truncated>
		<difficult>0</difficult>
		<occluded>0</occluded>
		<bndbox>
			<xmin>85</xmin>
			<xmax>207</xmax>
			<ymin>205</ymin>
			<ymax>337</ymax>
		</bndbox>
		<polygon>
			<x1>93.124183</x1>
			<y1>277.460784</y1>
			<x2>88.535948</x2>
			<y2>295.303922</y2>
			<x3>84.287582</x3>
			<y3>302.058824</y3>
			<x4>87.006536</x4>
			<y4>306.264706</y4>
			<x5>88.875817</x5>
			<y5>312.254902</y5>
			<x6>93.973856</x6>
			<y6>328.568627</y6>
			<x7>98.562092</x7>
			<y7>329.843137</y7>
			<x8>170.954248</x8>
			<y8>336.088235</y8>
			<x9>192.196078</x9>
			<y9>313.019608</y9>
			<x10>206.130719</x10>
			<y10>220.107843</y10>
			<x11>204.261438</x11>
			<y11>215.77451</y11>
			<x12>120.993464</x12>
			<y12>204.303922</y12>
			<x13>118.444444</x13>
			<y13>203.921569</y13>
			<x14>115.045752</x14>
			<y14>206.343137</y14>
			<x15>107.908497</x15>
			<y15>222.019608</y15>
			<x16>104</x16>
			<y16>238.078431</y16>
			<x17>96.862745</x17>
			<y17>260.892157</y17>
			<x18>93.124183</x18>
			<y18>277.460784</y18>
		</polygon>
	</object>
</annotation>
