<annotation>
	<folder></folder>
	<filename>000077_jpg.rf.7f4a8e7bd316b979f43278ed6673a0fa.jpg</filename>
	<path>000077_jpg.rf.7f4a8e7bd316b979f43278ed6673a0fa.jpg</path>
	<source>
		<database>roboflow.ai</database>
	</source>
	<size>
		<width>416</width>
		<height>416</height>
		<depth>3</depth>
	</size>
	<segmented>0</segmented>
	<object>
		<name>Plastic bottle cap</name>
		<pose>Unspecified</pose>
		<truncated>0</truncated>
		<difficult>0</difficult>
		<occluded>0</occluded>
		<bndbox>
			<xmin>167</xmin>
			<xmax>174</xmax>
			<ymin>321</ymin>
			<ymax>335</ymax>
		</bndbox>
		<polygon>
			<x1>172.224</x1>
			<y1>329.561404</y1>
			<x2>172.848</x2>
			<y2>324.315789</y2>
			<x3>171.392</x3>
			<y3>321.122807</y3>
			<x4>167.752</x4>
			<y4>319.982456</y4>
			<x5>166.296</x5>
			<y5>322.947368</y5>
			<x6>165.776</x6>
			<y6>326.368421</y6>
			<x7>167.336</x7>
			<y7>330.929825</y7>
			<x8>169.416</x8>
			<y8>331.614035</y8>
			<x9>170.768</x9>
			<y9>333.894737</y9>
			<x10>172.64</x10>
			<y10>332.298246</y10>
			<x11>172.224</x11>
			<y11>329.561404</y11>
		</polygon>
	</object>
</annotation>
