<annotation>
	<folder></folder>
	<filename>000096_jpg.rf.7a4a9a03ad85c0342e19b7209a034dab.jpg</filename>
	<path>000096_jpg.rf.7a4a9a03ad85c0342e19b7209a034dab.jpg</path>
	<source>
		<database>roboflow.ai</database>
	</source>
	<size>
		<width>416</width>
		<height>416</height>
		<depth>3</depth>
	</size>
	<segmented>0</segmented>
	<object>
		<name>Disposable plastic cup</name>
		<pose>Unspecified</pose>
		<truncated>0</truncated>
		<difficult>0</difficult>
		<occluded>0</occluded>
		<bndbox>
			<xmin>151</xmin>
			<xmax>184</xmax>
			<ymin>167</ymin>
			<ymax>187</ymax>
		</bndbox>
		<polygon>
			<x1>169.589333</x1>
			<y1>181.584</y1>
			<x2>171.946667</x2>
			<y2>182.52</y2>
			<x3>174.304</x3>
			<y3>178.88</y3>
			<x4>178.602667</x4>
			<y4>174.72</y4>
			<x5>180.96</x5>
			<y5>172.432</y5>
			<x6>182.624</x6>
			<y6>167.648</y6>
			<x7>177.354667</x7>
			<y7>167.336</y7>
			<x8>173.749333</x8>
			<y8>166.4</y8>
			<x9>170.837333</x9>
			<y9>166.504</y9>
			<x10>155.168</x10>
			<y10>169.624</y10>
			<x11>150.314667</x11>
			<y11>173.68</y11>
			<x12>153.365333</x12>
			<y12>180.336</y12>
			<x13>155.029333</x13>
			<y13>186.16</y13>
			<x14>157.525333</x14>
			<y14>185.744</y14>
			<x15>163.626667</x15>
			<y15>182.312</y15>
			<x16>169.589333</x16>
			<y16>181.584</y16>
		</polygon>
	</object>
	<object>
		<name>Cigarette</name>
		<pose>Unspecified</pose>
		<truncated>0</truncated>
		<difficult>0</difficult>
		<occluded>0</occluded>
		<bndbox>
			<xmin>189</xmin>
			<xmax>198</xmax>
			<ymin>174</ymin>
			<ymax>177</ymax>
		</bndbox>
		<polygon>
			<x1>196.906667</x1>
			<y1>173.992</y1>
			<x2>188.309333</x2>
			<y2>172.952</y2>
			<x3>187.893333</x3>
			<y3>174.512</y3>
			<x4>196.768</x4>
			<y4>175.76</y4>
			<x5>196.906667</x5>
			<y5>173.992</y5>
		</polygon>
	</object>
	<object>
		<name>Broken glass</name>
		<pose>Unspecified</pose>
		<truncated>0</truncated>
		<difficult>0</difficult>
		<occluded>0</occluded>
		<bndbox>
			<xmin>268</xmin>
			<xmax>277</xmax>
			<ymin>409</ymin>
			<ymax>416</ymax>
		</bndbox>
		<polygon>
			<x1>266.933333</x1>
			<y1>410.176</y1>
			<x2>273.312</x2>
			<y2>414.96</y2>
			<x3>275.946667</x3>
			<y3>410.8</y3>
			<x4>274.698667</x4>
			<y4>408.2</y4>
			<x5>266.933333</x5>
			<y5>410.176</y5>
		</polygon>
	</object>
	<object>
		<name>Cigarette</name>
		<pose>Unspecified</pose>
		<truncated>0</truncated>
		<difficult>0</difficult>
		<occluded>0</occluded>
		<bndbox>
			<xmin>310</xmin>
			<xmax>318</xmax>
			<ymin>255</ymin>
			<ymax>258</ymax>
		</bndbox>
		<polygon>
			<x1>317.269333</x1>
			<y1>255.528</y1>
			<x2>309.365333</x2>
			<y2>253.552</y2>
			<x3>309.365333</x3>
			<y3>255.424</y3>
			<x4>317.408</x4>
			<y4>257.192</y4>
			<x5>317.269333</x5>
			<y5>255.528</y5>
		</polygon>
	</object>
	<object>
		<name>Unlabeled litter</name>
		<pose>Unspecified</pose>
		<truncated>0</truncated>
		<difficult>0</difficult>
		<occluded>0</occluded>
		<bndbox>
			<xmin>53</xmin>
			<xmax>77</xmax>
			<ymin>132</ymin>
			<ymax>143</ymax>
		</bndbox>
		<polygon>
			<x1>52.277333</x1>
			<y1>141.024</y1>
			<x2>53.248</x2>
			<y2>142.168</y2>
			<x3>66.837333</x3>
			<y3>136.032</y3>
			<x4>76.405333</x4>
			<y4>131.144</y4>
			<x5>74.602667</x5>
			<y5>130.832</y5>
			<x6>52.277333</x6>
			<y6>141.024</y6>
		</polygon>
	</object>
	<object>
		<name>Unlabeled litter</name>
		<pose>Unspecified</pose>
		<truncated>0</truncated>
		<difficult>0</difficult>
		<occluded>0</occluded>
		<bndbox>
			<xmin>120</xmin>
			<xmax>132</xmax>
			<ymin>168</ymin>
			<ymax>175</ymax>
		</bndbox>
		<polygon>
			<x1>130.624</x1>
			<y1>170.456</y1>
			<x2>127.157333</x2>
			<y2>166.816</y2>
			<x3>122.72</x3>
			<y3>167.232</y3>
			<x4>119.114667</x4>
			<y4>169</y4>
			<x5>119.669333</x5>
			<y5>171.6</y5>
			<x6>123.968</x6>
			<y6>173.68</y6>
			<x7>127.850667</x7>
			<y7>173.264</y7>
			<x8>129.792</x8>
			<y8>171.704</y8>
			<x9>130.624</x9>
			<y9>170.456</y9>
		</polygon>
	</object>
</annotation>
