<annotation>
	<folder></folder>
	<filename>000080_jpg.rf.3bf0c5f433a386c696f572ecd1d22d1c.jpg</filename>
	<path>000080_jpg.rf.3bf0c5f433a386c696f572ecd1d22d1c.jpg</path>
	<source>
		<database>roboflow.ai</database>
	</source>
	<size>
		<width>416</width>
		<height>416</height>
		<depth>3</depth>
	</size>
	<segmented>0</segmented>
	<object>
		<name>Plastic straw</name>
		<pose>Unspecified</pose>
		<truncated>0</truncated>
		<difficult>0</difficult>
		<occluded>0</occluded>
		<bndbox>
			<xmin>160</xmin>
			<xmax>237</xmax>
			<ymin>133</ymin>
			<ymax>268</ymax>
		</bndbox>
		<polygon>
			<x1>158.708333</x1>
			<y1>134.0625</y1>
			<x2>229.666667</x2>
			<y2>266.90625</y2>
			<x3>235.625</x3>
			<y3>265.890625</y3>
			<x4>164.125</x4>
			<y4>132.4375</y4>
			<x5>158.708333</x5>
			<y5>134.0625</y5>
		</polygon>
	</object>
	<object>
		<name>Plastic straw</name>
		<pose>Unspecified</pose>
		<truncated>0</truncated>
		<difficult>0</difficult>
		<occluded>0</occluded>
		<bndbox>
			<xmin>208</xmin>
			<xmax>273</xmax>
			<ymin>191</ymin>
			<ymax>326</ymax>
		</bndbox>
		<polygon>
			<x1>215.041667</x1>
			<y1>316.671875</y1>
			<x2>271.916667</x2>
			<y2>191.34375</y2>
			<x3>265.6875</x3>
			<y3>190.328125</y3>
			<x4>206.916667</x4>
			<y4>324.796875</y4>
			<x5>211.520833</x5>
			<y5>321.34375</y5>
			<x6>215.041667</x6>
			<y6>316.671875</y6>
		</polygon>
	</object>
	<object>
		<name>Cigarette</name>
		<pose>Unspecified</pose>
		<truncated>0</truncated>
		<difficult>0</difficult>
		<occluded>0</occluded>
		<bndbox>
			<xmin>26</xmin>
			<xmax>42</xmax>
			<ymin>207</ymin>
			<ymax>237</ymax>
		</bndbox>
		<polygon>
			<x1>30.288194</x1>
			<y1>218.5625</y1>
			<x2>30.513889</x2>
			<y2>218.765625</y2>
			<x3>30.513889</x3>
			<y3>219.578125</y3>
			<x4>30.965278</x4>
			<y4>219.984375</y4>
			<x5>30.739583</x5>
			<y5>220.59375</y5>
			<x6>31.416667</x6>
			<y6>221.203125</y6>
			<x7>30.965278</x7>
			<y7>221.609375</y7>
			<x8>33.673611</x8>
			<y8>233.796875</y8>
			<x9>34.395833</x9>
			<y9>233.796875</y9>
			<x10>33.899306</x10>
			<y10>234.8125</y10>
			<x11>34.125</x11>
			<y11>235.828125</y11>
			<x12>41.166667</x12>
			<y12>235.015625</y12>
			<x13>40.702381</x13>
			<y13>228.573661</y13>
			<x14>39.758333</x14>
			<y14>228.3125</y14>
			<x15>40.625</x15>
			<y15>227.5</y15>
			<x16>38.458333</x16>
			<y16>221.203125</y16>
			<x17>39.270833</x17>
			<y17>217.546875</y17>
			<x18>38.1875</x18>
			<y18>206.578125</y18>
			<x19>27.865741</x19>
			<y19>206.420139</y19>
			<x20>24.916667</x20>
			<y20>206.375</y20>
			<x21>26</x21>
			<y21>214.703125</y21>
			<x22>30.0625</x22>
			<y22>217.546875</y22>
			<x23>30.288194</x23>
			<y23>218.5625</y23>
		</polygon>
	</object>
</annotation>
