<annotation>
	<folder></folder>
	<filename>000083_jpg.rf.5f8ac0431ef344f3645996a00e2744d9.jpg</filename>
	<path>000083_jpg.rf.5f8ac0431ef344f3645996a00e2744d9.jpg</path>
	<source>
		<database>roboflow.ai</database>
	</source>
	<size>
		<width>416</width>
		<height>416</height>
		<depth>3</depth>
	</size>
	<segmented>0</segmented>
	<object>
		<name>Meal carton</name>
		<pose>Unspecified</pose>
		<truncated>0</truncated>
		<difficult>0</difficult>
		<occluded>0</occluded>
		<bndbox>
			<xmin>232</xmin>
			<xmax>277</xmax>
			<ymin>208</ymin>
			<ymax>221</ymax>
		</bndbox>
		<polygon>
			<x1>272.54386</x1>
			<y1>218.088</y1>
			<x2>242.894737</x2>
			<y2>208.312</y2>
			<x3>236.736842</x3>
			<y3>207.272</y3>
			<x4>232.175439</x4>
			<y4>208</y4>
			<x5>230.578947</x5>
			<y5>209.456</y5>
			<x6>260.684211</x6>
			<y6>217.672</y6>
			<x7>269.122807</x7>
			<y7>220.168</y7>
			<x8>275.964912</x8>
			<y8>219.96</y8>
			<x9>272.54386</x9>
			<y9>218.088</y9>
		</polygon>
	</object>
	<object>
		<name>Cigarette</name>
		<pose>Unspecified</pose>
		<truncated>0</truncated>
		<difficult>0</difficult>
		<occluded>0</occluded>
		<bndbox>
			<xmin>63</xmin>
			<xmax>72</xmax>
			<ymin>216</ymin>
			<ymax>218</ymax>
		</bndbox>
		<polygon>
			<x1>62.263158</x1>
			<y1>214.552</y1>
			<x2>61.807018</x2>
			<y2>216.112</y2>
			<x3>69.333333</x3>
			<y3>216.528</y3>
			<x4>71.385965</x4>
			<y4>215.384</y4>
			<x5>62.263158</x5>
			<y5>214.552</y5>
		</polygon>
	</object>
	<object>
		<name>Cigarette</name>
		<pose>Unspecified</pose>
		<truncated>0</truncated>
		<difficult>0</difficult>
		<occluded>0</occluded>
		<bndbox>
			<xmin>104</xmin>
			<xmax>112</xmax>
			<ymin>223</ymin>
			<ymax>226</ymax>
		</bndbox>
		<polygon>
			<x1>105.596491</x1>
			<y1>221.832</y1>
			<x2>103.087719</x2>
			<y2>222.768</y2>
			<x3>108.333333</x3>
			<y3>224.536</y3>
			<x4>111.298246</x4>
			<y4>223.496</y4>
			<x5>105.596491</x5>
			<y5>221.832</y5>
		</polygon>
	</object>
	<object>
		<name>Cigarette</name>
		<pose>Unspecified</pose>
		<truncated>0</truncated>
		<difficult>0</difficult>
		<occluded>0</occluded>
		<bndbox>
			<xmin>375</xmin>
			<xmax>387</xmax>
			<ymin>283</ymin>
			<ymax>286</ymax>
		</bndbox>
		<polygon>
			<x1>386.350877</x1>
			<y1>284.232</y1>
			<x2>375.859649</x2>
			<y2>282.152</y2>
			<x3>374.263158</x3>
			<y3>284.024</y3>
			<x4>379.280702</x4>
			<y4>284.336</y4>
			<x5>384.526316</x5>
			<y5>285.168</y5>
			<x6>386.350877</x6>
			<y6>284.232</y6>
		</polygon>
	</object>
	<object>
		<name>Cigarette</name>
		<pose>Unspecified</pose>
		<truncated>0</truncated>
		<difficult>0</difficult>
		<occluded>0</occluded>
		<bndbox>
			<xmin>79</xmin>
			<xmax>87</xmax>
			<ymin>216</ymin>
			<ymax>218</ymax>
		</bndbox>
		<polygon>
			<x1>77.77193</x1>
			<y1>217.152</y1>
			<x2>85.526316</x2>
			<y2>216.736</y2>
			<x3>84.157895</x3>
			<y3>215.28</y3>
			<x4>78.912281</x4>
			<y4>215.592</y4>
			<x5>77.77193</x5>
			<y5>217.152</y5>
		</polygon>
	</object>
</annotation>
