<annotation>
	<folder></folder>
	<filename>000058_jpg.rf.c3ffff3aab1bc5b5f357da4d3d26817f.jpg</filename>
	<path>000058_jpg.rf.c3ffff3aab1bc5b5f357da4d3d26817f.jpg</path>
	<source>
		<database>roboflow.ai</database>
	</source>
	<size>
		<width>416</width>
		<height>416</height>
		<depth>3</depth>
	</size>
	<segmented>0</segmented>
	<object>
		<name>Other plastic wrapper</name>
		<pose>Unspecified</pose>
		<truncated>0</truncated>
		<difficult>0</difficult>
		<occluded>0</occluded>
		<bndbox>
			<xmin>190</xmin>
			<xmax>248</xmax>
			<ymin>182</ymin>
			<ymax>223</ymax>
		</bndbox>
		<polygon>
			<x1>237.12</x1>
			<y1>214.76</y1>
			<x2>246.826667</x2>
			<y2>207.48</y2>
			<x3>246.826667</x3>
			<y3>203.84</y3>
			<x4>231.573333</x4>
			<y4>195.78</y4>
			<x5>208</x5>
			<y5>180.7</y5>
			<x6>202.453333</x6>
			<y6>186.42</y6>
			<x7>188.586667</x7>
			<y7>196.3</y7>
			<x8>201.066667</x8>
			<y8>206.44</y8>
			<x9>214.24</x9>
			<y9>215.02</y9>
			<x10>228.8</x10>
			<y10>221.78</y10>
			<x11>237.12</x11>
			<y11>214.76</y11>
		</polygon>
	</object>
	<object>
		<name>Cigarette</name>
		<pose>Unspecified</pose>
		<truncated>0</truncated>
		<difficult>0</difficult>
		<occluded>0</occluded>
		<bndbox>
			<xmin>208</xmin>
			<xmax>218</xmax>
			<ymin>243</ymin>
			<ymax>249</ymax>
		</bndbox>
		<polygon>
			<x1>216.32</x1>
			<y1>242.06</y1>
			<x2>206.96</x2>
			<y2>244.66</y2>
			<x3>208</x3>
			<y3>247.52</y3>
			<x4>216.666667</x4>
			<y4>244.66</y4>
			<x5>216.32</x5>
			<y5>242.06</y5>
		</polygon>
	</object>
</annotation>
