<annotation>
	<folder></folder>
	<filename>000084_jpg.rf.0e44648201849ed013fc41f4c8be7bc0.jpg</filename>
	<path>000084_jpg.rf.0e44648201849ed013fc41f4c8be7bc0.jpg</path>
	<source>
		<database>roboflow.ai</database>
	</source>
	<size>
		<width>416</width>
		<height>416</height>
		<depth>3</depth>
	</size>
	<segmented>0</segmented>
	<object>
		<name>Metal bottle cap</name>
		<pose>Unspecified</pose>
		<truncated>0</truncated>
		<difficult>0</difficult>
		<occluded>0</occluded>
		<bndbox>
			<xmin>42</xmin>
			<xmax>84</xmax>
			<ymin>303</ymin>
			<ymax>358</ymax>
		</bndbox>
		<polygon>
			<x1>41.3</x1>
			<y1>323.333333</y1>
			<x2>41.2</x2>
			<y2>332.666667</y2>
			<x3>42.9</x3>
			<y3>342.4</y3>
			<x4>47.5</x4>
			<y4>350.4</y4>
			<x5>53.9</x5>
			<y5>355.2</y5>
			<x6>60</x6>
			<y6>356.8</y6>
			<x7>66.1</x7>
			<y7>355.733333</y7>
			<x8>72</x8>
			<y8>352.133333</y8>
			<x9>76.9</x9>
			<y9>347.066667</y9>
			<x10>80.2</x10>
			<y10>341.6</y10>
			<x11>82.1</x11>
			<y11>334.266667</y11>
			<x12>82.6</x12>
			<y12>326.533333</y12>
			<x13>81.1</x13>
			<y13>318.266667</y13>
			<x14>77.9</x14>
			<y14>311.866667</y14>
			<x15>73.3</x15>
			<y15>306.266667</y15>
			<x16>66.3</x16>
			<y16>302.933333</y16>
			<x17>58.7</x17>
			<y17>302.133333</y17>
			<x18>52.1</x18>
			<y18>303.466667</y18>
			<x19>47.4</x19>
			<y19>306.266667</y19>
			<x20>43.9</x20>
			<y20>309.6</y20>
			<x21>41.5</x21>
			<y21>316.266667</y21>
			<x22>41.3</x22>
			<y22>323.333333</y22>
		</polygon>
	</object>
	<object>
		<name>Metal bottle cap</name>
		<pose>Unspecified</pose>
		<truncated>0</truncated>
		<difficult>0</difficult>
		<occluded>0</occluded>
		<bndbox>
			<xmin>95</xmin>
			<xmax>136</xmax>
			<ymin>234</ymin>
			<ymax>290</ymax>
		</bndbox>
		<polygon>
			<x1>97.9</x1>
			<y1>279.466667</y1>
			<x2>103.5</x2>
			<y2>285.866667</y2>
			<x3>109.4</x3>
			<y3>289.066667</y3>
			<x4>116.2</x4>
			<y4>289.466667</y4>
			<x5>121.5</x5>
			<y5>288.8</y5>
			<x6>128.2</x6>
			<y6>284.666667</y6>
			<x7>132.3</x7>
			<y7>278.933333</y7>
			<x8>134.3</x8>
			<y8>270.666667</y8>
			<x9>135.4</x9>
			<y9>263.2</y9>
			<x10>134.8</x10>
			<y10>255.2</y10>
			<x11>133.2</x11>
			<y11>249.333333</y11>
			<x12>130.2</x12>
			<y12>243.066667</y12>
			<x13>127.5</x13>
			<y13>238.8</y13>
			<x14>122.5</x14>
			<y14>235.333333</y14>
			<x15>116.8</x15>
			<y15>232.933333</y15>
			<x16>110.9</x16>
			<y16>234.133333</y16>
			<x17>104.9</x17>
			<y17>236.8</y17>
			<x18>99.9</x18>
			<y18>241.466667</y18>
			<x19>96.2</x19>
			<y19>247.066667</y19>
			<x20>94.2</x20>
			<y20>254.266667</y20>
			<x21>93.7</x21>
			<y21>264.8</y21>
			<x22>94.9</x22>
			<y22>271.733333</y22>
			<x23>97.9</x23>
			<y23>279.466667</y23>
		</polygon>
	</object>
	<object>
		<name>Metal bottle cap</name>
		<pose>Unspecified</pose>
		<truncated>0</truncated>
		<difficult>0</difficult>
		<occluded>0</occluded>
		<bndbox>
			<xmin>132</xmin>
			<xmax>175</xmax>
			<ymin>197</ymin>
			<ymax>254</ymax>
		</bndbox>
		<polygon>
			<x1>131.7</x1>
			<y1>227.733333</y1>
			<x2>133.5</x2>
			<y2>238.4</y2>
			<x3>137</x3>
			<y3>245.066667</y3>
			<x4>141.4</x4>
			<y4>251.333333</y4>
			<x5>147.6</x5>
			<y5>252.4</y5>
			<x6>153.4</x6>
			<y6>252.666667</y6>
			<x7>158.6</x7>
			<y7>250.8</y7>
			<x8>164.6</x8>
			<y8>248.133333</y8>
			<x9>169.8</x9>
			<y9>242</y9>
			<x10>173</x10>
			<y10>232.266667</y10>
			<x11>173.6</x11>
			<y11>224.133333</y11>
			<x12>172.6</x12>
			<y12>216.133333</y12>
			<x13>170.4</x13>
			<y13>208.533333</y13>
			<x14>166.2</x14>
			<y14>202.533333</y14>
			<x15>160.8</x15>
			<y15>198.266667</y15>
			<x16>154.9</x16>
			<y16>196</y16>
			<x17>151.7</x17>
			<y17>197.333333</y17>
			<x18>148.2</x18>
			<y18>197.066667</y18>
			<x19>145.3</x19>
			<y19>199.333333</y19>
			<x20>142.5</x20>
			<y20>199.466667</y20>
			<x21>136.6</x21>
			<y21>205.466667</y21>
			<x22>133.8</x22>
			<y22>210.666667</y22>
			<x23>131.4</x23>
			<y23>219.466667</y23>
			<x24>131.7</x24>
			<y24>227.733333</y24>
		</polygon>
	</object>
	<object>
		<name>Metal bottle cap</name>
		<pose>Unspecified</pose>
		<truncated>0</truncated>
		<difficult>0</difficult>
		<occluded>0</occluded>
		<bndbox>
			<xmin>188</xmin>
			<xmax>232</xmax>
			<ymin>141</ymin>
			<ymax>196</ymax>
		</bndbox>
		<polygon>
			<x1>187.4</x1>
			<y1>172.533333</y1>
			<x2>191.4</x2>
			<y2>181.866667</y2>
			<x3>196.3</x3>
			<y3>187.866667</y3>
			<x4>202.2</x4>
			<y4>193.733333</y4>
			<x5>210.3</x5>
			<y5>194.8</y5>
			<x6>217</x6>
			<y6>192.266667</y6>
			<x7>222.5</x7>
			<y7>187.866667</y7>
			<x8>226.6</x8>
			<y8>179.466667</y8>
			<x9>229.3</x9>
			<y9>172.133333</y9>
			<x10>230.8</x10>
			<y10>163.733333</y10>
			<x11>229.1</x11>
			<y11>155.466667</y11>
			<x12>226.9</x12>
			<y12>153.066667</y12>
			<x13>225.7</x13>
			<y13>148.666667</y13>
			<x14>220.9</x14>
			<y14>144.266667</y14>
			<x15>213.1</x15>
			<y15>140.666667</y15>
			<x16>206.4</x16>
			<y16>140.133333</y16>
			<x17>196.5</x17>
			<y17>145.333333</y17>
			<x18>189.6</x18>
			<y18>154.266667</y18>
			<x19>187.3</x19>
			<y19>164.533333</y19>
			<x20>187.4</x20>
			<y20>172.533333</y20>
		</polygon>
	</object>
	<object>
		<name>Metal bottle cap</name>
		<pose>Unspecified</pose>
		<truncated>0</truncated>
		<difficult>0</difficult>
		<occluded>0</occluded>
		<bndbox>
			<xmin>217</xmin>
			<xmax>259</xmax>
			<ymin>191</ymin>
			<ymax>246</ymax>
		</bndbox>
		<polygon>
			<x1>216.1</x1>
			<y1>214.8</y1>
			<x2>216.6</x2>
			<y2>224.8</y2>
			<x3>218.4</x3>
			<y3>230.8</y3>
			<x4>222.3</x4>
			<y4>237.866667</y4>
			<x5>227.8</x5>
			<y5>242.533333</y5>
			<x6>235</x6>
			<y6>244.933333</y6>
			<x7>241.5</x7>
			<y7>244.533333</y7>
			<x8>247.8</x8>
			<y8>240.133333</y8>
			<x9>253</x9>
			<y9>232.133333</y9>
			<x10>255.3</x10>
			<y10>225.6</y10>
			<x11>258.4</x11>
			<y11>219.466667</y11>
			<x12>258.3</x12>
			<y12>210.933333</y12>
			<x13>255.9</x13>
			<y13>204.266667</y13>
			<x14>252.6</x14>
			<y14>199.866667</y14>
			<x15>247</x15>
			<y15>193.066667</y15>
			<x16>240.7</x16>
			<y16>190.266667</y16>
			<x17>233.8</x17>
			<y17>190.133333</y17>
			<x18>227</x18>
			<y18>192.4</y18>
			<x19>222.2</x19>
			<y19>196.666667</y19>
			<x20>220</x20>
			<y20>199.866667</y20>
			<x21>217</x21>
			<y21>207.6</y21>
			<x22>216.1</x22>
			<y22>214.8</y22>
		</polygon>
	</object>
	<object>
		<name>Metal bottle cap</name>
		<pose>Unspecified</pose>
		<truncated>0</truncated>
		<difficult>0</difficult>
		<occluded>0</occluded>
		<bndbox>
			<xmin>251</xmin>
			<xmax>293</xmax>
			<ymin>147</ymin>
			<ymax>205</ymax>
		</bndbox>
		<polygon>
			<x1>252.8</x1>
			<y1>158.8</y1>
			<x2>249.5</x2>
			<y2>166.8</y2>
			<x3>249.6</x3>
			<y3>175.333333</y3>
			<x4>249.7</x4>
			<y4>183.333333</y4>
			<x5>252.1</x5>
			<y5>190.8</y5>
			<x6>257.3</x6>
			<y6>198.533333</y6>
			<x7>262.7</x7>
			<y7>203.2</y7>
			<x8>269.6</x8>
			<y8>204.266667</y8>
			<x9>275.6</x9>
			<y9>203.066667</y9>
			<x10>280.4</x10>
			<y10>202</y10>
			<x11>285.6</x11>
			<y11>195.6</y11>
			<x12>290.1</x12>
			<y12>189.2</y12>
			<x13>292</x13>
			<y13>179.2</y13>
			<x14>292</x14>
			<y14>171.466667</y14>
			<x15>290.4</x15>
			<y15>163.333333</y15>
			<x16>289</x16>
			<y16>160.4</y16>
			<x17>285.7</x17>
			<y17>156</y17>
			<x18>282.1</x18>
			<y18>152.266667</y18>
			<x19>276</x19>
			<y19>147.066667</y19>
			<x20>269</x20>
			<y20>146.4</y20>
			<x21>262.9</x21>
			<y21>148.133333</y21>
			<x22>256.9</x22>
			<y22>153.066667</y22>
			<x23>252.8</x23>
			<y23>158.8</y23>
		</polygon>
	</object>
	<object>
		<name>Metal bottle cap</name>
		<pose>Unspecified</pose>
		<truncated>0</truncated>
		<difficult>0</difficult>
		<occluded>0</occluded>
		<bndbox>
			<xmin>266</xmin>
			<xmax>311</xmax>
			<ymin>83</ymin>
			<ymax>142</ymax>
		</bndbox>
		<polygon>
			<x1>273.2</x1>
			<y1>133.2</y1>
			<x2>280.1</x2>
			<y2>138.666667</y2>
			<x3>286</x3>
			<y3>140.8</y3>
			<x4>292.6</x4>
			<y4>140.666667</y4>
			<x5>298.9</x5>
			<y5>138.133333</y5>
			<x6>303.3</x6>
			<y6>133.2</y6>
			<x7>306.9</x7>
			<y7>124.933333</y7>
			<x8>309.3</x8>
			<y8>117.2</y8>
			<x9>309.5</x9>
			<y9>107.2</y9>
			<x10>308</x10>
			<y10>97.2</y10>
			<x11>304.5</x11>
			<y11>90</y11>
			<x12>298.7</x12>
			<y12>84.8</y12>
			<x13>292.5</x13>
			<y13>82.266667</y13>
			<x14>286.1</x14>
			<y14>82.133333</y14>
			<x15>279.7</x15>
			<y15>84</y15>
			<x16>274.7</x16>
			<y16>88.4</y16>
			<x17>269.8</x17>
			<y17>94.933333</y17>
			<x18>266.6</x18>
			<y18>101.6</y18>
			<x19>265.3</x19>
			<y19>110.533333</y19>
			<x20>266.8</x20>
			<y20>118</y20>
			<x21>269.3</x21>
			<y21>127.466667</y21>
			<x22>273.2</x22>
			<y22>133.2</y22>
		</polygon>
	</object>
	<object>
		<name>Metal bottle cap</name>
		<pose>Unspecified</pose>
		<truncated>0</truncated>
		<difficult>0</difficult>
		<occluded>0</occluded>
		<bndbox>
			<xmin>226</xmin>
			<xmax>269</xmax>
			<ymin>53</ymin>
			<ymax>112</ymax>
		</bndbox>
		<polygon>
			<x1>228.1</x1>
			<y1>65.6</y1>
			<x2>228.5</x2>
			<y2>68.533333</y2>
			<x3>227.7</x3>
			<y3>71.333333</y3>
			<x4>225.1</x4>
			<y4>73.866667</y4>
			<x5>226.3</x5>
			<y5>77.733333</y5>
			<x6>224.8</x6>
			<y6>82.133333</y6>
			<x7>225.8</x7>
			<y7>85.733333</y7>
			<x8>225.6</x8>
			<y8>90.4</y8>
			<x9>227.9</x9>
			<y9>98.266667</y9>
			<x10>232.4</x10>
			<y10>104.533333</y10>
			<x11>238</x11>
			<y11>109.333333</y11>
			<x12>244.1</x12>
			<y12>110.533333</y12>
			<x13>245.8</x13>
			<y13>110.4</y13>
			<x14>248.1</x14>
			<y14>110.533333</y14>
			<x15>250.3</x15>
			<y15>110.8</y15>
			<x16>252.5</x16>
			<y16>108.666667</y16>
			<x17>254.8</x17>
			<y17>107.6</y17>
			<x18>257.4</x18>
			<y18>107.6</y18>
			<x19>258</x19>
			<y19>104.4</y19>
			<x20>260.5</x20>
			<y20>102</y20>
			<x21>262.5</x21>
			<y21>100.933333</y21>
			<x22>262.4</x22>
			<y22>99.2</y22>
			<x23>263.7</x23>
			<y23>95.466667</y23>
			<x24>266.2</x24>
			<y24>94.133333</y24>
			<x25>265.7</x25>
			<y25>91.6</y25>
			<x26>266.4</x26>
			<y26>87.866667</y26>
			<x27>268.1</x27>
			<y27>84.666667</y27>
			<x28>267.2</x28>
			<y28>82.666667</y28>
			<x29>267.2</x29>
			<y29>80.4</y29>
			<x30>268</x30>
			<y30>76.533333</y30>
			<x31>266</x31>
			<y31>72.4</y31>
			<x32>266.5</x32>
			<y32>68.133333</y32>
			<x33>264.7</x33>
			<y33>67.466667</y33>
			<x34>264</x34>
			<y34>64.933333</y34>
			<x35>263.9</x35>
			<y35>61.6</y35>
			<x36>261.9</x36>
			<y36>61.466667</y36>
			<x37>259</x37>
			<y37>58.8</y37>
			<x38>258.7</x38>
			<y38>56.666667</y38>
			<x39>256.1</x39>
			<y39>56.8</y39>
			<x40>253.8</x40>
			<y40>55.333333</y40>
			<x41>252.5</x41>
			<y41>54</y41>
			<x42>250.8</x42>
			<y42>54</y42>
			<x43>247.7</x43>
			<y43>53.466667</y43>
			<x44>245.7</x44>
			<y44>52</y44>
			<x45>244</x45>
			<y45>53.2</y45>
			<x46>240.1</x46>
			<y46>54.533333</y46>
			<x47>238.3</x47>
			<y47>54.533333</y47>
			<x48>237.2</x48>
			<y48>56.133333</y48>
			<x49>232.6</x49>
			<y49>59.2</y49>
			<x50>232.5</x50>
			<y50>60.533333</y50>
			<x51>229.7</x51>
			<y51>65.6</y51>
			<x52>228.1</x52>
			<y52>65.6</y52>
		</polygon>
	</object>
	<object>
		<name>Metal bottle cap</name>
		<pose>Unspecified</pose>
		<truncated>0</truncated>
		<difficult>0</difficult>
		<occluded>0</occluded>
		<bndbox>
			<xmin>313</xmin>
			<xmax>358</xmax>
			<ymin>57</ymin>
			<ymax>119</ymax>
		</bndbox>
		<polygon>
			<x1>322.1</x1>
			<y1>61.066667</y1>
			<x2>321.9</x2>
			<y2>64.266667</y2>
			<x3>319.8</x3>
			<y3>65.866667</y3>
			<x4>317</x4>
			<y4>67.2</y4>
			<x5>315.3</x5>
			<y5>71.6</y5>
			<x6>313.8</x6>
			<y6>74.133333</y6>
			<x7>313.6</x7>
			<y7>79.333333</y7>
			<x8>311.6</x8>
			<y8>82.933333</y8>
			<x9>312.4</x9>
			<y9>88.133333</y9>
			<x10>311.9</x10>
			<y10>91.866667</y10>
			<x11>314.5</x11>
			<y11>96.933333</y11>
			<x12>314.8</x12>
			<y12>101.066667</y12>
			<x13>317.4</x13>
			<y13>104</y13>
			<x14>319.2</x14>
			<y14>108.533333</y14>
			<x15>322.5</x15>
			<y15>112.133333</y15>
			<x16>325.1</x16>
			<y16>114.8</y16>
			<x17>328.2</x17>
			<y17>115.866667</y17>
			<x18>330.5</x18>
			<y18>117.866667</y18>
			<x19>333.9</x19>
			<y19>116.133333</y19>
			<x20>337</x20>
			<y20>117.733333</y20>
			<x21>339.4</x21>
			<y21>115.333333</y21>
			<x22>343.5</x22>
			<y22>114.4</y22>
			<x23>347.8</x23>
			<y23>110.133333</y23>
			<x24>352.7</x24>
			<y24>102.533333</y24>
			<x25>356</x25>
			<y25>94</y25>
			<x26>356.9</x26>
			<y26>83.2</y26>
			<x27>355.8</x27>
			<y27>79.733333</y27>
			<x28>356.3</x28>
			<y28>74.133333</y28>
			<x29>353.8</x29>
			<y29>72.933333</y29>
			<x30>352.5</x30>
			<y30>68.8</y30>
			<x31>352.4</x31>
			<y31>66.4</y31>
			<x32>350.8</x32>
			<y32>66.4</y32>
			<x33>347.8</x33>
			<y33>64.133333</y33>
			<x34>347.1</x34>
			<y34>61.466667</y34>
			<x35>346.1</x35>
			<y35>61.866667</y35>
			<x36>343.1</x36>
			<y36>60.4</y36>
			<x37>341.1</x37>
			<y37>58.133333</y37>
			<x38>339.8</x38>
			<y38>58.8</y38>
			<x39>337</x39>
			<y39>57.866667</y39>
			<x40>334.5</x40>
			<y40>56.133333</y40>
			<x41>331.2</x41>
			<y41>58.266667</y41>
			<x42>327.9</x42>
			<y42>58.266667</y42>
			<x43>326</x43>
			<y43>60.666667</y43>
			<x44>324.6</x44>
			<y44>61.466667</y44>
			<x45>322.1</x45>
			<y45>61.066667</y45>
		</polygon>
	</object>
</annotation>
