<annotation>
	<folder></folder>
	<filename>000063_JPG.rf.8582297be2d8ef3b35eda968d7663abc.jpg</filename>
	<path>000063_JPG.rf.8582297be2d8ef3b35eda968d7663abc.jpg</path>
	<source>
		<database>roboflow.ai</database>
	</source>
	<size>
		<width>416</width>
		<height>416</height>
		<depth>3</depth>
	</size>
	<segmented>0</segmented>
	<object>
		<name>Plastic straw</name>
		<pose>Unspecified</pose>
		<truncated>0</truncated>
		<difficult>0</difficult>
		<occluded>0</occluded>
		<bndbox>
			<xmin>185</xmin>
			<xmax>201</xmax>
			<ymin>150</ymin>
			<ymax>230</ymax>
		</bndbox>
		<polygon>
			<x1>184.166667</x1>
			<y1>149.202614</y1>
			<x2>197.803922</x2>
			<y2>228.732026</y2>
			<x3>199.715686</x3>
			<y3>228.562092</y3>
			<x4>185.95098</x4>
			<y4>148.522876</y4>
			<x5>184.166667</x5>
			<y5>149.202614</y5>
		</polygon>
	</object>
	<object>
		<name>Unlabeled litter</name>
		<pose>Unspecified</pose>
		<truncated>0</truncated>
		<difficult>0</difficult>
		<occluded>0</occluded>
		<bndbox>
			<xmin>198</xmin>
			<xmax>209</xmax>
			<ymin>32</ymin>
			<ymax>63</ymax>
		</bndbox>
		<polygon>
			<x1>202.647059</x1>
			<y1>45.03268</y1>
			<x2>197.039216</x2>
			<y2>61.51634</y2>
			<x3>197.803922</x3>
			<y3>62.196078</y3>
			<x4>203.029412</x4>
			<y4>47.921569</y4>
			<x5>208.127451</x5>
			<y5>32.96732</y5>
			<x6>207.362745</x6>
			<y6>30.928105</y6>
			<x7>202.647059</x7>
			<y7>45.03268</y7>
		</polygon>
	</object>
</annotation>
