<annotation>
	<folder></folder>
	<filename>000075_jpg.rf.5d032f7378e23a073bdab3dfd067ede7.jpg</filename>
	<path>000075_jpg.rf.5d032f7378e23a073bdab3dfd067ede7.jpg</path>
	<source>
		<database>roboflow.ai</database>
	</source>
	<size>
		<width>416</width>
		<height>416</height>
		<depth>3</depth>
	</size>
	<segmented>0</segmented>
	<object>
		<name>Plastic film</name>
		<pose>Unspecified</pose>
		<truncated>0</truncated>
		<difficult>0</difficult>
		<occluded>0</occluded>
		<bndbox>
			<xmin>154</xmin>
			<xmax>256</xmax>
			<ymin>153</ymin>
			<ymax>251</ymax>
		</bndbox>
		<polygon>
			<x1>255.125</x1>
			<y1>166.765625</y1>
			<x2>231.291667</x2>
			<y2>153.96875</y2>
			<x3>217.75</x3>
			<y3>151.9375</y3>
			<x4>207.729167</x4>
			<y4>154.984375</y4>
			<x5>153.020833</x5>
			<y5>231.359375</y5>
			<x6>200.6875</x6>
			<y6>250.25</y6>
			<x7>242.9375</x7>
			<y7>191.75</y7>
			<x8>255.125</x8>
			<y8>166.765625</y8>
		</polygon>
	</object>
	<object>
		<name>Plastic film</name>
		<pose>Unspecified</pose>
		<truncated>0</truncated>
		<difficult>0</difficult>
		<occluded>0</occluded>
		<bndbox>
			<xmin>139</xmin>
			<xmax>227</xmax>
			<ymin>267</ymin>
			<ymax>350</ymax>
		</bndbox>
		<polygon>
			<x1>137.583333</x1>
			<y1>333.53125</y1>
			<x2>180.104167</x2>
			<y2>348.765625</y2>
			<x3>225.875</x3>
			<y3>284.171875</y3>
			<x4>206.375</x4>
			<y4>265.890625</y4>
			<x5>197.4375</x5>
			<y5>270.5625</y5>
			<x6>180.916667</x6>
			<y6>288.84375</y6>
			<x7>167.645833</x7>
			<y7>303.0625</y7>
			<x8>152.208333</x8>
			<y8>319.3125</y8>
			<x9>141.375</x9>
			<y9>324.59375</y9>
			<x10>138.395833</x10>
			<y10>328.65625</y10>
			<x11>137.583333</x11>
			<y11>333.53125</y11>
		</polygon>
	</object>
</annotation>
