<annotation>
	<folder></folder>
	<filename>000038_JPG.rf.a03e4db961276ac52df3a39400bf8c29.jpg</filename>
	<path>000038_JPG.rf.a03e4db961276ac52df3a39400bf8c29.jpg</path>
	<source>
		<database>roboflow.ai</database>
	</source>
	<size>
		<width>416</width>
		<height>416</height>
		<depth>3</depth>
	</size>
	<segmented>0</segmented>
	<object>
		<name>Clear plastic bottle</name>
		<pose>Unspecified</pose>
		<truncated>0</truncated>
		<difficult>0</difficult>
		<occluded>0</occluded>
		<bndbox>
			<xmin>223</xmin>
			<xmax>252</xmax>
			<ymin>254</ymin>
			<ymax>275</ymax>
		</bndbox>
		<polygon>
			<x1>250.804878</x1>
			<y1>256.617886</y1>
			<x2>248.743902</x2>
			<y2>254.715447</y2>
			<x3>245.573171</x3>
			<y3>253.447154</y3>
			<x4>242.402439</x4>
			<y4>254.292683</y4>
			<x5>236.695122</x5>
			<y5>255.98374</y5>
			<x6>234.158537</x6>
			<y6>257.252033</y6>
			<x7>227.97561</x7>
			<y7>258.520325</y7>
			<x8>225.756098</x8>
			<y8>259.154472</y8>
			<x9>223.853659</x9>
			<y9>260.422764</y9>
			<x10>222.743902</x10>
			<y10>262.747967</y10>
			<x11>222.426829</x11>
			<y11>267.398374</y11>
			<x12>223.378049</x12>
			<y12>270.780488</y12>
			<x13>225.121951</x13>
			<y13>272.894309</y13>
			<x14>227.182927</x14>
			<y14>274.162602</y14>
			<x15>228.926829</x15>
			<y15>273.739837</y15>
			<x16>244.939024</x16>
			<y16>267.186992</y16>
			<x17>248.902439</x17>
			<y17>265.284553</y17>
			<x18>250.646341</x18>
			<y18>262.747967</y18>
			<x19>250.804878</x19>
			<y19>256.617886</y19>
		</polygon>
	</object>
	<object>
		<name>Clear plastic bottle</name>
		<pose>Unspecified</pose>
		<truncated>0</truncated>
		<difficult>0</difficult>
		<occluded>0</occluded>
		<bndbox>
			<xmin>136</xmin>
			<xmax>145</xmax>
			<ymin>174</ymin>
			<ymax>186</ymax>
		</bndbox>
		<polygon>
			<x1>141.890244</x1>
			<y1>185.170732</y1>
			<x2>143.634146</x2>
			<y2>183.479675</y2>
			<x3>143.95122</x3>
			<y3>181.365854</y3>
			<x4>143.792683</x4>
			<y4>178.617886</y4>
			<x5>143.317073</x5>
			<y5>174.601626</y5>
			<x6>142.04878</x6>
			<y6>173.96748</y6>
			<x7>140.939024</x7>
			<y7>172.910569</y7>
			<x8>140.304878</x8>
			<y8>173.333333</y8>
			<x9>138.719512</x9>
			<y9>172.699187</y9>
			<x10>137.45122</x10>
			<y10>173.121951</y10>
			<x11>136.658537</x11>
			<y11>174.178862</y11>
			<x12>134.914634</x12>
			<y12>176.715447</y12>
			<x13>134.756098</x13>
			<y13>179.674797</y13>
			<x14>135.390244</x14>
			<y14>184.325203</y14>
			<x15>136.817073</x15>
			<y15>185.382114</y15>
			<x16>139.512195</x16>
			<y16>185.170732</y16>
			<x17>141.890244</x17>
			<y17>185.170732</y17>
		</polygon>
	</object>
	<object>
		<name>Plastic film</name>
		<pose>Unspecified</pose>
		<truncated>0</truncated>
		<difficult>0</difficult>
		<occluded>0</occluded>
		<bndbox>
			<xmin>272</xmin>
			<xmax>294</xmax>
			<ymin>175</ymin>
			<ymax>192</ymax>
		</bndbox>
		<polygon>
			<x1>292.5</x1>
			<y1>183.902439</y1>
			<x2>291.231707</x2>
			<y2>177.138211</y2>
			<x3>288.536585</x3>
			<y3>175.658537</y3>
			<x4>279.97561</x4>
			<y4>174.390244</y4>
			<x5>271.573171</x5>
			<y5>173.544715</y5>
			<x6>270.939024</x6>
			<y6>178.829268</y6>
			<x7>271.097561</x7>
			<y7>188.341463</y7>
			<x8>278.707317</x8>
			<y8>190.455285</y8>
			<x9>287.109756</x9>
			<y9>190.455285</y9>
			<x10>293.134146</x10>
			<y10>190.878049</y10>
			<x11>292.5</x11>
			<y11>183.902439</y11>
		</polygon>
	</object>
</annotation>
