<annotation>
	<folder></folder>
	<filename>000016_jpg.rf.062c26c9d622a30365170f60aaa6b715.jpg</filename>
	<path>000016_jpg.rf.062c26c9d622a30365170f60aaa6b715.jpg</path>
	<source>
		<database>roboflow.ai</database>
	</source>
	<size>
		<width>416</width>
		<height>416</height>
		<depth>3</depth>
	</size>
	<segmented>0</segmented>
	<object>
		<name>Corrugated carton</name>
		<pose>Unspecified</pose>
		<truncated>0</truncated>
		<difficult>0</difficult>
		<occluded>0</occluded>
		<bndbox>
			<xmin>61</xmin>
			<xmax>179</xmax>
			<ymin>51</ymin>
			<ymax>231</ymax>
		</bndbox>
		<polygon>
			<x1>124.488</x1>
			<y1>60.438596</y1>
			<x2>87.88</x2>
			<y2>55.877193</y2>
			<x3>88.504</x3>
			<y3>52.45614</y3>
			<x4>86.216</x4>
			<y4>50.403509</y4>
			<x5>83.2</x5>
			<y5>55.649123</y5>
			<x6>81.64</x6>
			<y6>55.877193</y6>
			<x7>60.112</x7>
			<y7>78.45614</y7>
			<x8>67.496</x8>
			<y8>147.105263</y8>
			<x9>73.84</x9>
			<y9>208</y9>
			<x10>75.296</x10>
			<y10>211.421053</y10>
			<x11>102.856</x11>
			<y11>220.087719</y11>
			<x12>118.144</x12>
			<y12>221.22807</y12>
			<x13>131.456</x13>
			<y13>221.684211</y13>
			<x14>148.928</x14>
			<y14>225.333333</y14>
			<x15>164.32</x15>
			<y15>229.894737</y15>
			<x16>167.024</x16>
			<y16>229.210526</y16>
			<x17>177.736</x17>
			<y17>191.578947</y17>
			<x18>175.968</x18>
			<y18>110.385965</y18>
			<x19>173.784</x19>
			<y19>67.508772</y19>
			<x20>124.488</x20>
			<y20>60.438596</y20>
		</polygon>
	</object>
	<object>
		<name>Styrofoam piece</name>
		<pose>Unspecified</pose>
		<truncated>0</truncated>
		<difficult>0</difficult>
		<occluded>0</occluded>
		<bndbox>
			<xmin>236</xmin>
			<xmax>320</xmax>
			<ymin>89</ymin>
			<ymax>417</ymax>
		</bndbox>
		<polygon>
			<x1>318.76</x1>
			<y1>146.877193</y1>
			<x2>319.28</x2>
			<y2>143.22807</y2>
			<x3>304.096</x3>
			<y3>91.912281</y3>
			<x4>296.92</x4>
			<y4>88.035088</y4>
			<x5>268.112</x5>
			<y5>207.77193</y5>
			<x6>234.728</x6>
			<y6>341.649123</y6>
			<x7>236.912</x7>
			<y7>415.54386</y7>
			<x8>244.816</x8>
			<y8>415.77193</y8>
			<x9>278.408</x9>
			<y9>294.666667</y9>
			<x10>318.76</x10>
			<y10>146.877193</y10>
		</polygon>
	</object>
</annotation>
