<annotation>
	<folder></folder>
	<filename>000032_jpg.rf.d40bf005eaf315de988aea44076700b0.jpg</filename>
	<path>000032_jpg.rf.d40bf005eaf315de988aea44076700b0.jpg</path>
	<source>
		<database>roboflow.ai</database>
	</source>
	<size>
		<width>416</width>
		<height>416</height>
		<depth>3</depth>
	</size>
	<segmented>0</segmented>
	<object>
		<name>Cigarette</name>
		<pose>Unspecified</pose>
		<truncated>0</truncated>
		<difficult>0</difficult>
		<occluded>0</occluded>
		<bndbox>
			<xmin>155</xmin>
			<xmax>178</xmax>
			<ymin>383</ymin>
			<ymax>395</ymax>
		</bndbox>
		<polygon>
			<x1>174.029451</x1>
			<y1>381.777108</y1>
			<x2>154.120482</x2>
			<y2>389.843373</y2>
			<x3>157.044177</x3>
			<y3>393.759036</y3>
			<x4>177.092369</x4>
			<y4>385.457831</y4>
			<x5>174.029451</x5>
			<y5>381.777108</y5>
		</polygon>
	</object>
	<object>
		<name>Other plastic wrapper</name>
		<pose>Unspecified</pose>
		<truncated>0</truncated>
		<difficult>0</difficult>
		<occluded>0</occluded>
		<bndbox>
			<xmin>187</xmin>
			<xmax>218</xmax>
			<ymin>180</ymin>
			<ymax>214</ymax>
		</bndbox>
		<polygon>
			<x1>185.863454</x1>
			<y1>186.307229</y1>
			<x2>189.62249</x2>
			<y2>210.89759</y2>
			<x3>190.318608</x3>
			<y3>212.620482</y3>
			<x4>202.15261</x4>
			<y4>211.915663</y4>
			<x5>210.227577</x5>
			<y5>211.837349</y5>
			<x6>217.327979</x6>
			<y6>210.89759</y6>
			<x7>216.353414</x7>
			<y7>203.849398</y7>
			<x8>212.872825</x8>
			<y8>187.951807</y8>
			<x9>211.480589</x9>
			<y9>185.524096</y9>
			<x10>217.467202</x10>
			<y10>181.451807</y10>
			<x11>210.784471</x11>
			<y11>180.433735</y11>
			<x12>202.987952</x12>
			<y12>180.120482</y12>
			<x13>200.621151</x13>
			<y13>179.572289</y13>
			<x14>191.710843</x14>
			<y14>178.789157</y14>
			<x15>191.432396</x15>
			<y15>179.728916</y15>
			<x16>189.761714</x16>
			<y16>179.885542</y16>
			<x17>187.116466</x17>
			<y17>182.078313</y17>
			<x18>186.698795</x18>
			<y18>184.427711</y18>
			<x19>185.863454</x19>
			<y19>186.307229</y19>
		</polygon>
	</object>
</annotation>
