<annotation>
	<folder></folder>
	<filename>000011_jpg.rf.32825aa3a772d0f26dd8f39f7a2847d4.jpg</filename>
	<path>000011_jpg.rf.32825aa3a772d0f26dd8f39f7a2847d4.jpg</path>
	<source>
		<database>roboflow.ai</database>
	</source>
	<size>
		<width>416</width>
		<height>416</height>
		<depth>3</depth>
	</size>
	<segmented>0</segmented>
	<object>
		<name>Glass bottle</name>
		<pose>Unspecified</pose>
		<truncated>0</truncated>
		<difficult>0</difficult>
		<occluded>0</occluded>
		<bndbox>
			<xmin>87</xmin>
			<xmax>103</xmax>
			<ymin>22</ymin>
			<ymax>119</ymax>
		</bndbox>
		<polygon>
			<x1>98.072</x1>
			<y1>99.666667</y1>
			<x2>102.336</x2>
			<y2>96.473684</y2>
			<x3>100.568</x3>
			<y3>73.666667</y3>
			<x4>99.216</x4>
			<y4>68.877193</y4>
			<x5>98.176</x5>
			<y5>63.631579</y5>
			<x6>93.496</x6>
			<y6>20.526316</y6>
			<x7>87.256</x7>
			<y7>21.438596</y7>
			<x8>87.776</x8>
			<y8>67.280702</y8>
			<x9>86.84</x9>
			<y9>71.385965</y9>
			<x10>86.008</x10>
			<y10>78.45614</y10>
			<x11>88.608</x11>
			<y11>117.684211</y11>
			<x12>92.248</x12>
			<y12>111.982456</y12>
			<x13>97.032</x13>
			<y13>105.140351</y13>
			<x14>98.072</x14>
			<y14>99.666667</y14>
		</polygon>
	</object>
	<object>
		<name>Crisp packet</name>
		<pose>Unspecified</pose>
		<truncated>0</truncated>
		<difficult>0</difficult>
		<occluded>0</occluded>
		<bndbox>
			<xmin>88</xmin>
			<xmax>113</xmax>
			<ymin>81</ymin>
			<ymax>127</ymax>
		</bndbox>
		<polygon>
			<x1>112.008</x1>
			<y1>92.596491</y1>
			<x2>112.32</x2>
			<y2>83.017544</y2>
			<x3>110.968</x3>
			<y3>80.280702</y3>
			<x4>109.408</x4>
			<y4>81.192982</y4>
			<x5>105.664</x5>
			<y5>82.333333</y5>
			<x6>106.08</x6>
			<y6>91.912281</y6>
			<x7>104.936</x7>
			<y7>95.561404</y7>
			<x8>98.384</x8>
			<y8>99.438596</y8>
			<x9>97.032</x9>
			<y9>105.140351</y9>
			<x10>94.744</x10>
			<y10>108.105263</y10>
			<x11>91.624</x11>
			<y11>113.350877</y11>
			<x12>87.048</x12>
			<y12>126.350877</y12>
			<x13>97.76</x13>
			<y13>124.298246</y13>
			<x14>103.792</x14>
			<y14>118.368421</y14>
			<x15>112.008</x15>
			<y15>92.596491</y15>
		</polygon>
	</object>
	<object>
		<name>Metal bottle cap</name>
		<pose>Unspecified</pose>
		<truncated>0</truncated>
		<difficult>0</difficult>
		<occluded>0</occluded>
		<bndbox>
			<xmin>145</xmin>
			<xmax>161</xmax>
			<ymin>214</ymin>
			<ymax>232</ymax>
		</bndbox>
		<polygon>
			<x1>160.056</x1>
			<y1>217.122807</y1>
			<x2>156.208</x2>
			<y2>213.473684</y2>
			<x3>150.8</x3>
			<y3>213.473684</y3>
			<x4>146.016</x4>
			<y4>216.666667</y4>
			<x5>144.352</x5>
			<y5>221.22807</y5>
			<x6>144.976</x6>
			<y6>227.157895</y6>
			<x7>149.032</x7>
			<y7>231.035088</y7>
			<x8>154.856</x8>
			<y8>231.035088</y8>
			<x9>160.056</x9>
			<y9>225.561404</y9>
			<x10>160.056</x10>
			<y10>217.122807</y10>
		</polygon>
	</object>
	<object>
		<name>Metal bottle cap</name>
		<pose>Unspecified</pose>
		<truncated>0</truncated>
		<difficult>0</difficult>
		<occluded>0</occluded>
		<bndbox>
			<xmin>166</xmin>
			<xmax>184</xmax>
			<ymin>245</ymin>
			<ymax>266</ymax>
		</bndbox>
		<polygon>
			<x1>181.584</x1>
			<y1>259.77193</y1>
			<x2>183.04</x2>
			<y2>254.070175</y2>
			<x3>182.624</x3>
			<y3>248.140351</y3>
			<x4>178.256</x4>
			<y4>244.947368</y4>
			<x5>174.616</x5>
			<y5>244.263158</y5>
			<x6>169.104</x6>
			<y6>246.315789</y6>
			<x7>166.4</x7>
			<y7>249.052632</y7>
			<x8>165.36</x8>
			<y8>252.245614</y8>
			<x9>165.256</x9>
			<y9>259.087719</y9>
			<x10>170.04</x10>
			<y10>265.245614</y10>
			<x11>177.84</x11>
			<y11>264.105263</y11>
			<x12>181.584</x12>
			<y12>259.77193</y12>
		</polygon>
	</object>
	<object>
		<name>Glass cup</name>
		<pose>Unspecified</pose>
		<truncated>0</truncated>
		<difficult>0</difficult>
		<occluded>0</occluded>
		<bndbox>
			<xmin>199</xmin>
			<xmax>229</xmax>
			<ymin>169</ymin>
			<ymax>289</ymax>
		</bndbox>
		<polygon>
			<x1>214.656</x1>
			<y1>288.280702</y1>
			<x2>221.416</x2>
			<y2>284.631579</y2>
			<x3>225.888</x3>
			<y3>276.877193</y3>
			<x4>228.384</x4>
			<y4>181.54386</y4>
			<x5>228.176</x5>
			<y5>175.842105</y5>
			<x6>224.848</x6>
			<y6>172.649123</y6>
			<x7>218.296</x7>
			<y7>170.368421</y7>
			<x8>210.08</x8>
			<y8>168.315789</y8>
			<x9>202.28</x9>
			<y9>171.736842</y9>
			<x10>197.912</x10>
			<y10>176.982456</y10>
			<x11>201.552</x11>
			<y11>275.280702</y11>
			<x12>204.36</x12>
			<y12>283.035088</y12>
			<x13>208</x13>
			<y13>286.45614</y13>
			<x14>214.656</x14>
			<y14>288.280702</y14>
		</polygon>
	</object>
	<object>
		<name>Glass cup</name>
		<pose>Unspecified</pose>
		<truncated>0</truncated>
		<difficult>0</difficult>
		<occluded>0</occluded>
		<bndbox>
			<xmin>202</xmin>
			<xmax>227</xmax>
			<ymin>115</ymin>
			<ymax>173</ymax>
		</bndbox>
		<polygon>
			<x1>225.056</x1>
			<y1>171.052632</y1>
			<x2>225.576</x2>
			<y2>118.140351</y2>
			<x3>221.52</x3>
			<y3>115.403509</y3>
			<x4>212.992</x4>
			<y4>114.035088</y4>
			<x5>206.544</x5>
			<y5>115.175439</y5>
			<x6>201.448</x6>
			<y6>117.912281</y6>
			<x7>201.656</x7>
			<y7>171.736842</y7>
			<x8>204.464</x8>
			<y8>170.596491</y8>
			<x9>213.616</x9>
			<y9>168.54386</y9>
			<x10>225.056</x10>
			<y10>171.052632</y10>
		</polygon>
	</object>
	<object>
		<name>Glass bottle</name>
		<pose>Unspecified</pose>
		<truncated>0</truncated>
		<difficult>0</difficult>
		<occluded>0</occluded>
		<bndbox>
			<xmin>243</xmin>
			<xmax>266</xmax>
			<ymin>112</ymin>
			<ymax>234</ymax>
		</bndbox>
		<polygon>
			<x1>259.168</x1>
			<y1>231.263158</y1>
			<x2>262.6</x2>
			<y2>226.929825</y2>
			<x3>264.888</x3>
			<y3>203.210526</y3>
			<x4>264.992</x4>
			<y4>190.894737</y4>
			<x5>262.08</x5>
			<y5>128.631579</y5>
			<x6>261.768</x6>
			<y6>114.263158</y6>
			<x7>258.96</x7>
			<y7>111.070175</y7>
			<x8>254.072</x8>
			<y8>111.298246</y8>
			<x9>248.456</x9>
			<y9>112.666667</y9>
			<x10>248.456</x10>
			<y10>124.298246</y10>
			<x11>245.752</x11>
			<y11>151.666667</y11>
			<x12>243.36</x12>
			<y12>183.140351</y12>
			<x13>242.424</x13>
			<y13>199.789474</y13>
			<x14>242.632</x14>
			<y14>211.649123</y14>
			<x15>243.36</x15>
			<y15>223.736842</y15>
			<x16>247.832</x16>
			<y16>231.491228</y16>
			<x17>252.616</x17>
			<y17>232.859649</y17>
			<x18>259.168</x18>
			<y18>231.263158</y18>
		</polygon>
	</object>
	<object>
		<name>Glass cup</name>
		<pose>Unspecified</pose>
		<truncated>0</truncated>
		<difficult>0</difficult>
		<occluded>0</occluded>
		<bndbox>
			<xmin>246</xmin>
			<xmax>267</xmax>
			<ymin>98</ymin>
			<ymax>164</ymax>
		</bndbox>
		<polygon>
			<x1>253.136</x1>
			<y1>111.298246</y1>
			<x2>259.272</x2>
			<y2>111.754386</y2>
			<x3>261.872</x3>
			<y3>114.491228</y3>
			<x4>261.664</x4>
			<y4>128.403509</y4>
			<x5>263.432</x5>
			<y5>149.385965</y5>
			<x6>263.848</x6>
			<y6>163.298246</y6>
			<x7>265.616</x7>
			<y7>142.54386</y7>
			<x8>264.992</x8>
			<y8>100.122807</y8>
			<x9>259.48</x9>
			<y9>97.614035</y9>
			<x10>252.096</x10>
			<y10>97.157895</y10>
			<x11>247.416</x11>
			<y11>99.438596</y11>
			<x12>245.648</x12>
			<y12>129.54386</y12>
			<x13>245.44</x13>
			<y13>152.122807</y13>
			<x14>248.456</x14>
			<y14>124.982456</y14>
			<x15>248.456</x15>
			<y15>113.122807</y15>
			<x16>253.136</x16>
			<y16>111.298246</y16>
		</polygon>
	</object>
	<object>
		<name>Glass bottle</name>
		<pose>Unspecified</pose>
		<truncated>0</truncated>
		<difficult>0</difficult>
		<occluded>0</occluded>
		<bndbox>
			<xmin>270</xmin>
			<xmax>292</xmax>
			<ymin>36</ymin>
			<ymax>201</ymax>
		</bndbox>
		<polygon>
			<x1>276.848</x1>
			<y1>199.789474</y1>
			<x2>281.528</x2>
			<y2>199.105263</y2>
			<x3>285.376</x3>
			<y3>167.631579</y3>
			<x4>287.144</x4>
			<y4>145.508772</y4>
			<x5>287.04</x5>
			<y5>141.631579</y5>
			<x6>287.872</x6>
			<y6>138.666667</y6>
			<x7>287.872</x7>
			<y7>132.052632</y7>
			<x8>289.952</x8>
			<y8>129.087719</y8>
			<x9>290.888</x9>
			<y9>111.298246</y9>
			<x10>289.432</x10>
			<y10>103.77193</y10>
			<x11>287.248</x11>
			<y11>95.561404</y11>
			<x12>286.936</x12>
			<y12>47.666667</y12>
			<x13>287.144</x13>
			<y13>38.54386</y13>
			<x14>285.792</x14>
			<y14>35.350877</y14>
			<x15>281.216</x15>
			<y15>35.122807</y15>
			<x16>278.512</x16>
			<y16>36.719298</y16>
			<x17>277.472</x17>
			<y17>47.210526</y17>
			<x18>274.352</x18>
			<y18>97.385965</y18>
			<x19>271.024</x19>
			<y19>105.140351</y19>
			<x20>270.192</x20>
			<y20>114.035088</y20>
			<x21>268.84</x21>
			<y21>185.649123</y21>
			<x22>269.36</x22>
			<y22>193.175439</y22>
			<x23>271.544</x23>
			<y23>197.964912</y23>
			<x24>276.848</x24>
			<y24>199.789474</y24>
		</polygon>
	</object>
	<object>
		<name>Glass bottle</name>
		<pose>Unspecified</pose>
		<truncated>0</truncated>
		<difficult>0</difficult>
		<occluded>0</occluded>
		<bndbox>
			<xmin>281</xmin>
			<xmax>308</xmax>
			<ymin>130</ymin>
			<ymax>272</ymax>
		</bndbox>
		<polygon>
			<x1>297.752</x1>
			<y1>270.491228</y1>
			<x2>302.432</x2>
			<y2>267.754386</y2>
			<x3>305.656</x3>
			<y3>250.192982</y3>
			<x4>307.008</x4>
			<y4>238.561404</y4>
			<x5>307.008</x5>
			<y5>219.403509</y5>
			<x6>304.512</x6>
			<y6>150.526316</y6>
			<x7>304.72</x7>
			<y7>144.824561</y7>
			<x8>304.616</x8>
			<y8>140.035088</y8>
			<x9>304.096</x9>
			<y9>132.964912</y9>
			<x10>300.248</x10>
			<y10>129.315789</y10>
			<x11>291.408</x11>
			<y11>129.315789</y11>
			<x12>287.56</x12>
			<y12>130.45614</y12>
			<x13>288.08</x13>
			<y13>137.982456</y13>
			<x14>287.248</x14>
			<y14>142.087719</y14>
			<x15>287.456</x15>
			<y15>146.192982</y15>
			<x16>281.528</x16>
			<y16>205.263158</y16>
			<x17>279.864</x17>
			<y17>225.561404</y17>
			<x18>279.968</x18>
			<y18>240.842105</y18>
			<x19>281.424</x19>
			<y19>260.45614</y19>
			<x20>286.104</x20>
			<y20>267.754386</y20>
			<x21>291.928</x21>
			<y21>270.719298</y21>
			<x22>297.752</x22>
			<y22>270.491228</y22>
		</polygon>
	</object>
	<object>
		<name>Tissues</name>
		<pose>Unspecified</pose>
		<truncated>0</truncated>
		<difficult>0</difficult>
		<occluded>0</occluded>
		<bndbox>
			<xmin>182</xmin>
			<xmax>205</xmax>
			<ymin>115</ymin>
			<ymax>189</ymax>
		</bndbox>
		<polygon>
			<x1>198.016</x1>
			<y1>177.210526</y1>
			<x2>201.552</x2>
			<y2>171.964912</y2>
			<x3>201.24</x3>
			<y3>117.45614</y3>
			<x4>204.464</x4>
			<y4>116.087719</y4>
			<x5>203.216</x5>
			<y5>113.578947</y5>
			<x6>194.272</x6>
			<y6>117.45614</y6>
			<x7>185.12</x7>
			<y7>118.140351</y7>
			<x8>180.544</x8>
			<y8>119.508772</y8>
			<x9>182.312</x9>
			<y9>187.701754</y9>
			<x10>190.216</x10>
			<y10>184.052632</y10>
			<x11>197.808</x11>
			<y11>182</y11>
			<x12>198.016</x12>
			<y12>177.210526</y12>
		</polygon>
	</object>
	<object>
		<name>Plastic film</name>
		<pose>Unspecified</pose>
		<truncated>0</truncated>
		<difficult>0</difficult>
		<occluded>0</occluded>
		<bndbox>
			<xmin>148</xmin>
			<xmax>186</xmax>
			<ymin>1</ymin>
			<ymax>108</ymax>
		</bndbox>
		<polygon>
			<x1>146.5035</x1>
			<y1>0</y1>
			<x2>149.864</x2>
			<y2>10.719298</y2>
			<x3>151.32</x3>
			<y3>18.701754</y3>
			<x4>150.072</x4>
			<y4>21.210526</y4>
			<x5>150.176</x5>
			<y5>34.438596</y5>
			<x6>152.256</x6>
			<y6>50.859649</y6>
			<x7>154.44</x7>
			<y7>53.824561</y7>
			<x8>160.368</x8>
			<y8>79.596491</y8>
			<x9>167.024</x9>
			<y9>106.052632</y9>
			<x10>168.064</x10>
			<y10>107.192982</y10>
			<x11>167.856</x11>
			<y11>91</y11>
			<x12>168.376</x12>
			<y12>88.491228</y12>
			<x13>184.808</x13>
			<y13>85.526316</y13>
			<x14>181.064</x14>
			<y14>66.140351</y14>
			<x15>179.816</x15>
			<y15>57.929825</y15>
			<x16>176.384</x16>
			<y16>50.859649</y16>
			<x17>172.12</x17>
			<y17>47.438596</y17>
			<x18>167.752</x18>
			<y18>43.333333</y18>
			<x19>167.648</x19>
			<y19>38.315789</y19>
			<x20>166.4</x20>
			<y20>36.947368</y20>
			<x21>166.4</x21>
			<y21>32.842105</y21>
			<x22>164.84</x22>
			<y22>31.929825</y22>
			<x23>164.424</x23>
			<y23>27.140351</y23>
			<x24>169.208</x24>
			<y24>24.859649</y24>
			<x25>172.848</x25>
			<y25>23.719298</y25>
			<x26>172.64</x26>
			<y26>20.982456</y26>
			<x27>169.624</x27>
			<y27>20.526316</y27>
			<x28>169.728</x28>
			<y28>15.280702</y28>
			<x29>167.96</x29>
			<y29>4.105263</y29>
			<x30>165.984</x30>
			<y30>0</y30>
			<x31>146.5035</x31>
			<y31>0</y31>
		</polygon>
	</object>
	<object>
		<name>Tissues</name>
		<pose>Unspecified</pose>
		<truncated>0</truncated>
		<difficult>0</difficult>
		<occluded>0</occluded>
		<bndbox>
			<xmin>306</xmin>
			<xmax>323</xmax>
			<ymin>127</ymin>
			<ymax>153</ymax>
		</bndbox>
		<polygon>
			<x1>322.192</x1>
			<y1>148.701754</y1>
			<x2>321.88</x2>
			<y2>130.45614</y2>
			<x3>319.904</x3>
			<y3>126.122807</y3>
			<x4>315.848</x4>
			<y4>126.350877</y4>
			<x5>312.416</x5>
			<y5>130</y5>
			<x6>310.024</x6>
			<y6>126.578947</y6>
			<x7>305.552</x7>
			<y7>129.087719</y7>
			<x8>308.568</x8>
			<y8>132.280702</y8>
			<x9>306.28</x9>
			<y9>133.877193</y9>
			<x10>305.032</x10>
			<y10>139.578947</y10>
			<x11>307.632</x11>
			<y11>142.77193</y11>
			<x12>306.696</x12>
			<y12>145.052632</y12>
			<x13>309.712</x13>
			<y13>145.736842</y13>
			<x14>309.088</x14>
			<y14>149.157895</y14>
			<x15>310.44</x15>
			<y15>148.701754</y15>
			<x16>312.312</x16>
			<y16>148.017544</y16>
			<x17>313.976</x17>
			<y17>151.666667</y17>
			<x18>318.344</x18>
			<y18>151.438596</y18>
			<x19>322.192</x19>
			<y19>148.701754</y19>
		</polygon>
	</object>
	<object>
		<name>Tissues</name>
		<pose>Unspecified</pose>
		<truncated>0</truncated>
		<difficult>0</difficult>
		<occluded>0</occluded>
		<bndbox>
			<xmin>306</xmin>
			<xmax>333</xmax>
			<ymin>159</ymin>
			<ymax>182</ymax>
		</bndbox>
		<polygon>
			<x1>316.264</x1>
			<y1>181.087719</y1>
			<x2>318.032</x2>
			<y2>180.859649</y2>
			<x3>326.872</x3>
			<y3>177.666667</y3>
			<x4>327.496</x4>
			<y4>174.929825</y4>
			<x5>329.784</x5>
			<y5>175.385965</y5>
			<x6>332.072</x6>
			<y6>166.947368</y6>
			<x7>331.24</x7>
			<y7>162.614035</y7>
			<x8>327.392</x8>
			<y8>162.842105</y8>
			<x9>325.312</x9>
			<y9>158.964912</y9>
			<x10>322.192</x10>
			<y10>158.052632</y10>
			<x11>316.472</x11>
			<y11>161.473684</y11>
			<x12>311.272</x12>
			<y12>161.929825</y12>
			<x13>305.136</x13>
			<y13>165.578947</y13>
			<x14>305.552</x14>
			<y14>176.298246</y14>
			<x15>312.416</x15>
			<y15>178.807018</y15>
			<x16>316.264</x16>
			<y16>181.087719</y16>
		</polygon>
	</object>
</annotation>
