<annotation>
	<folder></folder>
	<filename>000030_JPG.rf.461cbf5eed30d5d830197718d2a0f128.jpg</filename>
	<path>000030_JPG.rf.461cbf5eed30d5d830197718d2a0f128.jpg</path>
	<source>
		<database>roboflow.ai</database>
	</source>
	<size>
		<width>416</width>
		<height>416</height>
		<depth>3</depth>
	</size>
	<segmented>0</segmented>
	<object>
		<name>Disposable plastic cup</name>
		<pose>Unspecified</pose>
		<truncated>0</truncated>
		<difficult>0</difficult>
		<occluded>0</occluded>
		<bndbox>
			<xmin>55</xmin>
			<xmax>252</xmax>
			<ymin>185</ymin>
			<ymax>372</ymax>
		</bndbox>
		<polygon>
			<x1>155.133333</x1>
			<y1>370.5</y1>
			<x2>166.4</x2>
			<y2>349.05</y2>
			<x3>188.933333</x3>
			<y3>328.575</y3>
			<x4>209.3</x4>
			<y4>319.475</y4>
			<x5>237.033333</x5>
			<y5>243.75</y5>
			<x6>241.8</x6>
			<y6>234.65</y6>
			<x7>251.333333</x7>
			<y7>226.85</y7>
			<x8>249.6</x8>
			<y8>216.45</y8>
			<x9>230.966667</x9>
			<y9>203.45</y9>
			<x10>201.066667</x10>
			<y10>193.7</y10>
			<x11>164.666667</x11>
			<y11>186.875</y11>
			<x12>129.133333</x12>
			<y12>183.95</y12>
			<x13>101.4</x13>
			<y13>183.625</y13>
			<x14>77.133333</x14>
			<y14>188.175</y14>
			<x15>64.133333</x15>
			<y15>198.25</y15>
			<x16>62.4</x16>
			<y16>205.075</y16>
			<x17>67.166667</x17>
			<y17>210.6</y17>
			<x18>54.166667</x18>
			<y18>356.85</y18>
			<x19>107.033333</x19>
			<y19>364.975</y19>
			<x20>155.133333</x20>
			<y20>370.5</y20>
		</polygon>
	</object>
</annotation>
