<annotation>
	<folder></folder>
	<filename>000057_jpg.rf.16cd266db89ce71b88c7a01c43c96a8a.jpg</filename>
	<path>000057_jpg.rf.16cd266db89ce71b88c7a01c43c96a8a.jpg</path>
	<source>
		<database>roboflow.ai</database>
	</source>
	<size>
		<width>416</width>
		<height>416</height>
		<depth>3</depth>
	</size>
	<segmented>0</segmented>
	<object>
		<name>Crisp packet</name>
		<pose>Unspecified</pose>
		<truncated>0</truncated>
		<difficult>0</difficult>
		<occluded>0</occluded>
		<bndbox>
			<xmin>197</xmin>
			<xmax>264</xmax>
			<ymin>219</ymin>
			<ymax>263</ymax>
		</bndbox>
		<polygon>
			<x1>240.8</x1>
			<y1>261.8</y1>
			<x2>253.066667</x2>
			<y2>259.1</y2>
			<x3>258.4</x3>
			<y3>245</y3>
			<x4>263.466667</x4>
			<y4>229.1</y4>
			<x5>252.8</x5>
			<y5>225.3</y5>
			<x6>242.4</x6>
			<y6>222.7</y6>
			<x7>230.4</x7>
			<y7>222.3</y7>
			<x8>221.733333</x8>
			<y8>223</y8>
			<x9>216.933333</x9>
			<y9>222.7</y9>
			<x10>213.066667</x10>
			<y10>222.9</y10>
			<x11>209.2</x11>
			<y11>220.8</y11>
			<x12>206.266667</x12>
			<y12>220.8</y12>
			<x13>202</x13>
			<y13>218.1</y13>
			<x14>199.466667</x14>
			<y14>222.3</y14>
			<x15>200</x15>
			<y15>237.5</y15>
			<x16>198.266667</x16>
			<y16>247.4</y16>
			<x17>195.733333</x17>
			<y17>254.5</y17>
			<x18>213.066667</x18>
			<y18>250.8</y18>
			<x19>221.466667</x19>
			<y19>256.8</y19>
			<x20>240.8</x20>
			<y20>261.8</y20>
		</polygon>
	</object>
	<object>
		<name>Plastic film</name>
		<pose>Unspecified</pose>
		<truncated>0</truncated>
		<difficult>0</difficult>
		<occluded>0</occluded>
		<bndbox>
			<xmin>302</xmin>
			<xmax>335</xmax>
			<ymin>123</ymin>
			<ymax>140</ymax>
		</bndbox>
		<polygon>
			<x1>305.733333</x1>
			<y1>122.7</y1>
			<x2>304</x2>
			<y2>121.7</y2>
			<x3>300.533333</x3>
			<y3>124.8</y3>
			<x4>331.733333</x4>
			<y4>139</y4>
			<x5>333.733333</x5>
			<y5>136</y5>
			<x6>306.933333</x6>
			<y6>122</y6>
			<x7>305.733333</x7>
			<y7>122.7</y7>
		</polygon>
	</object>
	<object>
		<name>Unlabeled litter</name>
		<pose>Unspecified</pose>
		<truncated>0</truncated>
		<difficult>0</difficult>
		<occluded>0</occluded>
		<bndbox>
			<xmin>312</xmin>
			<xmax>342</xmax>
			<ymin>80</ymin>
			<ymax>101</ymax>
		</bndbox>
		<polygon>
			<x1>341.333333</x1>
			<y1>93.5</y1>
			<x2>334</x2>
			<y2>88</y2>
			<x3>336.533333</x3>
			<y3>84.4</y3>
			<x4>335.733333</x4>
			<y4>80.7</y4>
			<x5>327.466667</x5>
			<y5>83</y5>
			<x6>324.133333</x6>
			<y6>81.9</y6>
			<x7>322.266667</x7>
			<y7>82.7</y7>
			<x8>317.2</x8>
			<y8>79.1</y8>
			<x9>310.8</x9>
			<y9>84.9</y9>
			<x10>319.466667</x10>
			<y10>88.8</y10>
			<x11>318.666667</x11>
			<y11>90.5</y11>
			<x12>322</x12>
			<y12>96.6</y12>
			<x13>331.466667</x13>
			<y13>99.5</y13>
			<x14>338.4</x14>
			<y14>96</y14>
			<x15>341.333333</x15>
			<y15>93.5</y15>
		</polygon>
	</object>
	<object>
		<name>Unlabeled litter</name>
		<pose>Unspecified</pose>
		<truncated>0</truncated>
		<difficult>0</difficult>
		<occluded>0</occluded>
		<bndbox>
			<xmin>367</xmin>
			<xmax>400</xmax>
			<ymin>316</ymin>
			<ymax>337</ymax>
		</bndbox>
		<polygon>
			<x1>377.466667</x1>
			<y1>336.1</y1>
			<x2>390</x2>
			<y2>336.1</y2>
			<x3>394</x3>
			<y3>333.8</y3>
			<x4>398.8</x4>
			<y4>328.7</y4>
			<x5>390.133333</x5>
			<y5>326.8</y5>
			<x6>393.466667</x6>
			<y6>323.3</y6>
			<x7>383.733333</x7>
			<y7>320.1</y7>
			<x8>378</x8>
			<y8>316.1</y8>
			<x9>373.333333</x9>
			<y9>315</y9>
			<x10>372.266667</x10>
			<y10>316.8</y10>
			<x11>373.733333</x11>
			<y11>319.5</y11>
			<x12>376.266667</x12>
			<y12>326.5</y12>
			<x13>376</x13>
			<y13>328.7</y13>
			<x14>368.4</x14>
			<y14>324.3</y14>
			<x15>365.866667</x15>
			<y15>326</y15>
			<x16>371.333333</x16>
			<y16>333.9</y16>
			<x17>377.466667</x17>
			<y17>336.1</y17>
		</polygon>
	</object>
	<object>
		<name>Glass bottle</name>
		<pose>Unspecified</pose>
		<truncated>0</truncated>
		<difficult>0</difficult>
		<occluded>0</occluded>
		<bndbox>
			<xmin>171</xmin>
			<xmax>234</xmax>
			<ymin>32</ymin>
			<ymax>51</ymax>
		</bndbox>
		<polygon>
			<x1>182.533333</x1>
			<y1>45.3</y1>
			<x2>185.333333</x2>
			<y2>47.4</y2>
			<x3>191.333333</x3>
			<y3>49.6</y3>
			<x4>198.666667</x4>
			<y4>49</y4>
			<x5>210.8</x5>
			<y5>46.8</y5>
			<x6>211.733333</x6>
			<y6>43.1</y6>
			<x7>216.8</x7>
			<y7>45.4</y7>
			<x8>220.533333</x8>
			<y8>43.7</y8>
			<x9>228.4</x9>
			<y9>44.2</y9>
			<x10>233.333333</x10>
			<y10>43</y10>
			<x11>231.733333</x11>
			<y11>31.1</y11>
			<x12>197.6</x12>
			<y12>32.6</y12>
			<x13>191.333333</x13>
			<y13>31.8</y13>
			<x14>186</x14>
			<y14>34.4</y14>
			<x15>182.133333</x15>
			<y15>37.3</y15>
			<x16>170.266667</x16>
			<y16>38.7</y16>
			<x17>170.533333</x17>
			<y17>44</y17>
			<x18>171.6</x18>
			<y18>46</y18>
			<x19>182.533333</x19>
			<y19>45.3</y19>
		</polygon>
	</object>
	<object>
		<name>Unlabeled litter</name>
		<pose>Unspecified</pose>
		<truncated>0</truncated>
		<difficult>0</difficult>
		<occluded>0</occluded>
		<bndbox>
			<xmin>48</xmin>
			<xmax>59</xmax>
			<ymin>96</ymin>
			<ymax>101</ymax>
		</bndbox>
		<polygon>
			<x1>58.133333</x1>
			<y1>95.1</y1>
			<x2>52.8</x2>
			<y2>95.2</y2>
			<x3>48.933333</x3>
			<y3>96.5</y3>
			<x4>47.066667</x4>
			<y4>98.8</y4>
			<x5>47.6</x5>
			<y5>100</y5>
			<x6>58.4</x6>
			<y6>98.2</y6>
			<x7>58.133333</x7>
			<y7>95.1</y7>
		</polygon>
	</object>
	<object>
		<name>Plastic film</name>
		<pose>Unspecified</pose>
		<truncated>0</truncated>
		<difficult>0</difficult>
		<occluded>0</occluded>
		<bndbox>
			<xmin>114</xmin>
			<xmax>148</xmax>
			<ymin>380</ymin>
			<ymax>398</ymax>
		</bndbox>
		<polygon>
			<x1>145.6</x1>
			<y1>387.4</y1>
			<x2>135.333333</x2>
			<y2>382</y2>
			<x3>129.6</x3>
			<y3>378.5</y3>
			<x4>119.733333</x4>
			<y4>378.7</y4>
			<x5>115.6</x5>
			<y5>382.2</y5>
			<x6>113.066667</x6>
			<y6>387</y6>
			<x7>113.866667</x7>
			<y7>390.8</y7>
			<x8>115.733333</x8>
			<y8>391.1</y8>
			<x9>117.333333</x9>
			<y9>390.9</y9>
			<x10>119.733333</x10>
			<y10>389.2</y10>
			<x11>122.266667</x11>
			<y11>392</y11>
			<x12>142.533333</x12>
			<y12>396.8</y12>
			<x13>147.333333</x13>
			<y13>390.6</y13>
			<x14>145.6</x14>
			<y14>387.4</y14>
		</polygon>
	</object>
	<object>
		<name>Cigarette</name>
		<pose>Unspecified</pose>
		<truncated>0</truncated>
		<difficult>0</difficult>
		<occluded>0</occluded>
		<bndbox>
			<xmin>367</xmin>
			<xmax>372</xmax>
			<ymin>16</ymin>
			<ymax>21</ymax>
		</bndbox>
		<polygon>
			<x1>369.2</x1>
			<y1>15.9</y1>
			<x2>366.266667</x2>
			<y2>15.4</y2>
			<x3>367.2</x3>
			<y3>19.7</y3>
			<x4>369.066667</x4>
			<y4>20.4</y4>
			<x5>370.666667</x5>
			<y5>20.4</y5>
			<x6>369.2</x6>
			<y6>15.9</y6>
		</polygon>
	</object>
	<object>
		<name>Plastic film</name>
		<pose>Unspecified</pose>
		<truncated>0</truncated>
		<difficult>0</difficult>
		<occluded>0</occluded>
		<bndbox>
			<xmin>180</xmin>
			<xmax>192</xmax>
			<ymin>383</ymin>
			<ymax>395</ymax>
		</bndbox>
		<polygon>
			<x1>181.466667</x1>
			<y1>381.5</y1>
			<x2>179.066667</x2>
			<y2>385</y2>
			<x3>187.733333</x3>
			<y3>393.6</y3>
			<x4>188</x4>
			<y4>391.1</y4>
			<x5>190.933333</x5>
			<y5>388.9</y5>
			<x6>181.466667</x6>
			<y6>381.5</y6>
		</polygon>
	</object>
</annotation>
