<annotation>
	<folder></folder>
	<filename>000090_jpg.rf.cf07ba0071b8f823ab36d320160c9164.jpg</filename>
	<path>000090_jpg.rf.cf07ba0071b8f823ab36d320160c9164.jpg</path>
	<source>
		<database>roboflow.ai</database>
	</source>
	<size>
		<width>416</width>
		<height>416</height>
		<depth>3</depth>
	</size>
	<segmented>0</segmented>
	<object>
		<name>Clear plastic bottle</name>
		<pose>Unspecified</pose>
		<truncated>0</truncated>
		<difficult>0</difficult>
		<occluded>0</occluded>
		<bndbox>
			<xmin>160</xmin>
			<xmax>344</xmax>
			<ymin>158</ymin>
			<ymax>270</ymax>
		</bndbox>
		<polygon>
			<x1>325.637255</x1>
			<y1>246.065359</y1>
			<x2>339.911765</x2>
			<y2>249.633987</y2>
			<x3>343.22549</x3>
			<y3>228.732026</y3>
			<x4>340.54902</x4>
			<y4>205.45098</y4>
			<x5>325.637255</x5>
			<y5>203.581699</y5>
			<x6>281.411765</x6>
			<y6>164.666667</y6>
			<x7>176.77451</x7>
			<y7>156.849673</y7>
			<x8>161.22549</x8>
			<y8>185.398693</y8>
			<x9>159.313725</x9>
			<y9>216.666667</y9>
			<x10>176.137255</x10>
			<y10>250.48366</y10>
			<x11>218.45098</x11>
			<y11>255.581699</y11>
			<x12>280.137255</x12>
			<y12>268.666667</y12>
			<x13>305.5</x13>
			<y13>258.300654</y13>
			<x14>325.637255</x14>
			<y14>246.065359</y14>
		</polygon>
	</object>
	<object>
		<name>Cigarette</name>
		<pose>Unspecified</pose>
		<truncated>0</truncated>
		<difficult>0</difficult>
		<occluded>0</occluded>
		<bndbox>
			<xmin>37</xmin>
			<xmax>53</xmax>
			<ymin>153</ymin>
			<ymax>187</ymax>
		</bndbox>
		<polygon>
			<x1>35.558824</x1>
			<y1>154.640523</y1>
			<x2>43.715686</x2>
			<y2>185.738562</y2>
			<x3>51.872549</x3>
			<y3>181.150327</y3>
			<x4>42.95098</x4>
			<y4>152.431373</y4>
			<x5>35.558824</x5>
			<y5>154.640523</y5>
		</polygon>
	</object>
</annotation>
