<annotation>
	<folder></folder>
	<filename>000021_jpg.rf.d55bbbf08f9cd7bda3cadb22462e42cb.jpg</filename>
	<path>000021_jpg.rf.d55bbbf08f9cd7bda3cadb22462e42cb.jpg</path>
	<source>
		<database>roboflow.ai</database>
	</source>
	<size>
		<width>416</width>
		<height>416</height>
		<depth>3</depth>
	</size>
	<segmented>0</segmented>
	<object>
		<name>Plastic film</name>
		<pose>Unspecified</pose>
		<truncated>0</truncated>
		<difficult>0</difficult>
		<occluded>0</occluded>
		<bndbox>
			<xmin>183</xmin>
			<xmax>230</xmax>
			<ymin>262</ymin>
			<ymax>299</ymax>
		</bndbox>
		<polygon>
			<x1>201.202614</x1>
			<y1>295.04902</y1>
			<x2>216.836601</x2>
			<y2>290.078431</y2>
			<x3>228.901961</x3>
			<y3>283.960784</y3>
			<x4>228.562092</x4>
			<y4>279.754902</y4>
			<x5>228.392157</x5>
			<y5>273</y5>
			<x6>227.712418</x6>
			<y6>263.823529</y6>
			<x7>225.673203</x7>
			<y7>261.529412</y7>
			<x8>219.215686</x8>
			<y8>260.764706</y8>
			<x9>215.477124</x9>
			<y9>261.27451</y9>
			<x10>206.130719</x10>
			<y10>267.901961</y10>
			<x11>182.339869</x11>
			<y11>288.039216</y11>
			<x12>185.568627</x12>
			<y12>295.04902</y12>
			<x13>187.098039</x13>
			<y13>297.980392</y13>
			<x14>201.202614</x14>
			<y14>295.04902</y14>
		</polygon>
	</object>
</annotation>
