<annotation>
	<folder></folder>
	<filename>000045_jpg.rf.ae14d0694af6801f98fdcba569cb3d8c.jpg</filename>
	<path>000045_jpg.rf.ae14d0694af6801f98fdcba569cb3d8c.jpg</path>
	<source>
		<database>roboflow.ai</database>
	</source>
	<size>
		<width>416</width>
		<height>416</height>
		<depth>3</depth>
	</size>
	<segmented>0</segmented>
	<object>
		<name>Clear plastic bottle</name>
		<pose>Unspecified</pose>
		<truncated>0</truncated>
		<difficult>0</difficult>
		<occluded>0</occluded>
		<bndbox>
			<xmin>193</xmin>
			<xmax>207</xmax>
			<ymin>158</ymin>
			<ymax>172</ymax>
		</bndbox>
		<polygon>
			<x1>205.623656</x1>
			<y1>169.104839</y1>
			<x2>205.204301</x2>
			<y2>166.274194</y2>
			<x3>199.612903</x3>
			<y3>158.620968</y3>
			<x4>196.956989</x4>
			<y4>158.096774</y4>
			<x5>195.419355</x5>
			<y5>157.153226</y5>
			<x6>192.903226</x6>
			<y6>157.887097</y6>
			<x7>192.483871</x7>
			<y7>162.185484</y7>
			<x8>199.473118</x8>
			<y8>170.467742</y8>
			<x9>201.709677</x9>
			<y9>170.991935</y9>
			<x10>204.645161</x10>
			<y10>170.153226</y10>
			<x11>205.623656</x11>
			<y11>169.104839</y11>
		</polygon>
	</object>
</annotation>
