<annotation>
	<folder></folder>
	<filename>000064_jpg.rf.4b424bc1848a5ab99d54c8bacccc1305.jpg</filename>
	<path>000064_jpg.rf.4b424bc1848a5ab99d54c8bacccc1305.jpg</path>
	<source>
		<database>roboflow.ai</database>
	</source>
	<size>
		<width>416</width>
		<height>416</height>
		<depth>3</depth>
	</size>
	<segmented>0</segmented>
	<object>
		<name>Plastic film</name>
		<pose>Unspecified</pose>
		<truncated>0</truncated>
		<difficult>0</difficult>
		<occluded>0</occluded>
		<bndbox>
			<xmin>200</xmin>
			<xmax>300</xmax>
			<ymin>206</ymin>
			<ymax>270</ymax>
		</bndbox>
		<polygon>
			<x1>267.378378</x1>
			<y1>268.501901</y1>
			<x2>277.567568</x2>
			<y2>265.931559</y2>
			<x3>299</x3>
			<y3>253.673004</y3>
			<x4>297.067568</x4>
			<y4>248.136882</y4>
			<x5>292.5</x5>
			<y5>242.60076</y5>
			<x6>276.689189</x6>
			<y6>232.51711</y6>
			<x7>273.527027</x7>
			<y7>226.190114</y7>
			<x8>268.256757</x8>
			<y8>225.992395</y8>
			<x9>260</x9>
			<y9>217.787072</y9>
			<x10>259.824324</x10>
			<y10>215.019011</y10>
			<x11>248.756757</x11>
			<y11>207.307985</y11>
			<x12>234.351351</x12>
			<y12>205.034221</y12>
			<x13>233.121622</x13>
			<y13>209.581749</y13>
			<x14>213.972973</x14>
			<y14>213.338403</y14>
			<x15>202.027027</x15>
			<y15>219.171103</y15>
			<x16>198.864865</x16>
			<y16>227.079848</y16>
			<x17>205.189189</x17>
			<y17>239.73384</y17>
			<x18>237.162162</x18>
			<y18>254.760456</y18>
			<x19>250.689189</x19>
			<y19>261.186312</y19>
			<x20>267.378378</x20>
			<y20>268.501901</y20>
		</polygon>
	</object>
</annotation>
