<annotation>
	<folder></folder>
	<filename>000052_jpg.rf.9f6b782f7025185d0ea341af503373b0.jpg</filename>
	<path>000052_jpg.rf.9f6b782f7025185d0ea341af503373b0.jpg</path>
	<source>
		<database>roboflow.ai</database>
	</source>
	<size>
		<width>416</width>
		<height>416</height>
		<depth>3</depth>
	</size>
	<segmented>0</segmented>
	<object>
		<name>Other plastic wrapper</name>
		<pose>Unspecified</pose>
		<truncated>0</truncated>
		<difficult>0</difficult>
		<occluded>0</occluded>
		<bndbox>
			<xmin>80</xmin>
			<xmax>286</xmax>
			<ymin>157</ymin>
			<ymax>284</ymax>
		</bndbox>
		<polygon>
			<x1>93.820106</x1>
			<y1>215.119048</y1>
			<x2>138.804233</x2>
			<y2>232.65873</y2>
			<x3>240.878307</x3>
			<y3>276.507937</y3>
			<x4>254.634921</x4>
			<y4>282.801587</y4>
			<x5>272.931217</x5>
			<y5>257.730159</y5>
			<x6>279.809524</x6>
			<y6>246.484127</y6>
			<x7>285.449735</x7>
			<y7>234.825397</y7>
			<x8>280.910053</x8>
			<y8>232.142857</y8>
			<x9>270.042328</x9>
			<y9>227.912698</y9>
			<x10>203.047619</x10>
			<y10>196.031746</y10>
			<x11>136.740741</x11>
			<y11>165.595238</y11>
			<x12>130.137566</x12>
			<y12>162.087302</y12>
			<x13>129.174603</x13>
			<y13>160.126984</y13>
			<x14>120.783069</x14>
			<y14>156.412698</y14>
			<x15>101.936508</x15>
			<y15>180.142857</y15>
			<x16>79.100529</x16>
			<y16>210.166667</y16>
			<x17>86.391534</x17>
			<y17>213.15873</y17>
			<x18>90.380952</x18>
			<y18>213.571429</y18>
			<x19>93.820106</x19>
			<y19>215.119048</y19>
		</polygon>
	</object>
	<object>
		<name>Cigarette</name>
		<pose>Unspecified</pose>
		<truncated>0</truncated>
		<difficult>0</difficult>
		<occluded>0</occluded>
		<bndbox>
			<xmin>1</xmin>
			<xmax>50</xmax>
			<ymin>402</ymin>
			<ymax>415</ymax>
		</bndbox>
		<polygon>
			<x1>45.121693</x1>
			<y1>413.833333</y1>
			<x2>48.560847</x2>
			<y2>404.34127</y2>
			<x3>3.301587</x3>
			<y3>400.936508</y3>
			<x4>0.412698</x4>
			<y4>405.992063</y4>
			<x5>0.275132</x5>
			<y5>411.873016</y5>
			<x6>45.121693</x6>
			<y6>413.833333</y6>
		</polygon>
	</object>
	<object>
		<name>Cigarette</name>
		<pose>Unspecified</pose>
		<truncated>0</truncated>
		<difficult>0</difficult>
		<occluded>0</occluded>
		<bndbox>
			<xmin>49</xmin>
			<xmax>87</xmax>
			<ymin>411</ymin>
			<ymax>417</ymax>
		</bndbox>
		<polygon>
			<x1>86.253968</x1>
			<y1>411.253968</y1>
			<x2>75.936508</x2>
			<y2>411.047619</y2>
			<x3>64.243386</x3>
			<y3>410.944444</y3>
			<x4>52.825397</x4>
			<y4>409.706349</y4>
			<x5>47.597884</x5>
			<y5>415.690476</y5>
			<x6>83.227513</x6>
			<y6>415.896825</y6>
			<x7>86.253968</x7>
			<y7>411.253968</y7>
		</polygon>
	</object>
	<object>
		<name>Cigarette</name>
		<pose>Unspecified</pose>
		<truncated>0</truncated>
		<difficult>0</difficult>
		<occluded>0</occluded>
		<bndbox>
			<xmin>109</xmin>
			<xmax>134</xmax>
			<ymin>372</ymin>
			<ymax>385</ymax>
		</bndbox>
		<polygon>
			<x1>114.592593</x1>
			<y1>375.65873</y1>
			<x2>107.989418</x2>
			<y2>378.238095</y2>
			<x3>108.402116</x3>
			<y3>383.706349</y3>
			<x4>132.47619</x4>
			<y4>378.134921</y4>
			<x5>133.439153</x5>
			<y5>371.325397</y5>
			<x6>114.592593</x6>
			<y6>375.65873</y6>
		</polygon>
	</object>
	<object>
		<name>Other plastic wrapper</name>
		<pose>Unspecified</pose>
		<truncated>0</truncated>
		<difficult>0</difficult>
		<occluded>0</occluded>
		<bndbox>
			<xmin>71</xmin>
			<xmax>81</xmax>
			<ymin>62</ymin>
			<ymax>71</ymax>
		</bndbox>
		<polygon>
			<x1>70.846561</x1>
			<y1>64.277778</y1>
			<x2>71.534392</x2>
			<y2>67.47619</y2>
			<x3>76.074074</x3>
			<y3>69.539683</y3>
			<x4>79.650794</x4>
			<y4>65.722222</y4>
			<x5>70.433862</x5>
			<y5>61.388889</y5>
			<x6>70.846561</x6>
			<y6>64.277778</y6>
		</polygon>
	</object>
	<object>
		<name>Plastic film</name>
		<pose>Unspecified</pose>
		<truncated>0</truncated>
		<difficult>0</difficult>
		<occluded>0</occluded>
		<bndbox>
			<xmin>140</xmin>
			<xmax>221</xmax>
			<ymin>359</ymin>
			<ymax>401</ymax>
		</bndbox>
		<polygon>
			<x1>205.111111</x1>
			<y1>370.396825</y1>
			<x2>208.550265</x2>
			<y2>374.31746</y2>
			<x3>204.42328</x3>
			<y3>378.857143</y3>
			<x4>198.232804</x4>
			<y4>382.777778</y4>
			<x5>190.529101</x5>
			<y5>386.079365</y5>
			<x6>182</x6>
			<y6>387.007937</y6>
			<x7>174.021164</x7>
			<y7>388.452381</y7>
			<x8>174.021164</x8>
			<y8>384.634921</y8>
			<x9>167.417989</x9>
			<y9>383.396825</y9>
			<x10>148.708995</x10>
			<y10>387.31746</y10>
			<x11>139.492063</x11>
			<y11>397.428571</y11>
			<x12>154.21164</x12>
			<y12>397.119048</y12>
			<x13>162.740741</x13>
			<y13>399.801587</y13>
			<x14>184.201058</x14>
			<y14>396.087302</y14>
			<x15>187.227513</x15>
			<y15>397.119048</y15>
			<x16>200.296296</x16>
			<y16>392.579365</y16>
			<x17>208.137566</x17>
			<y17>387.007937</y17>
			<x18>212.677249</x18>
			<y18>386.079365</y18>
			<x19>213.365079</x19>
			<y19>381.436508</y19>
			<x20>217.492063</x20>
			<y20>373.285714</y20>
			<x21>219.693122</x21>
			<y21>367.714286</y21>
			<x22>212.814815</x22>
			<y22>361.626984</y22>
			<x23>197.407407</x23>
			<y23>357.603175</y23>
			<x24>185.439153</x24>
			<y24>360.595238</y24>
			<x25>185.989418</x25>
			<y25>367.198413</y25>
			<x26>193.693122</x26>
			<y26>367.198413</y26>
			<x27>194.793651</x27>
			<y27>361.420635</y27>
			<x28>200.571429</x28>
			<y28>361.626984</y28>
			<x29>205.111111</x29>
			<y29>370.396825</y29>
		</polygon>
	</object>
	<object>
		<name>Scrap metal</name>
		<pose>Unspecified</pose>
		<truncated>0</truncated>
		<difficult>0</difficult>
		<occluded>0</occluded>
		<bndbox>
			<xmin>169</xmin>
			<xmax>377</xmax>
			<ymin>201</ymin>
			<ymax>399</ymax>
		</bndbox>
		<polygon>
			<x1>179.936508</x1>
			<y1>389.896825</y1>
			<x2>185.57672</x2>
			<y2>384.428571</y2>
			<x3>194.931217</x3>
			<y3>381.126984</y3>
			<x4>203.322751</x4>
			<y4>379.269841</y4>
			<x5>212.26455</x5>
			<y5>377.103175</y5>
			<x6>221.89418</x6>
			<y6>372.769841</y6>
			<x7>229.73545</x7>
			<y7>364</y7>
			<x8>233.587302</x8>
			<y8>356.468254</y8>
			<x9>237.851852</x9>
			<y9>348.420635</y9>
			<x10>240.190476</x10>
			<y10>345.119048</y10>
			<x11>241.291005</x11>
			<y11>339.857143</y11>
			<x12>243.904762</x12>
			<y12>336.761905</y12>
			<x13>246.656085</x13>
			<y13>330.261905</y13>
			<x14>249.957672</x14>
			<y14>330.15873</y14>
			<x15>248.031746</x15>
			<y15>334.801587</y15>
			<x16>246.518519</x16>
			<y16>338.619048</y16>
			<x17>246.10582</x17>
			<y17>347.079365</y17>
			<x18>244.042328</x18>
			<y18>351.309524</y18>
			<x19>243.354497</x19>
			<y19>353.992063</y19>
			<x20>239.640212</x20>
			<y20>359.047619</y20>
			<x21>232.21164</x21>
			<y21>364.825397</y21>
			<x22>222.306878</x22>
			<y22>373.492063</y22>
			<x23>215.978836</x23>
			<y23>375.65873</y23>
			<x24>215.84127</x24>
			<y24>377.619048</y24>
			<x25>223.544974</x25>
			<y25>374.420635</y25>
			<x26>230.560847</x26>
			<y26>367.507937</y26>
			<x27>237.164021</x27>
			<y27>362.865079</y27>
			<x28>242.253968</x28>
			<y28>358.634921</y28>
			<x29>244.592593</x29>
			<y29>353.47619</y29>
			<x30>247.206349</x30>
			<y30>349.761905</y30>
			<x31>248.306878</x31>
			<y31>342.642857</y31>
			<x32>249.269841</x32>
			<y32>335.31746</y32>
			<x33>251.470899</x33>
			<y33>331.190476</y33>
			<x34>253.259259</x34>
			<y34>331.396825</y34>
			<x35>257.386243</x35>
			<y35>331.087302</y35>
			<x36>258.349206</x36>
			<y36>327.785714</y36>
			<x37>255.047619</x37>
			<y37>324.174603</y37>
			<x38>255.047619</x38>
			<y38>320.666667</y38>
			<x39>261.513228</x39>
			<y39>320.047619</y39>
			<x40>271.142857</x40>
			<y40>317.468254</y40>
			<x41>283.798942</x41>
			<y41>312.825397</y41>
			<x42>294.529101</x42>
			<y42>307.666667</y42>
			<x43>300.031746</x43>
			<y43>303.849206</y43>
			<x44>304.433862</x44>
			<y44>297.349206</y44>
			<x45>308.148148</x45>
			<y45>293.634921</y45>
			<x46>313.78836</x46>
			<y46>291.261905</y46>
			<x47>321.216931</x47>
			<y47>288.888889</y47>
			<x48>341.57672</x48>
			<y48>284.865079</y48>
			<x49>350.10582</x49>
			<y49>281.873016</y49>
			<x50>355.333333</x50>
			<y50>279.190476</y50>
			<x51>359.873016</x51>
			<y51>273.206349</y51>
			<x52>363.587302</x52>
			<y52>267.531746</y52>
			<x53>368.126984</x53>
			<y53>257.833333</y53>
			<x54>370.740741</x54>
			<y54>251.746032</y54>
			<x55>373.079365</x55>
			<y55>244.111111</y55>
			<x56>375.280423</x56>
			<y56>234.206349</y56>
			<x57>376.243386</x57>
			<y57>227.809524</y57>
			<x58>373.492063</x58>
			<y58>223.47619</y58>
			<x59>367.164021</x59>
			<y59>218.31746</y59>
			<x60>357.671958</x60>
			<y60>212.126984</y60>
			<x61>349.830688</x61>
			<y61>208.309524</y61>
			<x62>341.851852</x62>
			<y62>206.65873</y62>
			<x63>340.613757</x63>
			<y63>201.087302</y63>
			<x64>335.386243</x64>
			<y64>200.261905</y64>
			<x65>335.386243</x65>
			<y65>202.222222</y65>
			<x66>338.687831</x66>
			<y66>202.428571</y66>
			<x67>338.687831</x67>
			<y67>205.626984</y67>
			<x68>340.47619</x68>
			<y68>208.825397</y68>
			<x69>346.941799</x69>
			<y69>209.34127</y69>
			<x70>349.693122</x70>
			<y70>210.063492</y70>
			<x71>353.544974</x71>
			<y71>212.02381</y71>
			<x72>367.714286</x72>
			<y72>220.484127</y72>
			<x73>371.428571</x73>
			<y73>223.579365</y73>
			<x74>373.904762</x74>
			<y74>226.571429</y74>
			<x75>373.62963</x75>
			<y75>228.944444</y75>
			<x76>372.253968</x76>
			<y76>238.849206</y76>
			<x77>367.301587</x77>
			<y77>255.253968</y77>
			<x78>359.460317</x78>
			<y78>271.452381</y78>
			<x79>352.444444</x79>
			<y79>279.396825</y79>
			<x80>345.978836</x80>
			<y80>282.285714</y80>
			<x81>338.550265</x81>
			<y81>283.936508</y81>
			<x82>318.328042</x82>
			<y82>287.960317</y82>
			<x83>310.349206</x83>
			<y83>290.642857</y83>
			<x84>304.15873</x84>
			<y84>294.769841</y84>
			<x85>298.793651</x85>
			<y85>303.02381</y85>
			<x86>296.042328</x86>
			<y86>305.603175</y86>
			<x87>285.174603</x87>
			<y87>310.349206</y87>
			<x88>274.031746</x88>
			<y88>314.992063</y88>
			<x89>263.851852</x89>
			<y89>317.984127</y89>
			<x90>255.460317</x90>
			<y90>318.809524</y90>
			<x91>251.746032</x91>
			<y91>317.468254</y91>
			<x92>248.031746</x92>
			<y92>318.087302</y92>
			<x93>251.608466</x93>
			<y93>320.563492</y93>
			<x94>251.746032</x94>
			<y94>327.063492</y94>
			<x95>245.693122</x95>
			<y95>328.920635</y95>
			<x96>243.079365</x96>
			<y96>334.492063</y96>
			<x97>238.677249</x97>
			<y97>340.68254</y97>
			<x98>237.851852</x98>
			<y98>346.253968</y98>
			<x99>232.899471</x99>
			<y99>352.960317</y99>
			<x100>231.248677</x100>
			<y100>357.912698</y100>
			<x101>225.608466</x101>
			<y101>364.722222</y101>
			<x102>222.306878</x102>
			<y102>369.984127</y102>
			<x103>213.502646</x103>
			<y103>375.452381</y103>
			<x104>203.73545</x104>
			<y104>377.722222</y104>
			<x105>197.132275</x105>
			<y105>377.412698</y105>
			<x106>188.603175</x106>
			<y106>379.579365</y106>
			<x107>182</x107>
			<y107>383.809524</y107>
			<x108>177.460317</x108>
			<y108>388.452381</y108>
			<x109>171.407407</x109>
			<y109>390.515873</y109>
			<x110>168.10582</x110>
			<y110>394.230159</y110>
			<x111>170.719577</x111>
			<y111>397.738095</y111>
			<x112>176.359788</x112>
			<y112>397.84127</y112>
			<x113>182</x113>
			<y113>394.02381</y113>
			<x114>179.936508</x114>
			<y114>389.896825</y114>
		</polygon>
	</object>
</annotation>
