<annotation>
	<folder></folder>
	<filename>000013_jpg.rf.2b8b9ef3091578f830b10ef3d800e013.jpg</filename>
	<path>000013_jpg.rf.2b8b9ef3091578f830b10ef3d800e013.jpg</path>
	<source>
		<database>roboflow.ai</database>
	</source>
	<size>
		<width>416</width>
		<height>416</height>
		<depth>3</depth>
	</size>
	<segmented>0</segmented>
	<object>
		<name>Plastic bottle cap</name>
		<pose>Unspecified</pose>
		<truncated>0</truncated>
		<difficult>0</difficult>
		<occluded>0</occluded>
		<bndbox>
			<xmin>209</xmin>
			<xmax>221</xmax>
			<ymin>301</ymin>
			<ymax>310</ymax>
		</bndbox>
		<polygon>
			<x1>209.189542</x1>
			<y1>307.539216</y1>
			<x2>212.418301</x2>
			<y2>308.941176</y2>
			<x3>215.816993</x3>
			<y3>309.068627</y3>
			<x4>218.875817</x4>
			<y4>307.794118</y4>
			<x5>219.72549</x5>
			<y5>305.5</y5>
			<x6>219.555556</x6>
			<y6>302.696078</y6>
			<x7>216.836601</x7>
			<y7>300.529412</y7>
			<x8>212.418301</x8>
			<y8>299.892157</y8>
			<x9>209.699346</x9>
			<y9>301.676471</y9>
			<x10>207.830065</x10>
			<y10>303.333333</y10>
			<x11>207.830065</x11>
			<y11>305.5</y11>
			<x12>209.189542</x12>
			<y12>307.539216</y12>
		</polygon>
	</object>
	<object>
		<name>Clear plastic bottle</name>
		<pose>Unspecified</pose>
		<truncated>0</truncated>
		<difficult>0</difficult>
		<occluded>0</occluded>
		<bndbox>
			<xmin>182</xmin>
			<xmax>239</xmax>
			<ymin>57</ymin>
			<ymax>84</ymax>
		</bndbox>
		<polygon>
			<x1>183.529412</x1>
			<y1>79.529412</y1>
			<x2>186.078431</x2>
			<y2>81.823529</y2>
			<x3>188.797386</x3>
			<y3>82.588235</y3>
			<x4>193.045752</x4>
			<y4>81.696078</y4>
			<x5>198.993464</x5>
			<y5>79.401961</y5>
			<x6>206.980392</x6>
			<y6>76.215686</y6>
			<x7>213.267974</x7>
			<y7>73.794118</y7>
			<x8>223.464052</x8>
			<y8>71.117647</y8>
			<x9>230.431373</x9>
			<y9>68.95098</y9>
			<x10>232.810458</x10>
			<y10>66.27451</y10>
			<x11>234</x11>
			<y11>64.235294</y11>
			<x12>237.908497</x12>
			<y12>62.705882</y12>
			<x13>237.908497</x13>
			<y13>60.666667</y13>
			<x14>237.058824</x14>
			<y14>57.735294</y14>
			<x15>234.509804</x15>
			<y15>56.588235</y15>
			<x16>230.771242</x16>
			<y16>57.735294</y16>
			<x17>229.071895</x17>
			<y17>56.715686</y17>
			<x18>224.653595</x18>
			<y18>56.333333</y18>
			<x19>217.006536</x19>
			<y19>58.754902</y19>
			<x20>204.431373</x20>
			<y20>63.72549</y20>
			<x21>199.503268</x21>
			<y21>64.872549</y21>
			<x22>182</x22>
			<y22>70.735294</y22>
			<x23>180.980392</x23>
			<y23>73.794118</y23>
			<x24>181.830065</x24>
			<y24>76.598039</y24>
			<x25>183.529412</x25>
			<y25>79.529412</y25>
		</polygon>
	</object>
	<object>
		<name>Plastic bottle cap</name>
		<pose>Unspecified</pose>
		<truncated>0</truncated>
		<difficult>0</difficult>
		<occluded>0</occluded>
		<bndbox>
			<xmin>233</xmin>
			<xmax>239</xmax>
			<ymin>57</ymin>
			<ymax>64</ymax>
		</bndbox>
		<polygon>
			<x1>236.54902</x1>
			<y1>63.088235</y1>
			<x2>238.248366</x2>
			<y2>62.833333</y2>
			<x3>238.078431</x3>
			<y3>60.539216</y3>
			<x4>237.228758</x4>
			<y4>58.5</y4>
			<x5>236.20915</x5>
			<y5>56.970588</y5>
			<x6>234.169935</x6>
			<y6>56.078431</y6>
			<x7>231.960784</x7>
			<y7>57.098039</y7>
			<x8>234.169935</x8>
			<y8>57.735294</y8>
			<x9>235.699346</x9>
			<y9>59.647059</y9>
			<x10>236.54902</x10>
			<y10>61.558824</y10>
			<x11>236.54902</x11>
			<y11>63.088235</y11>
		</polygon>
	</object>
</annotation>
