<annotation>
	<folder></folder>
	<filename>000069_jpg.rf.e24200d9faff205ea92e6fe03bbadc20.jpg</filename>
	<path>000069_jpg.rf.e24200d9faff205ea92e6fe03bbadc20.jpg</path>
	<source>
		<database>roboflow.ai</database>
	</source>
	<size>
		<width>416</width>
		<height>416</height>
		<depth>3</depth>
	</size>
	<segmented>0</segmented>
	<object>
		<name>Plastic lid</name>
		<pose>Unspecified</pose>
		<truncated>0</truncated>
		<difficult>0</difficult>
		<occluded>0</occluded>
		<bndbox>
			<xmin>5</xmin>
			<xmax>37</xmax>
			<ymin>44</ymin>
			<ymax>48</ymax>
		</bndbox>
		<polygon>
			<x1>35.122807</x1>
			<y1>45.24</y1>
			<x2>35.807018</x2>
			<y2>44.096</y2>
			<x3>27.596491</x3>
			<y3>43.368</y3>
			<x4>22.122807</x4>
			<y4>43.16</y4>
			<x5>3.649123</x5>
			<y5>44.408</y5>
			<x6>4.333333</x6>
			<y6>45.76</y6>
			<x7>9.350877</x7>
			<y7>47.112</y7>
			<x8>18.701754</x8>
			<y8>47.216</y8>
			<x9>25.77193</x9>
			<y9>46.488</y9>
			<x10>32.614035</x10>
			<y10>45.24</y10>
			<x11>35.122807</x11>
			<y11>45.24</y11>
		</polygon>
	</object>
	<object>
		<name>Clear plastic bottle</name>
		<pose>Unspecified</pose>
		<truncated>0</truncated>
		<difficult>0</difficult>
		<occluded>0</occluded>
		<bndbox>
			<xmin>205</xmin>
			<xmax>263</xmax>
			<ymin>200</ymin>
			<ymax>220</ymax>
		</bndbox>
		<polygon>
			<x1>239.017544</x1>
			<y1>215.904</y1>
			<x2>247.45614</x2>
			<y2>218.296</y2>
			<x3>251.789474</x3>
			<y3>218.92</y3>
			<x4>257.491228</x4>
			<y4>219.024</y4>
			<x5>261.596491</x5>
			<y5>218.608</y5>
			<x6>260.684211</x6>
			<y6>215.384</y6>
			<x7>257.491228</x7>
			<y7>213.824</y7>
			<x8>254.070175</x8>
			<y8>209.976</y8>
			<x9>246.315789</x9>
			<y9>206.44</y9>
			<x10>231.263158</x10>
			<y10>201.968</y10>
			<x11>221</x11>
			<y11>199.16</y11>
			<x12>212.789474</x12>
			<y12>202.28</y12>
			<x13>204.578947</x13>
			<y13>203.84</y13>
			<x14>203.666667</x14>
			<y14>207.272</y14>
			<x15>216.666667</x15>
			<y15>212.368</y15>
			<x16>225.333333</x16>
			<y16>214.76</y16>
			<x17>234</x17>
			<y17>215.8</y17>
			<x18>239.017544</x18>
			<y18>215.904</y18>
		</polygon>
	</object>
</annotation>
