<annotation>
	<folder></folder>
	<filename>000082_JPG.rf.32c9d08abbc617139da2849f0f24ccf3.jpg</filename>
	<path>000082_JPG.rf.32c9d08abbc617139da2849f0f24ccf3.jpg</path>
	<source>
		<database>roboflow.ai</database>
	</source>
	<size>
		<width>416</width>
		<height>416</height>
		<depth>3</depth>
	</size>
	<segmented>0</segmented>
	<object>
		<name>Drink can</name>
		<pose>Unspecified</pose>
		<truncated>0</truncated>
		<difficult>0</difficult>
		<occluded>0</occluded>
		<bndbox>
			<xmin>261</xmin>
			<xmax>270</xmax>
			<ymin>165</ymin>
			<ymax>179</ymax>
		</bndbox>
		<polygon>
			<x1>263.730435</x1>
			<y1>177.553623</y1>
			<x2>266.104348</x2>
			<y2>177.855072</y2>
			<x3>268.252174</x3>
			<y3>176.347826</y3>
			<x4>269.269565</x4>
			<y4>173.484058</y4>
			<x5>269.495652</x5>
			<y5>170.168116</y5>
			<x6>269.043478</x6>
			<y6>167.002899</y6>
			<x7>267.913043</x7>
			<y7>165.344928</y7>
			<x8>265.652174</x8>
			<y8>164.289855</y8>
			<x9>263.617391</x9>
			<y9>164.742029</y9>
			<x10>262.373913</x10>
			<y10>165.797101</y10>
			<x11>261.469565</x11>
			<y11>167.907246</y11>
			<x12>261.017391</x12>
			<y12>169.715942</y12>
			<x13>260.226087</x13>
			<y13>172.57971</y13>
			<x14>260.452174</x14>
			<y14>174.086957</y14>
			<x15>261.695652</x15>
			<y15>176.649275</y15>
			<x16>263.730435</x16>
			<y16>177.553623</y16>
		</polygon>
	</object>
	<object>
		<name>Plastic film</name>
		<pose>Unspecified</pose>
		<truncated>0</truncated>
		<difficult>0</difficult>
		<occluded>0</occluded>
		<bndbox>
			<xmin>309</xmin>
			<xmax>330</xmax>
			<ymin>142</ymin>
			<ymax>157</ymax>
		</bndbox>
		<polygon>
			<x1>329.182609</x1>
			<y1>155.547826</y1>
			<x2>329.069565</x2>
			<y2>153.73913</y2>
			<x3>327.26087</x3>
			<y3>148.765217</y3>
			<x4>321.721739</x4>
			<y4>144.243478</y4>
			<x5>317.991304</x5>
			<y5>141.530435</y5>
			<x6>314.486957</x6>
			<y6>140.927536</y6>
			<x7>309.965217</x7>
			<y7>140.776812</y7>
			<x8>307.591304</x8>
			<y8>142.133333</y8>
			<x9>308.269565</x9>
			<y9>145.147826</y9>
			<x10>309.965217</x10>
			<y10>148.463768</y10>
			<x11>312.33913</x11>
			<y11>151.628986</y11>
			<x12>313.582609</x12>
			<y12>154.191304</y12>
			<x13>317.991304</x13>
			<y13>154.191304</y13>
			<x14>329.182609</x14>
			<y14>155.547826</y14>
		</polygon>
	</object>
</annotation>
