<annotation>
	<folder></folder>
	<filename>000024_jpg.rf.09a6d5eacb7ba7e578489a262c375562.jpg</filename>
	<path>000024_jpg.rf.09a6d5eacb7ba7e578489a262c375562.jpg</path>
	<source>
		<database>roboflow.ai</database>
	</source>
	<size>
		<width>416</width>
		<height>416</height>
		<depth>3</depth>
	</size>
	<segmented>0</segmented>
	<object>
		<name>Plastic straw</name>
		<pose>Unspecified</pose>
		<truncated>0</truncated>
		<difficult>0</difficult>
		<occluded>0</occluded>
		<bndbox>
			<xmin>227</xmin>
			<xmax>278</xmax>
			<ymin>204</ymin>
			<ymax>219</ymax>
		</bndbox>
		<polygon>
			<x1>276.143791</x1>
			<y1>202.519608</y1>
			<x2>230.431373</x2>
			<y2>209.27451</y2>
			<x3>226.352941</x3>
			<y3>213.607843</y3>
			<x4>225.673203</x4>
			<y4>217.686275</y4>
			<x5>228.222222</x5>
			<y5>217.176471</y5>
			<x6>229.24183</x6>
			<y6>214.245098</y6>
			<x7>231.620915</x7>
			<y7>210.803922</y7>
			<x8>276.653595</x8>
			<y8>204.04902</y8>
			<x9>276.143791</x9>
			<y9>202.519608</y9>
		</polygon>
	</object>
	<object>
		<name>Cigarette</name>
		<pose>Unspecified</pose>
		<truncated>0</truncated>
		<difficult>0</difficult>
		<occluded>0</occluded>
		<bndbox>
			<xmin>104</xmin>
			<xmax>109</xmax>
			<ymin>59</ymin>
			<ymax>61</ymax>
		</bndbox>
		<polygon>
			<x1>108.078431</x1>
			<y1>58.245098</y1>
			<x2>102.810458</x2>
			<y2>58.754902</y2>
			<x3>103.320261</x3>
			<y3>60.029412</y3>
			<x4>108.248366</x4>
			<y4>59.901961</y4>
			<x5>108.078431</x5>
			<y5>58.245098</y5>
		</polygon>
	</object>
</annotation>
