<annotation>
	<folder></folder>
	<filename>000052_jpg.rf.646d024f980dafdecf671b76cfc9624d.jpg</filename>
	<path>000052_jpg.rf.646d024f980dafdecf671b76cfc9624d.jpg</path>
	<source>
		<database>roboflow.ai</database>
	</source>
	<size>
		<width>416</width>
		<height>416</height>
		<depth>3</depth>
	</size>
	<segmented>0</segmented>
	<object>
		<name>Other carton</name>
		<pose>Unspecified</pose>
		<truncated>0</truncated>
		<difficult>0</difficult>
		<occluded>0</occluded>
		<bndbox>
			<xmin>223</xmin>
			<xmax>372</xmax>
			<ymin>161</ymin>
			<ymax>290</ymax>
		</bndbox>
		<polygon>
			<x1>260.6</x1>
			<y1>289.333333</y1>
			<x2>262.6</x2>
			<y2>288</y2>
			<x3>282.5</x3>
			<y3>280.8</y3>
			<x4>290.3</x4>
			<y4>277.333333</y4>
			<x5>306.2</x5>
			<y5>268.266667</y5>
			<x6>338.9</x6>
			<y6>248.8</y6>
			<x7>337.9</x7>
			<y7>246.4</y7>
			<x8>344.6</x8>
			<y8>243.6</y8>
			<x9>352.9</x9>
			<y9>240</y9>
			<x10>362.7</x10>
			<y10>241.066667</y10>
			<x11>368.5</x11>
			<y11>239.866667</y11>
			<x12>370.5</x12>
			<y12>232</y12>
			<x13>370.4</x13>
			<y13>226.4</y13>
			<x14>366.9</x14>
			<y14>223.066667</y14>
			<x15>360.8</x15>
			<y15>212.8</y15>
			<x16>354.3</x16>
			<y16>204.4</y16>
			<x17>344.7</x17>
			<y17>188.133333</y17>
			<x18>337.9</x18>
			<y18>191.2</y18>
			<x19>329.7</x19>
			<y19>192</y19>
			<x20>312.3</x20>
			<y20>189.333333</y20>
			<x21>302.2</x21>
			<y21>186.133333</y21>
			<x22>288.7</x22>
			<y22>175.866667</y22>
			<x23>283.6</x23>
			<y23>166.666667</y23>
			<x24>279.4</x24>
			<y24>159.6</y24>
			<x25>267.6</x25>
			<y25>167.733333</y25>
			<x26>258.4</x26>
			<y26>174.933333</y26>
			<x27>251.7</x27>
			<y27>186.666667</y27>
			<x28>244.6</x28>
			<y28>193.066667</y28>
			<x29>231.8</x29>
			<y29>200.4</y29>
			<x30>224.4</x30>
			<y30>200.666667</y30>
			<x31>221.9</x31>
			<y31>203.6</y31>
			<x32>221.8</x32>
			<y32>212.266667</y32>
			<x33>221.5</x33>
			<y33>225.866667</y33>
			<x34>239.3</x34>
			<y34>256</y34>
			<x35>260.6</x35>
			<y35>289.333333</y35>
		</polygon>
	</object>
	<object>
		<name>Other plastic</name>
		<pose>Unspecified</pose>
		<truncated>0</truncated>
		<difficult>0</difficult>
		<occluded>0</occluded>
		<bndbox>
			<xmin>65</xmin>
			<xmax>80</xmax>
			<ymin>340</ymin>
			<ymax>360</ymax>
		</bndbox>
		<polygon>
			<x1>78.7</x1>
			<y1>354.533333</y1>
			<x2>79.1</x2>
			<y2>351.2</y2>
			<x3>75.4</x3>
			<y3>339.466667</y3>
			<x4>71.6</x4>
			<y4>340</y4>
			<x5>66.7</x5>
			<y5>342</y5>
			<x6>64.5</x6>
			<y6>345.2</y6>
			<x7>63.8</x7>
			<y7>352.4</y7>
			<x8>67</x8>
			<y8>354.4</y8>
			<x9>68.9</x9>
			<y9>354.4</y9>
			<x10>75.6</x10>
			<y10>358.933333</y10>
			<x11>78.7</x11>
			<y11>354.533333</y11>
		</polygon>
	</object>
</annotation>
