<annotation>
	<folder></folder>
	<filename>000059_jpg.rf.d211eaa6451a177abb473fb3fc74033d.jpg</filename>
	<path>000059_jpg.rf.d211eaa6451a177abb473fb3fc74033d.jpg</path>
	<source>
		<database>roboflow.ai</database>
	</source>
	<size>
		<width>416</width>
		<height>416</height>
		<depth>3</depth>
	</size>
	<segmented>0</segmented>
	<object>
		<name>Plastic film</name>
		<pose>Unspecified</pose>
		<truncated>0</truncated>
		<difficult>0</difficult>
		<occluded>0</occluded>
		<bndbox>
			<xmin>304</xmin>
			<xmax>351</xmax>
			<ymin>233</ymin>
			<ymax>261</ymax>
		</bndbox>
		<polygon>
			<x1>332.070175</x1>
			<y1>251.888</y1>
			<x2>350.087719</x2>
			<y2>233.688</y2>
			<x3>343.245614</x3>
			<y3>232.44</y3>
			<x4>325.912281</x4>
			<y4>241.488</y4>
			<x5>302.877193</x5>
			<y5>257.504</y5>
			<x6>312.45614</x6>
			<y6>260.104</y6>
			<x7>322.491228</x7>
			<y7>260.208</y7>
			<x8>332.070175</x8>
			<y8>251.888</y8>
		</polygon>
	</object>
	<object>
		<name>Other plastic</name>
		<pose>Unspecified</pose>
		<truncated>0</truncated>
		<difficult>0</difficult>
		<occluded>0</occluded>
		<bndbox>
			<xmin>234</xmin>
			<xmax>247</xmax>
			<ymin>350</ymin>
			<ymax>365</ymax>
		</bndbox>
		<polygon>
			<x1>233.087719</x1>
			<y1>350.896</y1>
			<x2>239.473684</x2>
			<y2>363.896</y2>
			<x3>245.859649</x3>
			<y3>363.168</y3>
			<x4>236.052632</x4>
			<y4>348.816</y4>
			<x5>233.087719</x5>
			<y5>350.896</y5>
		</polygon>
	</object>
</annotation>
