<annotation>
	<folder></folder>
	<filename>000030_jpg.rf.9fac832d37d7299dd34f8928312de156.jpg</filename>
	<path>000030_jpg.rf.9fac832d37d7299dd34f8928312de156.jpg</path>
	<source>
		<database>roboflow.ai</database>
	</source>
	<size>
		<width>416</width>
		<height>416</height>
		<depth>3</depth>
	</size>
	<segmented>0</segmented>
	<object>
		<name>Plastic film</name>
		<pose>Unspecified</pose>
		<truncated>0</truncated>
		<difficult>0</difficult>
		<occluded>0</occluded>
		<bndbox>
			<xmin>194</xmin>
			<xmax>300</xmax>
			<ymin>245</ymin>
			<ymax>270</ymax>
		</bndbox>
		<polygon>
			<x1>298.832041</x1>
			<y1>258.891473</y1>
			<x2>265.509044</x2>
			<y2>253.651163</y2>
			<x3>198.504737</x3>
			<y3>244.48062</y3>
			<x4>193.488372</x4>
			<y4>254.658915</y4>
			<x5>295.607235</x5>
			<y5>268.666667</y5>
			<x6>298.832041</x6>
			<y6>258.891473</y6>
		</polygon>
	</object>
</annotation>
