<annotation>
	<folder></folder>
	<filename>000015_jpg.rf.411384aa40bd016a0efa666876d0837e.jpg</filename>
	<path>000015_jpg.rf.411384aa40bd016a0efa666876d0837e.jpg</path>
	<source>
		<database>roboflow.ai</database>
	</source>
	<size>
		<width>416</width>
		<height>416</height>
		<depth>3</depth>
	</size>
	<segmented>0</segmented>
	<object>
		<name>Plastic utensils</name>
		<pose>Unspecified</pose>
		<truncated>0</truncated>
		<difficult>0</difficult>
		<occluded>0</occluded>
		<bndbox>
			<xmin>64</xmin>
			<xmax>142</xmax>
			<ymin>59</ymin>
			<ymax>117</ymax>
		</bndbox>
		<polygon>
			<x1>136.7</x1>
			<y1>115.333333</y1>
			<x2>140</x2>
			<y2>116</y2>
			<x3>140.3</x3>
			<y3>114.133333</y3>
			<x4>140.5</x4>
			<y4>110.133333</y4>
			<x5>129.4</x5>
			<y5>101.6</y5>
			<x6>119.8</x6>
			<y6>93.733333</y6>
			<x7>117.8</x7>
			<y7>96.133333</y7>
			<x8>115</x8>
			<y8>96.533333</y8>
			<x9>113.5</x9>
			<y9>92.933333</y9>
			<x10>112.3</x10>
			<y10>88.666667</y10>
			<x11>102.6</x11>
			<y11>83.066667</y11>
			<x12>94.2</x12>
			<y12>77.066667</y12>
			<x13>91.8</x13>
			<y13>74.266667</y13>
			<x14>89.4</x14>
			<y14>69.066667</y14>
			<x15>86.8</x15>
			<y15>63.866667</y15>
			<x16>85</x16>
			<y16>61.733333</y16>
			<x17>76.4</x17>
			<y17>61.6</y17>
			<x18>71.7</x18>
			<y18>58.266667</y18>
			<x19>69.1</x19>
			<y19>58.266667</y19>
			<x20>70</x20>
			<y20>59.733333</y20>
			<x21>73.3</x21>
			<y21>61.733333</y21>
			<x22>71.9</x22>
			<y22>62.533333</y22>
			<x23>66.9</x23>
			<y23>61.6</y23>
			<x24>68</x24>
			<y24>63.6</y24>
			<x25>71.8</x25>
			<y25>65.333333</y25>
			<x26>71.8</x26>
			<y26>66.933333</y26>
			<x27>64.9</x27>
			<y27>65.333333</y27>
			<x28>70.1</x28>
			<y28>68.933333</y28>
			<x29>69.7</x29>
			<y29>70.933333</y29>
			<x30>63</x30>
			<y30>68.8</y30>
			<x31>65.3</x31>
			<y31>72.8</y31>
			<x32>69.6</x32>
			<y32>79.333333</y32>
			<x33>74.8</x33>
			<y33>82</y33>
			<x34>79.5</x34>
			<y34>83.066667</y34>
			<x35>83.5</x35>
			<y35>82.266667</y35>
			<x36>90.2</x36>
			<y36>82.8</y36>
			<x37>95</x37>
			<y37>86.133333</y37>
			<x38>108.2</x38>
			<y38>96.533333</y38>
			<x39>122.4</x39>
			<y39>106.533333</y39>
			<x40>136.7</x40>
			<y40>115.333333</y40>
		</polygon>
	</object>
	<object>
		<name>Clear plastic bottle</name>
		<pose>Unspecified</pose>
		<truncated>0</truncated>
		<difficult>0</difficult>
		<occluded>0</occluded>
		<bndbox>
			<xmin>260</xmin>
			<xmax>388</xmax>
			<ymin>275</ymin>
			<ymax>414</ymax>
		</bndbox>
		<polygon>
			<x1>369.5</x1>
			<y1>408.933333</y1>
			<x2>371.8</x2>
			<y2>408.8</y2>
			<x3>375.7</x3>
			<y3>413.466667</y3>
			<x4>379.7</x4>
			<y4>408.8</y4>
			<x5>384.6</x5>
			<y5>400.666667</y5>
			<x6>386.8</x6>
			<y6>394.8</y6>
			<x7>387</x7>
			<y7>391.733333</y7>
			<x8>383.2</x8>
			<y8>386.666667</y8>
			<x9>381</x9>
			<y9>383.866667</y9>
			<x10>379.1</x10>
			<y10>383.866667</y10>
			<x11>376.8</x11>
			<y11>381.6</y11>
			<x12>370.2</x12>
			<y12>370</y12>
			<x13>364.3</x13>
			<y13>365.2</y13>
			<x14>356.6</x14>
			<y14>357.2</y14>
			<x15>349.9</x15>
			<y15>353.066667</y15>
			<x16>347</x16>
			<y16>349.733333</y16>
			<x17>329.4</x17>
			<y17>328.933333</y17>
			<x18>322</x18>
			<y18>323.6</y18>
			<x19>314.6</x19>
			<y19>312.266667</y19>
			<x20>306.8</x20>
			<y20>303.333333</y20>
			<x21>297.7</x21>
			<y21>293.066667</y21>
			<x22>293.6</x22>
			<y22>289.6</y22>
			<x23>284.8</x23>
			<y23>278.133333</y23>
			<x24>279.3</x24>
			<y24>273.6</y24>
			<x25>276.1</x25>
			<y25>276.4</y25>
			<x26>274.1</x26>
			<y26>279.2</y26>
			<x27>272</x27>
			<y27>284.4</y27>
			<x28>270.6</x28>
			<y28>285.2</y28>
			<x29>268.4</x29>
			<y29>291.066667</y29>
			<x30>266.4</x30>
			<y30>294.133333</y30>
			<x31>265.2</x31>
			<y31>299.866667</y31>
			<x32>262.1</x32>
			<y32>306.666667</y32>
			<x33>260.2</x33>
			<y33>312.666667</y33>
			<x34>258.9</x34>
			<y34>315.866667</y34>
			<x35>258.7</x35>
			<y35>320.8</y35>
			<x36>260.5</x36>
			<y36>326.666667</y36>
			<x37>268.1</x37>
			<y37>334.4</y37>
			<x38>288.1</x38>
			<y38>352.533333</y38>
			<x39>299</x39>
			<y39>362.4</y39>
			<x40>305.5</x40>
			<y40>367.6</y40>
			<x41>308.8</x41>
			<y41>371.333333</y41>
			<x42>313.3</x42>
			<y42>376</y42>
			<x43>324.1</x43>
			<y43>384.933333</y43>
			<x44>339.5</x44>
			<y44>397.333333</y44>
			<x45>364.1</x45>
			<y45>400.8</y45>
			<x46>367.1</x46>
			<y46>404.666667</y46>
			<x47>367</x47>
			<y47>406.933333</y47>
			<x48>369.5</x48>
			<y48>408.933333</y48>
		</polygon>
	</object>
	<object>
		<name>Unlabeled litter</name>
		<pose>Unspecified</pose>
		<truncated>0</truncated>
		<difficult>0</difficult>
		<occluded>0</occluded>
		<bndbox>
			<xmin>296</xmin>
			<xmax>303</xmax>
			<ymin>237</ymin>
			<ymax>250</ymax>
		</bndbox>
		<polygon>
			<x1>294.8</x1>
			<y1>240.8</y1>
			<x2>298.1</x2>
			<y2>248.666667</y2>
			<x3>301.7</x3>
			<y3>244.4</y3>
			<x4>298.7</x4>
			<y4>236.4</y4>
			<x5>294.8</x5>
			<y5>240.8</y5>
		</polygon>
	</object>
</annotation>
