<annotation>
	<folder></folder>
	<filename>000001_jpg.rf.2315086550ceb4cb1fcc927cdded2dd1.jpg</filename>
	<path>000001_jpg.rf.2315086550ceb4cb1fcc927cdded2dd1.jpg</path>
	<source>
		<database>roboflow.ai</database>
	</source>
	<size>
		<width>416</width>
		<height>416</height>
		<depth>3</depth>
	</size>
	<segmented>0</segmented>
	<object>
		<name>Cigarette</name>
		<pose>Unspecified</pose>
		<truncated>0</truncated>
		<difficult>0</difficult>
		<occluded>0</occluded>
		<bndbox>
			<xmin>303</xmin>
			<xmax>314</xmax>
			<ymin>138</ymin>
			<ymax>142</ymax>
		</bndbox>
		<polygon>
			<x1>302.823529</x1>
			<y1>141.385621</y1>
			<x2>312.127451</x2>
			<y2>140.535948</y2>
			<x3>312.637255</x3>
			<y3>137.30719</y3>
			<x4>302.313725</x4>
			<y4>137.816993</y4>
			<x5>302.823529</x5>
			<y5>141.385621</y5>
		</polygon>
	</object>
	<object>
		<name>Drink can</name>
		<pose>Unspecified</pose>
		<truncated>0</truncated>
		<difficult>0</difficult>
		<occluded>0</occluded>
		<bndbox>
			<xmin>298</xmin>
			<xmax>349</xmax>
			<ymin>156</ymin>
			<ymax>233</ymax>
		</bndbox>
		<polygon>
			<x1>330.098039</x1>
			<y1>231.620915</y1>
			<x2>334.686275</x2>
			<y2>228.901961</y2>
			<x3>345.647059</x3>
			<y3>221.594771</y3>
			<x4>348.323529</x4>
			<y4>213.777778</y4>
			<x5>336.598039</x5>
			<y5>189.477124</y5>
			<x6>318.627451</x6>
			<y6>159.568627</y6>
			<x7>313.529412</x7>
			<y7>155.830065</y7>
			<x8>309.705882</x8>
			<y8>155.150327</y8>
			<x9>305.372549</x9>
			<y9>157.869281</y9>
			<x10>300.656863</x10>
			<y10>162.457516</y10>
			<x11>298.362745</x11>
			<y11>165.856209</y11>
			<x12>297.343137</x12>
			<y12>169.594771</y12>
			<x13>298.235294</x13>
			<y13>172.143791</y13>
			<x14>298.362745</x14>
			<y14>176.562092</y14>
			<x15>317.352941</x15>
			<y15>219.555556</y15>
			<x16>322.705882</x16>
			<y16>226.862745</y16>
			<x17>327.166667</x17>
			<y17>231.620915</y17>
			<x18>330.098039</x18>
			<y18>231.620915</y18>
		</polygon>
	</object>
</annotation>
