<annotation>
	<folder></folder>
	<filename>000091_jpg.rf.5ee81b93b1067ea515586c6739cd39c5.jpg</filename>
	<path>000091_jpg.rf.5ee81b93b1067ea515586c6739cd39c5.jpg</path>
	<source>
		<database>roboflow.ai</database>
	</source>
	<size>
		<width>416</width>
		<height>416</height>
		<depth>3</depth>
	</size>
	<segmented>0</segmented>
	<object>
		<name>Glass bottle</name>
		<pose>Unspecified</pose>
		<truncated>0</truncated>
		<difficult>0</difficult>
		<occluded>0</occluded>
		<bndbox>
			<xmin>231</xmin>
			<xmax>276</xmax>
			<ymin>287</ymin>
			<ymax>343</ymax>
		</bndbox>
		<polygon>
			<x1>243.984</x1>
			<y1>318.614035</y1>
			<x2>245.336</x2>
			<y2>321.578947</y2>
			<x3>266.552</x3>
			<y3>341.877193</y3>
			<x4>269.048</x4>
			<y4>340.508772</y4>
			<x5>274.872</x5>
			<y5>328.649123</y5>
			<x6>274.872</x6>
			<y6>322.035088</y6>
			<x7>249.08</x7>
			<y7>295.578947</y7>
			<x8>246.064</x8>
			<y8>298.315789</y8>
			<x9>233.064</x9>
			<y9>286.684211</y9>
			<x10>231.816</x10>
			<y10>286.22807</y10>
			<x11>230.36</x11>
			<y11>290.561404</y11>
			<x12>230.256</x12>
			<y12>296.263158</y12>
			<x13>234</x13>
			<y13>301.508772</y13>
			<x14>242.944</x14>
			<y14>313.140351</y14>
			<x15>243.984</x15>
			<y15>318.614035</y15>
		</polygon>
	</object>
	<object>
		<name>Tissues</name>
		<pose>Unspecified</pose>
		<truncated>0</truncated>
		<difficult>0</difficult>
		<occluded>0</occluded>
		<bndbox>
			<xmin>103</xmin>
			<xmax>117</xmax>
			<ymin>318</ymin>
			<ymax>346</ymax>
		</bndbox>
		<polygon>
			<x1>113.152</x1>
			<y1>339.596491</y1>
			<x2>112.944</x2>
			<y2>332.298246</y2>
			<x3>114.816</x3>
			<y3>329.789474</y3>
			<x4>116.064</x4>
			<y4>324.087719</y4>
			<x5>115.856</x5>
			<y5>320.438596</y5>
			<x6>114.192</x6>
			<y6>317.473684</y6>
			<x7>110.032</x7>
			<y7>319.982456</y7>
			<x8>105.664</x8>
			<y8>331.385965</y8>
			<x9>101.712</x9>
			<y9>334.578947</y9>
			<x10>104</x10>
			<y10>345.070175</y10>
			<x11>109.2</x11>
			<y11>342.789474</y11>
			<x12>113.152</x12>
			<y12>339.596491</y12>
		</polygon>
	</object>
	<object>
		<name>Unlabeled litter</name>
		<pose>Unspecified</pose>
		<truncated>0</truncated>
		<difficult>0</difficult>
		<occluded>0</occluded>
		<bndbox>
			<xmin>323</xmin>
			<xmax>330</xmax>
			<ymin>385</ymin>
			<ymax>404</ymax>
		</bndbox>
		<polygon>
			<x1>328.536</x1>
			<y1>390.912281</y1>
			<x2>328.64</x2>
			<y2>383.842105</y2>
			<x3>326.664</x3>
			<y3>384.070175</y3>
			<x4>323.128</x4>
			<y4>392.508772</y4>
			<x5>322.192</x5>
			<y5>402.315789</y5>
			<x6>325</x6>
			<y6>403</y6>
			<x7>328.328</x7>
			<y7>399.350877</y7>
			<x8>328.536</x8>
			<y8>390.912281</y8>
		</polygon>
	</object>
	<object>
		<name>Plastic film</name>
		<pose>Unspecified</pose>
		<truncated>0</truncated>
		<difficult>0</difficult>
		<occluded>0</occluded>
		<bndbox>
			<xmin>259</xmin>
			<xmax>270</xmax>
			<ymin>402</ymin>
			<ymax>416</ymax>
		</bndbox>
		<polygon>
			<x1>268.736</x1>
			<y1>410.526316</y1>
			<x2>263.952</x2>
			<y2>401.631579</y2>
			<x3>261.04</x3>
			<y3>400.719298</y3>
			<x4>257.92</x4>
			<y4>405.736842</y4>
			<x5>259.168</x5>
			<y5>407.789474</y5>
			<x6>261.976</x6>
			<y6>414.631579</y6>
			<x7>263.64</x7>
			<y7>414.631579</y7>
			<x8>268.736</x8>
			<y8>410.526316</y8>
		</polygon>
	</object>
</annotation>
