<annotation>
	<folder></folder>
	<filename>000021_jpg.rf.bce80c041842312017d8a89e0629a073.jpg</filename>
	<path>000021_jpg.rf.bce80c041842312017d8a89e0629a073.jpg</path>
	<source>
		<database>roboflow.ai</database>
	</source>
	<size>
		<width>416</width>
		<height>416</height>
		<depth>3</depth>
	</size>
	<segmented>0</segmented>
	<object>
		<name>Plastic straw</name>
		<pose>Unspecified</pose>
		<truncated>0</truncated>
		<difficult>0</difficult>
		<occluded>0</occluded>
		<bndbox>
			<xmin>144</xmin>
			<xmax>318</xmax>
			<ymin>204</ymin>
			<ymax>258</ymax>
		</bndbox>
		<polygon>
			<x1>143.148289</x1>
			<y1>257.189189</y1>
			<x2>251.695817</x2>
			<y2>229.081081</y2>
			<x3>317.437262</x3>
			<y3>213.094595</y3>
			<x4>315.460076</x4>
			<y4>207.121622</y4>
			<x5>313.186312</x5>
			<y5>203.256757</y5>
			<x6>257.429658</x6>
			<y6>216.256757</y6>
			<x7>142.653992</x7>
			<y7>246.297297</y7>
			<x8>143.148289</x8>
			<y8>257.189189</y8>
		</polygon>
	</object>
</annotation>
