<annotation>
	<folder></folder>
	<filename>000088_jpg.rf.9ad06ed3baf4b7b2927281460fad4b51.jpg</filename>
	<path>000088_jpg.rf.9ad06ed3baf4b7b2927281460fad4b51.jpg</path>
	<source>
		<database>roboflow.ai</database>
	</source>
	<size>
		<width>416</width>
		<height>416</height>
		<depth>3</depth>
	</size>
	<segmented>0</segmented>
	<object>
		<name>Tissues</name>
		<pose>Unspecified</pose>
		<truncated>0</truncated>
		<difficult>0</difficult>
		<occluded>0</occluded>
		<bndbox>
			<xmin>256</xmin>
			<xmax>306</xmax>
			<ymin>172</ymin>
			<ymax>197</ymax>
		</bndbox>
		<polygon>
			<x1>297.631579</x1>
			<y1>193.648</y1>
			<x2>300.140351</x2>
			<y2>192.816</y2>
			<x3>305.385965</x3>
			<y3>184.912</y3>
			<x4>303.333333</x4>
			<y4>179.816</y4>
			<x5>298.315789</x5>
			<y5>175.344</y5>
			<x6>294.210526</x6>
			<y6>173.784</y6>
			<x7>293.982456</x7>
			<y7>171.808</y7>
			<x8>291.017544</x8>
			<y8>170.56</y8>
			<x9>280.754386</x9>
			<y9>171.808</y9>
			<x10>270.947368</x10>
			<y10>175.76</y10>
			<x11>263.421053</x11>
			<y11>179.92</y11>
			<x12>255.438596</x12>
			<y12>185.016</y12>
			<x13>255.210526</x13>
			<y13>187.512</y13>
			<x14>255.438596</x14>
			<y14>189.28</y14>
			<x15>258.175439</x15>
			<y15>190.32</y15>
			<x16>290.333333</x16>
			<y16>195.936</y16>
			<x17>293.982456</x17>
			<y17>195.208</y17>
			<x18>296.719298</x18>
			<y18>195.728</y18>
			<x19>297.631579</x19>
			<y19>193.648</y19>
		</polygon>
	</object>
	<object>
		<name>Other carton</name>
		<pose>Unspecified</pose>
		<truncated>0</truncated>
		<difficult>0</difficult>
		<occluded>0</occluded>
		<bndbox>
			<xmin>227</xmin>
			<xmax>325</xmax>
			<ymin>163</ymin>
			<ymax>203</ymax>
		</bndbox>
		<polygon>
			<x1>282.350877</x1>
			<y1>195.52</y1>
			<x2>306.070175</x2>
			<y2>183.664</y2>
			<x3>309.263158</x3>
			<y3>182.728</y3>
			<x4>320.438596</x4>
			<y4>176.904</y4>
			<x5>318.614035</x5>
			<y5>170.872</y5>
			<x6>324.315789</x6>
			<y6>169</y6>
			<x7>283.719298</x7>
			<y7>161.824</y7>
			<x8>268.894737</x8>
			<y8>164.008</y8>
			<x9>231.035088</x9>
			<y9>183.768</y9>
			<x10>229.894737</x10>
			<y10>189.696</y10>
			<x11>225.561404</x11>
			<y11>193.336</y11>
			<x12>265.245614</x12>
			<y12>202.072</y12>
			<x13>267.070175</x13>
			<y13>200.2</y13>
			<x14>270.947368</x14>
			<y14>199.576</y14>
			<x15>282.350877</x15>
			<y15>195.52</y15>
		</polygon>
	</object>
</annotation>
