<annotation>
	<folder></folder>
	<filename>000026_jpg.rf.8cc90fe81d9f7df87a134a825d58ffbc.jpg</filename>
	<path>000026_jpg.rf.8cc90fe81d9f7df87a134a825d58ffbc.jpg</path>
	<source>
		<database>roboflow.ai</database>
	</source>
	<size>
		<width>416</width>
		<height>416</height>
		<depth>3</depth>
	</size>
	<segmented>0</segmented>
	<object>
		<name>Drink can</name>
		<pose>Unspecified</pose>
		<truncated>0</truncated>
		<difficult>0</difficult>
		<occluded>0</occluded>
		<bndbox>
			<xmin>131</xmin>
			<xmax>181</xmax>
			<ymin>345</ymin>
			<ymax>406</ymax>
		</bndbox>
		<polygon>
			<x1>168.666667</x1>
			<y1>402.7</y1>
			<x2>174</x2>
			<y2>399.9</y2>
			<x3>177.333333</x3>
			<y3>396.7</y3>
			<x4>179.6</x4>
			<y4>394</y4>
			<x5>178.133333</x5>
			<y5>390</y5>
			<x6>174.266667</x6>
			<y6>382.7</y6>
			<x7>170.133333</x7>
			<y7>373.5</y7>
			<x8>158.666667</x8>
			<y8>348.8</y8>
			<x9>156.533333</x9>
			<y9>346.3</y9>
			<x10>152.4</x10>
			<y10>344.3</y10>
			<x11>146.533333</x11>
			<y11>344.4</y11>
			<x12>140.8</x12>
			<y12>346.7</y12>
			<x13>131.2</x13>
			<y13>352.6</y13>
			<x14>130</x14>
			<y14>356.6</y14>
			<x15>153.333333</x15>
			<y15>401.6</y15>
			<x16>157.2</x16>
			<y16>404</y16>
			<x17>163.066667</x17>
			<y17>404.5</y17>
			<x18>168.666667</x18>
			<y18>402.7</y18>
		</polygon>
	</object>
	<object>
		<name>Plastic bottle cap</name>
		<pose>Unspecified</pose>
		<truncated>0</truncated>
		<difficult>0</difficult>
		<occluded>0</occluded>
		<bndbox>
			<xmin>141</xmin>
			<xmax>160</xmax>
			<ymin>99</ymin>
			<ymax>109</ymax>
		</bndbox>
		<polygon>
			<x1>146.666667</x1>
			<y1>103.6</y1>
			<x2>145.733333</x2>
			<y2>105.4</y2>
			<x3>147.866667</x3>
			<y3>107.4</y3>
			<x4>149.333333</x4>
			<y4>107.7</y4>
			<x5>150.533333</x5>
			<y5>106.4</y5>
			<x6>153.066667</x6>
			<y6>106.7</y6>
			<x7>155.2</x7>
			<y7>105.4</y7>
			<x8>159.2</x8>
			<y8>107.8</y8>
			<x9>159.333333</x9>
			<y9>105.3</y9>
			<x10>158.133333</x10>
			<y10>102.6</y10>
			<x11>153.866667</x11>
			<y11>99.5</y11>
			<x12>148.8</x12>
			<y12>98.2</y12>
			<x13>144.133333</x13>
			<y13>97.9</y13>
			<x14>139.733333</x14>
			<y14>99.8</y14>
			<x15>142.266667</x15>
			<y15>103.2</y15>
			<x16>145.066667</x16>
			<y16>102.6</y16>
			<x17>146.666667</x17>
			<y17>103.6</y17>
		</polygon>
	</object>
	<object>
		<name>Other plastic bottle</name>
		<pose>Unspecified</pose>
		<truncated>0</truncated>
		<difficult>0</difficult>
		<occluded>0</occluded>
		<bndbox>
			<xmin>160</xmin>
			<xmax>241</xmax>
			<ymin>1</ymin>
			<ymax>59</ymax>
		</bndbox>
		<polygon>
			<x1>218.666667</x1>
			<y1>53</y1>
			<x2>226.533333</x2>
			<y2>57.5</y2>
			<x3>231.866667</x3>
			<y3>55.3</y3>
			<x4>239.866667</x4>
			<y4>46.7</y4>
			<x5>238.8</x5>
			<y5>42.6</y5>
			<x6>234.533333</x6>
			<y6>38.9</y6>
			<x7>232.933333</x7>
			<y7>33.1</y7>
			<x8>229.733333</x8>
			<y8>29.6</y8>
			<x9>210.133333</x9>
			<y9>15</y9>
			<x10>189.866667</x10>
			<y10>0.3</y10>
			<x11>164.933333</x11>
			<y11>0.9</y11>
			<x12>161.2</x12>
			<y12>4.9</y12>
			<x13>159.466667</x13>
			<y13>9.6</y13>
			<x14>160</x14>
			<y14>14</y14>
			<x15>162.133333</x15>
			<y15>16.9</y15>
			<x16>183.733333</x16>
			<y16>32.7</y16>
			<x17>205.2</x17>
			<y17>48.2</y17>
			<x18>213.6</x18>
			<y18>51.4</y18>
			<x19>218.666667</x19>
			<y19>53</y19>
		</polygon>
	</object>
</annotation>
