<annotation>
	<folder></folder>
	<filename>000013_jpg.rf.2e189a35e116fc036b3b3341d6c2dfe9.jpg</filename>
	<path>000013_jpg.rf.2e189a35e116fc036b3b3341d6c2dfe9.jpg</path>
	<source>
		<database>roboflow.ai</database>
	</source>
	<size>
		<width>416</width>
		<height>416</height>
		<depth>3</depth>
	</size>
	<segmented>0</segmented>
	<object>
		<name>Glass bottle</name>
		<pose>Unspecified</pose>
		<truncated>0</truncated>
		<difficult>0</difficult>
		<occluded>0</occluded>
		<bndbox>
			<xmin>231</xmin>
			<xmax>249</xmax>
			<ymin>178</ymin>
			<ymax>191</ymax>
		</bndbox>
		<polygon>
			<x1>236.808</x1>
			<y1>184.052632</y1>
			<x2>238.992</x2>
			<y2>185.649123</y2>
			<x3>242.632</x3>
			<y3>187.473684</y3>
			<x4>246.688</x4>
			<y4>187.245614</y4>
			<x5>248.248</x5>
			<y5>183.824561</y5>
			<x6>246.48</x6>
			<y6>176.982456</y6>
			<x7>243.88</x7>
			<y7>176.526316</y7>
			<x8>237.64</x8>
			<y8>179.263158</y8>
			<x9>235.872</x9>
			<y9>182.22807</y9>
			<x10>233.064</x10>
			<y10>184.052632</y10>
			<x11>229.528</x11>
			<y11>185.421053</y11>
			<x12>229.944</x12>
			<y12>190.438596</y12>
			<x13>234.104</x13>
			<y13>188.385965</y13>
			<x14>236.808</x14>
			<y14>184.052632</y14>
		</polygon>
	</object>
	<object>
		<name>Glass bottle</name>
		<pose>Unspecified</pose>
		<truncated>0</truncated>
		<difficult>0</difficult>
		<occluded>0</occluded>
		<bndbox>
			<xmin>359</xmin>
			<xmax>373</xmax>
			<ymin>384</ymin>
			<ymax>417</ymax>
		</bndbox>
		<polygon>
			<x1>365.872</x1>
			<y1>401.631579</y1>
			<x2>360.36</x2>
			<y2>383.614035</y2>
			<x3>359.008</x3>
			<y3>382.929825</y3>
			<x4>358.904</x4>
			<y4>388.859649</y4>
			<x5>359.216</x5>
			<y5>396.842105</y5>
			<x6>357.76</x6>
			<y6>406.421053</y6>
			<x7>358.904</x7>
			<y7>415.54386</y7>
			<x8>371.696</x8>
			<y8>415.315789</y8>
			<x9>368.264</x9>
			<y9>404.596491</y9>
			<x10>365.872</x10>
			<y10>401.631579</y10>
		</polygon>
	</object>
</annotation>
