<annotation>
	<folder></folder>
	<filename>000085_JPG.rf.a1f5ae97091534e78918b142d5266af4.jpg</filename>
	<path>000085_JPG.rf.a1f5ae97091534e78918b142d5266af4.jpg</path>
	<source>
		<database>roboflow.ai</database>
	</source>
	<size>
		<width>416</width>
		<height>416</height>
		<depth>3</depth>
	</size>
	<segmented>0</segmented>
	<object>
		<name>Drink can</name>
		<pose>Unspecified</pose>
		<truncated>0</truncated>
		<difficult>0</difficult>
		<occluded>0</occluded>
		<bndbox>
			<xmin>126</xmin>
			<xmax>155</xmax>
			<ymin>216</ymin>
			<ymax>234</ymax>
		</bndbox>
		<polygon>
			<x1>154.088235</x1>
			<y1>223.803922</y1>
			<x2>153.960784</x2>
			<y2>220.235294</y2>
			<x3>153.196078</x3>
			<y3>215.986928</y3>
			<x4>151.666667</x4>
			<y4>215.30719</y4>
			<x5>125.794118</x5>
			<y5>218.196078</y5>
			<x6>125.029412</x6>
			<y6>220.065359</y6>
			<x7>124.647059</x7>
			<y7>223.464052</y7>
			<x8>124.901961</x8>
			<y8>226.522876</y8>
			<x9>125.156863</x9>
			<y9>228.562092</y9>
			<x10>125.539216</x10>
			<y10>230.431373</y10>
			<x11>126.176471</x11>
			<y11>232.640523</y11>
			<x12>152.303922</x12>
			<y12>229.411765</y12>
			<x13>153.960784</x13>
			<y13>228.732026</y13>
			<x14>154.088235</x14>
			<y14>223.803922</y14>
		</polygon>
	</object>
	<object>
		<name>Cigarette</name>
		<pose>Unspecified</pose>
		<truncated>0</truncated>
		<difficult>0</difficult>
		<occluded>0</occluded>
		<bndbox>
			<xmin>233</xmin>
			<xmax>236</xmax>
			<ymin>137</ymin>
			<ymax>144</ymax>
		</bndbox>
		<polygon>
			<x1>232.980392</x1>
			<y1>135.947712</y1>
			<x2>232.215686</x2>
			<y2>135.947712</y2>
			<x3>232.215686</x3>
			<y3>140.026144</y3>
			<x4>232.72549</x4>
			<y4>142.745098</y4>
			<x5>232.980392</x5>
			<y5>143.424837</y5>
			<x6>234.764706</x6>
			<y6>143.084967</y6>
			<x7>232.980392</x7>
			<y7>135.947712</y7>
		</polygon>
	</object>
	<object>
		<name>Cigarette</name>
		<pose>Unspecified</pose>
		<truncated>0</truncated>
		<difficult>0</difficult>
		<occluded>0</occluded>
		<bndbox>
			<xmin>152</xmin>
			<xmax>156</xmax>
			<ymin>362</ymin>
			<ymax>372</ymax>
		</bndbox>
		<polygon>
			<x1>151.411765</x1>
			<y1>361.281046</y1>
			<x2>150.901961</x2>
			<y2>362.640523</y2>
			<x3>153.196078</x3>
			<y3>371.477124</y3>
			<x4>154.980392</x4>
			<y4>371.477124</y4>
			<x5>153.45098</x5>
			<y5>361.281046</y5>
			<x6>151.411765</x6>
			<y6>361.281046</y6>
		</polygon>
	</object>
</annotation>
