<annotation>
	<folder></folder>
	<filename>000014_JPG.rf.ded55430f20280a05d0e3e5c5eae3207.jpg</filename>
	<path>000014_JPG.rf.ded55430f20280a05d0e3e5c5eae3207.jpg</path>
	<source>
		<database>roboflow.ai</database>
	</source>
	<size>
		<width>416</width>
		<height>416</height>
		<depth>3</depth>
	</size>
	<segmented>0</segmented>
	<object>
		<name>Clear plastic bottle</name>
		<pose>Unspecified</pose>
		<truncated>0</truncated>
		<difficult>0</difficult>
		<occluded>0</occluded>
		<bndbox>
			<xmin>123</xmin>
			<xmax>166</xmax>
			<ymin>169</ymin>
			<ymax>205</ymax>
		</bndbox>
		<polygon>
			<x1>138.836601</x1>
			<y1>194.872549</y1>
			<x2>140.705882</x2>
			<y2>197.931373</y2>
			<x3>144.784314</x3>
			<y3>199.205882</y3>
			<x4>153.960784</x4>
			<y4>202.264706</y4>
			<x5>157.189542</x5>
			<y5>203.666667</y5>
			<x6>159.908497</x6>
			<y6>204.176471</y6>
			<x7>163.647059</x7>
			<y7>202.392157</y7>
			<x8>165.006536</x8>
			<y8>200.352941</y8>
			<x9>163.647059</x9>
			<y9>198.441176</y9>
			<x10>161.947712</x10>
			<y10>197.294118</y10>
			<x11>161.437908</x11>
			<y11>194.107843</y11>
			<x12>161.098039</x12>
			<y12>190.921569</y12>
			<x13>156.339869</x13>
			<y13>186.588235</y13>
			<x14>151.411765</x14>
			<y14>183.784314</y14>
			<x15>148.522876</x15>
			<y15>181.617647</y15>
			<x16>145.803922</x16>
			<y16>178.558824</y16>
			<x17>136.797386</x17>
			<y17>169.509804</y17>
			<x18>134.928105</x18>
			<y18>168.362745</y18>
			<x19>130.849673</x19>
			<y19>168.872549</y19>
			<x20>127.281046</x20>
			<y20>169.509804</y20>
			<x21>125.411765</x21>
			<y21>170.656863</y21>
			<x22>123.542484</x22>
			<y22>171.931373</y22>
			<x23>122.352941</x23>
			<y23>173.843137</y23>
			<x24>122.013072</x24>
			<y24>176.137255</y24>
			<x25>124.901961</x25>
			<y25>179.45098</y25>
			<x26>127.281046</x26>
			<y26>182.127451</y26>
			<x27>133.398693</x27>
			<y27>188.627451</y27>
			<x28>135.607843</x28>
			<y28>189.77451</y28>
			<x29>135.267974</x29>
			<y29>191.686275</y29>
			<x30>138.836601</x30>
			<y30>194.872549</y30>
		</polygon>
	</object>
	<object>
		<name>Cigarette</name>
		<pose>Unspecified</pose>
		<truncated>0</truncated>
		<difficult>0</difficult>
		<occluded>0</occluded>
		<bndbox>
			<xmin>129</xmin>
			<xmax>133</xmax>
			<ymin>191</ymin>
			<ymax>194</ymax>
		</bndbox>
		<polygon>
			<x1>131.869281</x1>
			<y1>193.215686</y1>
			<x2>131.869281</x2>
			<y2>189.901961</y2>
			<x3>128.130719</x3>
			<y3>189.647059</y3>
			<x4>128.810458</x4>
			<y4>193.215686</y4>
			<x5>131.869281</x5>
			<y5>193.215686</y5>
		</polygon>
	</object>
	<object>
		<name>Cigarette</name>
		<pose>Unspecified</pose>
		<truncated>0</truncated>
		<difficult>0</difficult>
		<occluded>0</occluded>
		<bndbox>
			<xmin>102</xmin>
			<xmax>108</xmax>
			<ymin>182</ymin>
			<ymax>188</ymax>
		</bndbox>
		<polygon>
			<x1>106.718954</x1>
			<y1>185.313725</y1>
			<x2>103.660131</x2>
			<y2>180.980392</y2>
			<x3>101.281046</x3>
			<y3>181.745098</y3>
			<x4>104.679739</x4>
			<y4>186.588235</y4>
			<x5>106.718954</x5>
			<y5>185.313725</y5>
		</polygon>
	</object>
	<object>
		<name>Cigarette</name>
		<pose>Unspecified</pose>
		<truncated>0</truncated>
		<difficult>0</difficult>
		<occluded>0</occluded>
		<bndbox>
			<xmin>229</xmin>
			<xmax>239</xmax>
			<ymin>228</ymin>
			<ymax>234</ymax>
		</bndbox>
		<polygon>
			<x1>227.712418</x1>
			<y1>229.411765</y1>
			<x2>235.529412</x2>
			<y2>232.980392</y2>
			<x3>237.908497</x3>
			<y3>231.45098</y3>
			<x4>229.751634</x4>
			<y4>227.117647</y4>
			<x5>227.712418</x5>
			<y5>229.411765</y5>
		</polygon>
	</object>
	<object>
		<name>Cigarette</name>
		<pose>Unspecified</pose>
		<truncated>0</truncated>
		<difficult>0</difficult>
		<occluded>0</occluded>
		<bndbox>
			<xmin>239</xmin>
			<xmax>248</xmax>
			<ymin>281</ymin>
			<ymax>285</ymax>
		</bndbox>
		<polygon>
			<x1>237.908497</x1>
			<y1>281.666667</y1>
			<x2>238.588235</x2>
			<y2>283.960784</y2>
			<x3>246.745098</x3>
			<y3>282.941176</y3>
			<x4>247.084967</x4>
			<y4>281.921569</y4>
			<x5>245.385621</x5>
			<y5>279.882353</y5>
			<x6>237.908497</x6>
			<y6>281.666667</y6>
		</polygon>
	</object>
	<object>
		<name>Cigarette</name>
		<pose>Unspecified</pose>
		<truncated>0</truncated>
		<difficult>0</difficult>
		<occluded>0</occluded>
		<bndbox>
			<xmin>286</xmin>
			<xmax>294</xmax>
			<ymin>282</ymin>
			<ymax>289</ymax>
		</bndbox>
		<polygon>
			<x1>290.588235</x1>
			<y1>287.019608</y1>
			<x2>292.627451</x2>
			<y2>288.039216</y2>
			<x3>292.287582</x3>
			<y3>286.509804</y3>
			<x4>290.588235</x4>
			<y4>283.960784</y4>
			<x5>287.529412</x5>
			<y5>281.411765</y5>
			<x6>285.490196</x6>
			<y6>282.686275</y6>
			<x7>290.588235</x7>
			<y7>287.019608</y7>
		</polygon>
	</object>
	<object>
		<name>Cigarette</name>
		<pose>Unspecified</pose>
		<truncated>0</truncated>
		<difficult>0</difficult>
		<occluded>0</occluded>
		<bndbox>
			<xmin>58</xmin>
			<xmax>69</xmax>
			<ymin>300</ymin>
			<ymax>307</ymax>
		</bndbox>
		<polygon>
			<x1>57.098039</x1>
			<y1>304.352941</y1>
			<x2>58.797386</x2>
			<y2>305.882353</y2>
			<x3>68.313725</x3>
			<y3>299.764706</y3>
			<x4>67.973856</x4>
			<y4>299</y4>
			<x5>64.235294</x5>
			<y5>299.509804</y5>
			<x6>57.098039</x6>
			<y6>304.352941</y6>
		</polygon>
	</object>
</annotation>
