<annotation>
	<folder></folder>
	<filename>000019_jpg.rf.a0242793ee7d0d9c86bdaed44fcc57f5.jpg</filename>
	<path>000019_jpg.rf.a0242793ee7d0d9c86bdaed44fcc57f5.jpg</path>
	<source>
		<database>roboflow.ai</database>
	</source>
	<size>
		<width>416</width>
		<height>416</height>
		<depth>3</depth>
	</size>
	<segmented>0</segmented>
	<object>
		<name>Other plastic bottle</name>
		<pose>Unspecified</pose>
		<truncated>0</truncated>
		<difficult>0</difficult>
		<occluded>0</occluded>
		<bndbox>
			<xmin>187</xmin>
			<xmax>219</xmax>
			<ymin>186</ymin>
			<ymax>215</ymax>
		</bndbox>
		<polygon>
			<x1>186.784</x1>
			<y1>201.968</y1>
			<x2>186.437333</x2>
			<y2>204.568</y2>
			<x3>192.330667</x3>
			<y3>212.68</y3>
			<x4>193.44</x4>
			<y4>212.368</y4>
			<x5>192.608</x5>
			<y5>211.016</y5>
			<x6>194.618667</x6>
			<y6>208.936</y6>
			<x7>195.936</x7>
			<y7>210.392</y7>
			<x8>198.154667</x8>
			<y8>212.888</y8>
			<x9>199.68</x9>
			<y9>213.928</y9>
			<x10>203.146667</x10>
			<y10>213.2</y10>
			<x11>203.770667</x11>
			<y11>214.24</y11>
			<x12>204.741333</x12>
			<y12>214.344</y12>
			<x13>206.890667</x13>
			<y13>211.536</y13>
			<x14>209.178667</x14>
			<y14>212.16</y14>
			<x15>210.842667</x15>
			<y15>211.224</y15>
			<x16>212.229333</x16>
			<y16>211.12</y16>
			<x17>216.458667</x17>
			<y17>207.584</y17>
			<x18>218.192</x18>
			<y18>205.296</y18>
			<x19>218.469333</x19>
			<y19>202.488</y19>
			<x20>217.429333</x20>
			<y20>196.352</y20>
			<x21>215.834667</x21>
			<y21>189.8</y21>
			<x22>214.24</x22>
			<y22>185.952</y22>
			<x23>211.605333</x23>
			<y23>185.224</y23>
			<x24>206.682667</x24>
			<y24>186.264</y24>
			<x25>196.768</x25>
			<y25>190.424</y25>
			<x26>190.389333</x26>
			<y26>196.56</y26>
			<x27>189.488</x27>
			<y27>199.68</y27>
			<x28>186.784</x28>
			<y28>201.968</y28>
		</polygon>
	</object>
	<object>
		<name>Plastic bottle cap</name>
		<pose>Unspecified</pose>
		<truncated>0</truncated>
		<difficult>0</difficult>
		<occluded>0</occluded>
		<bndbox>
			<xmin>187</xmin>
			<xmax>192</xmax>
			<ymin>201</ymin>
			<ymax>212</ymax>
		</bndbox>
		<polygon>
			<x1>189.765333</x1>
			<y1>204.672</y1>
			<x2>189.349333</x2>
			<y2>200.2</y2>
			<x3>186.576</x3>
			<y3>201.656</y3>
			<x4>186.298667</x4>
			<y4>204.568</y4>
			<x5>190.805333</x5>
			<y5>210.6</y5>
			<x6>189.765333</x6>
			<y6>204.672</y6>
		</polygon>
	</object>
	<object>
		<name>Styrofoam piece</name>
		<pose>Unspecified</pose>
		<truncated>0</truncated>
		<difficult>0</difficult>
		<occluded>0</occluded>
		<bndbox>
			<xmin>103</xmin>
			<xmax>131</xmax>
			<ymin>202</ymin>
			<ymax>211</ymax>
		</bndbox>
		<polygon>
			<x1>109.754667</x1>
			<y1>209.352</y1>
			<x2>110.656</x2>
			<y2>208.52</y2>
			<x3>112.250667</x3>
			<y3>209.976</y3>
			<x4>115.024</x4>
			<y4>209.56</y4>
			<x5>121.888</x5>
			<y5>210.392</y5>
			<x6>124.8</x6>
			<y6>210.184</y6>
			<x7>126.464</x7>
			<y7>208.728</y7>
			<x8>129.861333</x8>
			<y8>209.664</y8>
			<x9>129.514667</x9>
			<y9>207.584</y9>
			<x10>129.376</x10>
			<y10>205.4</y10>
			<x11>126.464</x11>
			<y11>203.112</y11>
			<x12>123.344</x12>
			<y12>203.216</y12>
			<x13>119.946667</x13>
			<y13>202.28</y13>
			<x14>116.202667</x14>
			<y14>202.904</y14>
			<x15>107.813333</x15>
			<y15>201.24</y15>
			<x16>106.010667</x16>
			<y16>201.136</y16>
			<x17>103.376</x17>
			<y17>204.776</y17>
			<x18>101.712</x18>
			<y18>209.872</y18>
			<x19>102.821333</x19>
			<y19>208.624</y19>
			<x20>106.010667</x20>
			<y20>208</y20>
			<x21>109.754667</x21>
			<y21>209.352</y21>
		</polygon>
	</object>
	<object>
		<name>Styrofoam piece</name>
		<pose>Unspecified</pose>
		<truncated>0</truncated>
		<difficult>0</difficult>
		<occluded>0</occluded>
		<bndbox>
			<xmin>145</xmin>
			<xmax>164</xmax>
			<ymin>202</ymin>
			<ymax>220</ymax>
		</bndbox>
		<polygon>
			<x1>148.373333</x1>
			<y1>216.424</y1>
			<x2>149.898667</x2>
			<y2>214.344</y2>
			<x3>151.008</x3>
			<y3>214.76</y3>
			<x4>150.592</x4>
			<y4>217.568</y4>
			<x5>152.256</x5>
			<y5>219.232</y5>
			<x6>157.04</x6>
			<y6>217.88</y6>
			<x7>158.981333</x7>
			<y7>216.112</y7>
			<x8>159.744</x8>
			<y8>210.704</y8>
			<x9>160.784</x9>
			<y9>207.272</y9>
			<x10>163.418667</x10>
			<y10>206.128</y10>
			<x11>161.685333</x11>
			<y11>203.944</y11>
			<x12>158.426667</x12>
			<y12>201.136</y12>
			<x13>155.029333</x13>
			<y13>202.696</y13>
			<x14>149.690667</x14>
			<y14>207.376</y14>
			<x15>144.213333</x15>
			<y15>213.096</y15>
			<x16>144.144</x16>
			<y16>214.552</y16>
			<x17>145.669333</x17>
			<y17>215.072</y17>
			<x18>148.373333</x18>
			<y18>216.424</y18>
		</polygon>
	</object>
</annotation>
