<annotation>
	<folder></folder>
	<filename>000025_jpg.rf.834bf2d2c9756b6638d454fd386fb22e.jpg</filename>
	<path>000025_jpg.rf.834bf2d2c9756b6638d454fd386fb22e.jpg</path>
	<source>
		<database>roboflow.ai</database>
	</source>
	<size>
		<width>416</width>
		<height>416</height>
		<depth>3</depth>
	</size>
	<segmented>0</segmented>
	<object>
		<name>Drink can</name>
		<pose>Unspecified</pose>
		<truncated>0</truncated>
		<difficult>0</difficult>
		<occluded>0</occluded>
		<bndbox>
			<xmin>264</xmin>
			<xmax>322</xmax>
			<ymin>246</ymin>
			<ymax>266</ymax>
		</bndbox>
		<polygon>
			<x1>316.789474</x1>
			<y1>261.144</y1>
			<x2>320.894737</x2>
			<y2>259.584</y2>
			<x3>317.017544</x3>
			<y3>257.296</y3>
			<x4>315.192982</x4>
			<y4>253.76</y4>
			<x5>321.122807</x5>
			<y5>253.864</y5>
			<x6>321.122807</x6>
			<y6>252.72</y6>
			<x7>319.070175</x7>
			<y7>250.016</y7>
			<x8>318.157895</x8>
			<y8>247.104</y8>
			<x9>314.280702</x9>
			<y9>246.376</y9>
			<x10>311.315789</x10>
			<y10>246.584</y10>
			<x11>311.315789</x11>
			<y11>247.832</y11>
			<x12>306.754386</x12>
			<y12>246.792</y12>
			<x13>284.175439</x13>
			<y13>245.024</y13>
			<x14>263.877193</x14>
			<y14>247.832</y14>
			<x15>262.508772</x15>
			<y15>250.952</y15>
			<x16>263.192982</x16>
			<y16>255.008</y16>
			<x17>266.385965</x17>
			<y17>258.856</y17>
			<x18>270.491228</x18>
			<y18>261.768</y18>
			<x19>278.245614</x19>
			<y19>264.888</y19>
			<x20>295.350877</x20>
			<y20>263.64</y20>
			<x21>311.54386</x21>
			<y21>262.288</y21>
			<x22>316.789474</x22>
			<y22>261.144</y22>
		</polygon>
	</object>
</annotation>
