<annotation>
	<folder></folder>
	<filename>000043_jpg.rf.1f49b0d9732c1e75ebdf1cb9f525e2db.jpg</filename>
	<path>000043_jpg.rf.1f49b0d9732c1e75ebdf1cb9f525e2db.jpg</path>
	<source>
		<database>roboflow.ai</database>
	</source>
	<size>
		<width>416</width>
		<height>416</height>
		<depth>3</depth>
	</size>
	<segmented>0</segmented>
	<object>
		<name>Cigarette</name>
		<pose>Unspecified</pose>
		<truncated>0</truncated>
		<difficult>0</difficult>
		<occluded>0</occluded>
		<bndbox>
			<xmin>125</xmin>
			<xmax>138</xmax>
			<ymin>34</ymin>
			<ymax>36</ymax>
		</bndbox>
		<polygon>
			<x1>124.070175</x1>
			<y1>32.76</y1>
			<x2>125.438596</x2>
			<y2>34.736</y2>
			<x3>137.298246</x3>
			<y3>34.84</y3>
			<x4>137.298246</x4>
			<y4>33.176</y4>
			<x5>124.070175</x5>
			<y5>32.76</y5>
		</polygon>
	</object>
	<object>
		<name>Cigarette</name>
		<pose>Unspecified</pose>
		<truncated>0</truncated>
		<difficult>0</difficult>
		<occluded>0</occluded>
		<bndbox>
			<xmin>234</xmin>
			<xmax>240</xmax>
			<ymin>27</ymin>
			<ymax>36</ymax>
		</bndbox>
		<polygon>
			<x1>236.280702</x1>
			<y1>26.312</y1>
			<x2>232.859649</x2>
			<y2>34.944</y2>
			<x3>236.052632</x3>
			<y3>35.36</y3>
			<x4>239.245614</x4>
			<y4>26.936</y4>
			<x5>236.280702</x5>
			<y5>26.312</y5>
		</polygon>
	</object>
	<object>
		<name>Cigarette</name>
		<pose>Unspecified</pose>
		<truncated>0</truncated>
		<difficult>0</difficult>
		<occluded>0</occluded>
		<bndbox>
			<xmin>312</xmin>
			<xmax>318</xmax>
			<ymin>47</ymin>
			<ymax>55</ymax>
		</bndbox>
		<polygon>
			<x1>310.859649</x1>
			<y1>46.8</y1>
			<x2>314.508772</x2>
			<y2>54.392</y2>
			<x3>317.473684</x3>
			<y3>54.392</y3>
			<x4>314.508772</x4>
			<y4>46.488</y4>
			<x5>310.859649</x5>
			<y5>46.8</y5>
		</polygon>
	</object>
	<object>
		<name>Plastic film</name>
		<pose>Unspecified</pose>
		<truncated>0</truncated>
		<difficult>0</difficult>
		<occluded>0</occluded>
		<bndbox>
			<xmin>318</xmin>
			<xmax>331</xmax>
			<ymin>56</ymin>
			<ymax>58</ymax>
		</bndbox>
		<polygon>
			<x1>330.017544</x1>
			<y1>54.6</y1>
			<x2>317.245614</x2>
			<y2>55.744</y2>
			<x3>318.614035</x3>
			<y3>57.408</y3>
			<x4>330.017544</x4>
			<y4>56.472</y4>
			<x5>330.017544</x5>
			<y5>54.6</y5>
		</polygon>
	</object>
	<object>
		<name>Plastic film</name>
		<pose>Unspecified</pose>
		<truncated>0</truncated>
		<difficult>0</difficult>
		<occluded>0</occluded>
		<bndbox>
			<xmin>166</xmin>
			<xmax>193</xmax>
			<ymin>181</ymin>
			<ymax>196</ymax>
		</bndbox>
		<polygon>
			<x1>192.491228</x1>
			<y1>182.624</y1>
			<x2>190.210526</x2>
			<y2>180.96</y2>
			<x3>177.438596</x3>
			<y3>180.44</y3>
			<x4>169.912281</x4>
			<y4>183.248</y4>
			<x5>165.350877</x5>
			<y5>188.344</y5>
			<x6>165.350877</x6>
			<y6>191.464</y6>
			<x7>171.280702</x7>
			<y7>195.208</y7>
			<x8>178.807018</x8>
			<y8>191.984</y8>
			<x9>189.526316</x9>
			<y9>187.928</y9>
			<x10>192.491228</x10>
			<y10>182.624</y10>
		</polygon>
	</object>
	<object>
		<name>Plastic film</name>
		<pose>Unspecified</pose>
		<truncated>0</truncated>
		<difficult>0</difficult>
		<occluded>0</occluded>
		<bndbox>
			<xmin>88</xmin>
			<xmax>144</xmax>
			<ymin>285</ymin>
			<ymax>314</ymax>
		</bndbox>
		<polygon>
			<x1>96.473684</x1>
			<y1>286.416</y1>
			<x2>102.859649</x2>
			<y2>286.52</y2>
			<x3>103.77193</x3>
			<y3>288.6</y3>
			<x4>103.087719</x4>
			<y4>291.616</y4>
			<x5>106.280702</x5>
			<y5>294.944</y5>
			<x6>111.754386</x6>
			<y6>299.728</y6>
			<x7>117.912281</x7>
			<y7>306.696</y7>
			<x8>115.403509</x8>
			<y8>308.048</y8>
			<x9>102.175439</x9>
			<y9>310.024</y9>
			<x10>100.350877</x10>
			<y10>313.04</y10>
			<x11>114.491228</x11>
			<y11>312.104</y11>
			<x12>130</x12>
			<y12>309.608</y12>
			<x13>129.315789</x13>
			<y13>305.864</y13>
			<x14>134.789474</x14>
			<y14>303.056</y14>
			<x15>143.22807</x15>
			<y15>303.056</y15>
			<x16>142.77193</x16>
			<y16>300.872</y16>
			<x17>139.122807</x17>
			<y17>297.856</y17>
			<x18>130.684211</x18>
			<y18>291.72</y18>
			<x19>124.754386</x19>
			<y19>288.912</y19>
			<x20>111.298246</x20>
			<y20>286.208</y20>
			<x21>96.701754</x21>
			<y21>284.232</y21>
			<x22>87.122807</x22>
			<y22>285.48</y22>
			<x23>90.54386</x23>
			<y23>287.976</y23>
			<x24>96.473684</x24>
			<y24>286.416</y24>
		</polygon>
	</object>
	<object>
		<name>Plastic film</name>
		<pose>Unspecified</pose>
		<truncated>0</truncated>
		<difficult>0</difficult>
		<occluded>0</occluded>
		<bndbox>
			<xmin>307</xmin>
			<xmax>340</xmax>
			<ymin>382</ymin>
			<ymax>398</ymax>
		</bndbox>
		<polygon>
			<x1>334.122807</x1>
			<y1>393.64</y1>
			<x2>339.140351</x2>
			<y2>392.08</y2>
			<x3>332.754386</x3>
			<y3>391.872</y3>
			<x4>332.526316</x4>
			<y4>386.672</y4>
			<x5>327.508772</x5>
			<y5>381.68</y5>
			<x6>319.526316</x6>
			<y6>380.536</y6>
			<x7>314.280702</x7>
			<y7>380.744</y7>
			<x8>305.842105</x8>
			<y8>383.656</y8>
			<x9>306.070175</x9>
			<y9>390.208</y9>
			<x10>317.245614</x10>
			<y10>389.48</y10>
			<x11>319.070175</x11>
			<y11>391.976</y11>
			<x12>325.684211</x12>
			<y12>397.384</y12>
			<x13>330.929825</x13>
			<y13>396.968</y13>
			<x14>334.122807</x14>
			<y14>393.64</y14>
		</polygon>
	</object>
</annotation>
