<annotation>
	<folder></folder>
	<filename>000028_jpg.rf.64f9c56bca63b617c4067b451ea11b3b.jpg</filename>
	<path>000028_jpg.rf.64f9c56bca63b617c4067b451ea11b3b.jpg</path>
	<source>
		<database>roboflow.ai</database>
	</source>
	<size>
		<width>416</width>
		<height>416</height>
		<depth>3</depth>
	</size>
	<segmented>0</segmented>
	<object>
		<name>Cigarette</name>
		<pose>Unspecified</pose>
		<truncated>0</truncated>
		<difficult>0</difficult>
		<occluded>0</occluded>
		<bndbox>
			<xmin>274</xmin>
			<xmax>278</xmax>
			<ymin>328</ymin>
			<ymax>336</ymax>
		</bndbox>
		<polygon>
			<x1>274.104575</x1>
			<y1>326.784314</y1>
			<x2>273.424837</x2>
			<y2>335.323529</y2>
			<x3>277.333333</x3>
			<y3>335.196078</y3>
			<x4>276.993464</x4>
			<y4>326.911765</y4>
			<x5>274.104575</x5>
			<y5>326.784314</y5>
		</polygon>
	</object>
	<object>
		<name>Cigarette</name>
		<pose>Unspecified</pose>
		<truncated>0</truncated>
		<difficult>0</difficult>
		<occluded>0</occluded>
		<bndbox>
			<xmin>335</xmin>
			<xmax>344</xmax>
			<ymin>264</ymin>
			<ymax>272</ymax>
		</bndbox>
		<polygon>
			<x1>337.490196</x1>
			<y1>262.803922</y1>
			<x2>334.091503</x2>
			<y2>263.95098</y2>
			<x3>339.869281</x3>
			<y3>271.215686</y3>
			<x4>342.75817</x4>
			<y4>270.196078</y4>
			<x5>343.437908</x5>
			<y5>268.794118</y5>
			<x6>337.490196</x6>
			<y6>262.803922</y6>
		</polygon>
	</object>
	<object>
		<name>Plastic film</name>
		<pose>Unspecified</pose>
		<truncated>0</truncated>
		<difficult>0</difficult>
		<occluded>0</occluded>
		<bndbox>
			<xmin>225</xmin>
			<xmax>280</xmax>
			<ymin>272</ymin>
			<ymax>293</ymax>
		</bndbox>
		<polygon>
			<x1>255.411765</x1>
			<y1>285.362745</y1>
			<x2>260.849673</x2>
			<y2>283.578431</y2>
			<x3>265.437908</x3>
			<y3>283.196078</y3>
			<x4>275.464052</x4>
			<y4>279.117647</y4>
			<x5>279.372549</x5>
			<y5>277.970588</y5>
			<x6>277.163399</x6>
			<y6>276.058824</y6>
			<x7>263.738562</x7>
			<y7>276.441176</y7>
			<x8>265.098039</x8>
			<y8>271.088235</y8>
			<x9>256.941176</x9>
			<y9>273.637255</y9>
			<x10>253.202614</x10>
			<y10>279.372549</y10>
			<x11>247.254902</x11>
			<y11>274.656863</y11>
			<x12>237.738562</x12>
			<y12>280.264706</y12>
			<x13>237.058824</x13>
			<y13>284.980392</y13>
			<x14>227.03268</x14>
			<y14>287.784314</y14>
			<x15>223.803922</x15>
			<y15>291.607843</y15>
			<x16>228.732026</x16>
			<y16>292.117647</y16>
			<x17>236.379085</x17>
			<y17>289.95098</y17>
			<x18>244.026144</x18>
			<y18>290.078431</y18>
			<x19>250.993464</x19>
			<y19>287.401961</y19>
			<x20>255.411765</x20>
			<y20>285.362745</y20>
		</polygon>
	</object>
	<object>
		<name>Plastic film</name>
		<pose>Unspecified</pose>
		<truncated>0</truncated>
		<difficult>0</difficult>
		<occluded>0</occluded>
		<bndbox>
			<xmin>203</xmin>
			<xmax>227</xmax>
			<ymin>112</ymin>
			<ymax>146</ymax>
		</bndbox>
		<polygon>
			<x1>226.352941</x1>
			<y1>110.882353</y1>
			<x2>218.026144</x2>
			<y2>110.5</y2>
			<x3>201.542484</x3>
			<y3>141.72549</y3>
			<x4>208.339869</x4>
			<y4>144.911765</y4>
			<x5>212.928105</x5>
			<y5>139.04902</y5>
			<x6>226.352941</x6>
			<y6>110.882353</y6>
		</polygon>
	</object>
	<object>
		<name>Styrofoam piece</name>
		<pose>Unspecified</pose>
		<truncated>0</truncated>
		<difficult>0</difficult>
		<occluded>0</occluded>
		<bndbox>
			<xmin>399</xmin>
			<xmax>403</xmax>
			<ymin>191</ymin>
			<ymax>195</ymax>
		</bndbox>
		<polygon>
			<x1>401.045752</x1>
			<y1>190.156863</y1>
			<x2>397.986928</x2>
			<y2>190.411765</y2>
			<x3>399.006536</x3>
			<y3>193.598039</y3>
			<x4>401.72549</x4>
			<y4>191.941176</y4>
			<x5>401.045752</x5>
			<y5>190.156863</y5>
		</polygon>
	</object>
	<object>
		<name>Styrofoam piece</name>
		<pose>Unspecified</pose>
		<truncated>0</truncated>
		<difficult>0</difficult>
		<occluded>0</occluded>
		<bndbox>
			<xmin>352</xmin>
			<xmax>359</xmax>
			<ymin>319</ymin>
			<ymax>325</ymax>
		</bndbox>
		<polygon>
			<x1>358.222222</x1>
			<y1>322.833333</y1>
			<x2>357.882353</x2>
			<y2>318.754902</y2>
			<x3>355.503268</x3>
			<y3>318.5</y3>
			<x4>352.954248</x4>
			<y4>317.862745</y4>
			<x5>351.254902</x5>
			<y5>321.176471</y5>
			<x6>356.352941</x6>
			<y6>323.598039</y6>
			<x7>358.222222</x7>
			<y7>322.833333</y7>
		</polygon>
	</object>
	<object>
		<name>Styrofoam piece</name>
		<pose>Unspecified</pose>
		<truncated>0</truncated>
		<difficult>0</difficult>
		<occluded>0</occluded>
		<bndbox>
			<xmin>257</xmin>
			<xmax>262</xmax>
			<ymin>332</ymin>
			<ymax>337</ymax>
		</bndbox>
		<polygon>
			<x1>257.960784</x1>
			<y1>335.960784</y1>
			<x2>261.019608</x2>
			<y2>335.833333</y2>
			<x3>260.169935</x3>
			<y3>331.245098</y3>
			<x4>256.771242</x4>
			<y4>331.245098</y4>
			<x5>256.091503</x5>
			<y5>332.77451</y5>
			<x6>256.091503</x6>
			<y6>335.578431</y6>
			<x7>257.960784</x7>
			<y7>335.960784</y7>
		</polygon>
	</object>
	<object>
		<name>Styrofoam piece</name>
		<pose>Unspecified</pose>
		<truncated>0</truncated>
		<difficult>0</difficult>
		<occluded>0</occluded>
		<bndbox>
			<xmin>66</xmin>
			<xmax>73</xmax>
			<ymin>327</ymin>
			<ymax>331</ymax>
		</bndbox>
		<polygon>
			<x1>70.69281</x1>
			<y1>326.401961</y1>
			<x2>65.254902</x2>
			<y2>327.421569</y2>
			<x3>65.764706</x3>
			<y3>329.333333</y3>
			<x4>68.143791</x4>
			<y4>329.843137</y4>
			<x5>71.542484</x5>
			<y5>328.313725</y5>
			<x6>70.69281</x6>
			<y6>326.401961</y6>
		</polygon>
	</object>
	<object>
		<name>Styrofoam piece</name>
		<pose>Unspecified</pose>
		<truncated>0</truncated>
		<difficult>0</difficult>
		<occluded>0</occluded>
		<bndbox>
			<xmin>181</xmin>
			<xmax>192</xmax>
			<ymin>272</ymin>
			<ymax>280</ymax>
		</bndbox>
		<polygon>
			<x1>191.346405</x1>
			<y1>270.705882</y1>
			<x2>187.098039</x2>
			<y2>270.705882</y2>
			<x3>181.320261</x3>
			<y3>273.127451</y3>
			<x4>180.130719</x4>
			<y4>277.333333</y4>
			<x5>182.169935</x5>
			<y5>278.607843</y5>
			<x6>191.346405</x6>
			<y6>274.019608</y6>
			<x7>191.346405</x7>
			<y7>270.705882</y7>
		</polygon>
	</object>
</annotation>
