<annotation>
	<folder></folder>
	<filename>000049_jpg.rf.07731b864d9206335a0dd8e87ba04b9a.jpg</filename>
	<path>000049_jpg.rf.07731b864d9206335a0dd8e87ba04b9a.jpg</path>
	<source>
		<database>roboflow.ai</database>
	</source>
	<size>
		<width>416</width>
		<height>416</height>
		<depth>3</depth>
	</size>
	<segmented>0</segmented>
	<object>
		<name>Plastic film</name>
		<pose>Unspecified</pose>
		<truncated>0</truncated>
		<difficult>0</difficult>
		<occluded>0</occluded>
		<bndbox>
			<xmin>93</xmin>
			<xmax>136</xmax>
			<ymin>210</ymin>
			<ymax>258</ymax>
		</bndbox>
		<polygon>
			<x1>97.245098</x1>
			<y1>254.732026</y1>
			<x2>102.343137</x2>
			<y2>257.281046</y2>
			<x3>112.156863</x3>
			<y3>254.901961</y3>
			<x4>119.294118</x4>
			<y4>254.562092</y4>
			<x5>125.411765</x5>
			<y5>253.03268</y5>
			<x6>131.784314</x6>
			<y6>252.522876</y6>
			<x7>135.098039</x7>
			<y7>247.594771</y7>
			<x8>134.970588</x8>
			<y8>240.96732</y8>
			<x9>131.911765</x9>
			<y9>238.078431</y9>
			<x10>121.078431</x10>
			<y10>236.888889</y10>
			<x11>109.607843</x11>
			<y11>224.313725</y11>
			<x12>111.009804</x12>
			<y12>219.215686</y12>
			<x13>110.245098</x13>
			<y13>209.529412</y13>
			<x14>105.529412</x14>
			<y14>208.849673</y14>
			<x15>100.558824</x15>
			<y15>210.888889</y15>
			<x16>96.22549</x16>
			<y16>218.366013</y16>
			<x17>92.529412</x17>
			<y17>226.352941</y17>
			<x18>92.147059</x18>
			<y18>245.215686</y18>
			<x19>96.22549</x19>
			<y19>248.784314</y19>
			<x20>97.245098</x20>
			<y20>254.732026</y20>
		</polygon>
	</object>
</annotation>
