<annotation>
	<folder></folder>
	<filename>000056_JPG.rf.10aa47be4449b9e045b46f6626a19a1b.jpg</filename>
	<path>000056_JPG.rf.10aa47be4449b9e045b46f6626a19a1b.jpg</path>
	<source>
		<database>roboflow.ai</database>
	</source>
	<size>
		<width>416</width>
		<height>416</height>
		<depth>3</depth>
	</size>
	<segmented>0</segmented>
	<object>
		<name>Spread tub</name>
		<pose>Unspecified</pose>
		<truncated>0</truncated>
		<difficult>0</difficult>
		<occluded>0</occluded>
		<bndbox>
			<xmin>145</xmin>
			<xmax>173</xmax>
			<ymin>205</ymin>
			<ymax>241</ymax>
		</bndbox>
		<polygon>
			<x1>156.339869</x1>
			<y1>232.980392</y1>
			<x2>161.267974</x2>
			<y2>236.676471</y2>
			<x3>166.535948</x3>
			<y3>240.372549</y3>
			<x4>166.366013</x4>
			<y4>239.862745</y4>
			<x5>172.313725</x5>
			<y5>213.480392</y5>
			<x6>163.986928</x6>
			<y6>206.72549</y6>
			<x7>160.928105</x7>
			<y7>204.303922</y7>
			<x8>160.418301</x8>
			<y8>204.941176</y8>
			<x9>161.098039</x9>
			<y9>205.323529</y9>
			<x10>158.20915</x10>
			<y10>208.382353</y10>
			<x11>144.444444</x11>
			<y11>220.617647</y11>
			<x12>146.993464</x12>
			<y12>224.441176</y12>
			<x13>150.562092</x13>
			<y13>228.009804</y13>
			<x14>156.339869</x14>
			<y14>232.980392</y14>
		</polygon>
	</object>
</annotation>
