<annotation>
	<folder></folder>
	<filename>000068_jpg.rf.61114c751c06ab0b52a033186b25c447.jpg</filename>
	<path>000068_jpg.rf.61114c751c06ab0b52a033186b25c447.jpg</path>
	<source>
		<database>roboflow.ai</database>
	</source>
	<size>
		<width>416</width>
		<height>416</height>
		<depth>3</depth>
	</size>
	<segmented>0</segmented>
	<object>
		<name>Other plastic</name>
		<pose>Unspecified</pose>
		<truncated>0</truncated>
		<difficult>0</difficult>
		<occluded>0</occluded>
		<bndbox>
			<xmin>184</xmin>
			<xmax>276</xmax>
			<ymin>240</ymin>
			<ymax>299</ymax>
		</bndbox>
		<polygon>
			<x1>218.4</x1>
			<y1>286</y1>
			<x2>222.8</x2>
			<y2>282.3</y2>
			<x3>225.333333</x3>
			<y3>280.3</y3>
			<x4>234.266667</x4>
			<y4>276.4</y4>
			<x5>247.733333</x5>
			<y5>271</y5>
			<x6>260.266667</x6>
			<y6>265.9</y6>
			<x7>265.066667</x7>
			<y7>263.2</y7>
			<x8>272.266667</x8>
			<y8>257.6</y8>
			<x9>274.666667</x9>
			<y9>255.3</y9>
			<x10>274.933333</x10>
			<y10>252.9</y10>
			<x11>269.333333</x11>
			<y11>248.4</y11>
			<x12>258</x12>
			<y12>241.1</y12>
			<x13>250</x13>
			<y13>239</y13>
			<x14>212.533333</x14>
			<y14>240.5</y14>
			<x15>207.2</x15>
			<y15>242.5</y15>
			<x16>200.133333</x16>
			<y16>247.4</y16>
			<x17>195.333333</x17>
			<y17>251.8</y17>
			<x18>188</x18>
			<y18>259.7</y18>
			<x19>184.933333</x19>
			<y19>267.2</y19>
			<x20>183.466667</x20>
			<y20>275.8</y20>
			<x21>185.333333</x21>
			<y21>282.3</y21>
			<x22>189.733333</x22>
			<y22>289</y22>
			<x23>195.333333</x23>
			<y23>294.8</y23>
			<x24>200.666667</x24>
			<y24>298.4</y24>
			<x25>210.4</x25>
			<y25>297.6</y25>
			<x26>216.4</x26>
			<y26>295.1</y26>
			<x27>216.4</x27>
			<y27>292.7</y27>
			<x28>217.2</x28>
			<y28>288.9</y28>
			<x29>218.4</x29>
			<y29>286</y29>
		</polygon>
	</object>
</annotation>
