<annotation>
	<folder></folder>
	<filename>000075_jpg.rf.355d1798241d4475d2f0884ca0fe8335.jpg</filename>
	<path>000075_jpg.rf.355d1798241d4475d2f0884ca0fe8335.jpg</path>
	<source>
		<database>roboflow.ai</database>
	</source>
	<size>
		<width>416</width>
		<height>416</height>
		<depth>3</depth>
	</size>
	<segmented>0</segmented>
	<object>
		<name>Clear plastic bottle</name>
		<pose>Unspecified</pose>
		<truncated>0</truncated>
		<difficult>0</difficult>
		<occluded>0</occluded>
		<bndbox>
			<xmin>261</xmin>
			<xmax>281</xmax>
			<ymin>208</ymin>
			<ymax>217</ymax>
		</bndbox>
		<polygon>
			<x1>278.017544</x1>
			<y1>216.008</y1>
			<x2>280.298246</x2>
			<y2>214.864</y2>
			<x3>279.842105</x3>
			<y3>212.576</y3>
			<x4>275.508772</x4>
			<y4>210.808</y4>
			<x5>270.491228</x5>
			<y5>208.52</y5>
			<x6>267.754386</x6>
			<y6>207.376</y6>
			<x7>262.736842</x7>
			<y7>207.272</y7>
			<x8>260</x8>
			<y8>207.584</y8>
			<x9>259.54386</x9>
			<y9>209.56</y9>
			<x10>262.964912</x10>
			<y10>212.056</y10>
			<x11>267.526316</x11>
			<y11>214.24</y11>
			<x12>271.175439</x12>
			<y12>214.656</y12>
			<x13>274.596491</x13>
			<y13>215.488</y13>
			<x14>278.017544</x14>
			<y14>216.008</y14>
		</polygon>
	</object>
	<object>
		<name>Glass bottle</name>
		<pose>Unspecified</pose>
		<truncated>0</truncated>
		<difficult>0</difficult>
		<occluded>0</occluded>
		<bndbox>
			<xmin>204</xmin>
			<xmax>231</xmax>
			<ymin>262</ymin>
			<ymax>281</ymax>
		</bndbox>
		<polygon>
			<x1>219.403509</x1>
			<y1>280.072</y1>
			<x2>226.017544</x2>
			<y2>279.136</y2>
			<x3>229.894737</x3>
			<y3>275.808</y3>
			<x4>220.315789</x4>
			<y4>261.664</y4>
			<x5>215.298246</x5>
			<y5>260.52</y5>
			<x6>209.596491</x6>
			<y6>260.728</y6>
			<x7>203.894737</x7>
			<y7>262.496</y7>
			<x8>202.982456</x8>
			<y8>263.536</y8>
			<x9>209.368421</x9>
			<y9>277.264</y9>
			<x10>212.789474</x10>
			<y10>278.824</y10>
			<x11>217.807018</x11>
			<y11>278.2</y11>
			<x12>219.403509</x12>
			<y12>280.072</y12>
		</polygon>
	</object>
	<object>
		<name>Glass bottle</name>
		<pose>Unspecified</pose>
		<truncated>0</truncated>
		<difficult>0</difficult>
		<occluded>0</occluded>
		<bndbox>
			<xmin>172</xmin>
			<xmax>201</xmax>
			<ymin>260</ymin>
			<ymax>277</ymax>
		</bndbox>
		<polygon>
			<x1>170.824561</x1>
			<y1>264.888</y1>
			<x2>173.333333</x2>
			<y2>267.072</y2>
			<x3>174.473684</x3>
			<y3>269.048</y3>
			<x4>176.982456</x4>
			<y4>270.088</y4>
			<x5>177.438596</x5>
			<y5>272.272</y5>
			<x6>180.859649</x6>
			<y6>273.936</y6>
			<x7>188.614035</x7>
			<y7>273.312</y7>
			<x8>193.859649</x8>
			<y8>274.976</y8>
			<x9>197.052632</x9>
			<y9>275.704</y9>
			<x10>199.561404</x10>
			<y10>274.976</y10>
			<x11>199.333333</x11>
			<y11>273.936</y11>
			<x12>198.877193</x12>
			<y12>271.44</y12>
			<x13>189.070175</x13>
			<y13>261.664</y13>
			<x14>185.877193</x14>
			<y14>259.792</y14>
			<x15>181.77193</x15>
			<y15>258.752</y15>
			<x16>178.122807</x16>
			<y16>258.856</y16>
			<x17>173.333333</x17>
			<y17>259.688</y17>
			<x18>171.052632</x18>
			<y18>260.728</y18>
			<x19>170.824561</x19>
			<y19>263.12</y19>
			<x20>170.824561</x20>
			<y20>264.888</y20>
		</polygon>
	</object>
	<object>
		<name>Other plastic wrapper</name>
		<pose>Unspecified</pose>
		<truncated>0</truncated>
		<difficult>0</difficult>
		<occluded>0</occluded>
		<bndbox>
			<xmin>150</xmin>
			<xmax>171</xmax>
			<ymin>389</ymin>
			<ymax>400</ymax>
		</bndbox>
		<polygon>
			<x1>169</x1>
			<y1>392.496</y1>
			<x2>164.894737</x2>
			<y2>390.104</y2>
			<x3>161.473684</x3>
			<y3>387.816</y3>
			<x4>156.45614</x4>
			<y4>388.44</y4>
			<x5>148.701754</x5>
			<y5>388.96</y5>
			<x6>151.894737</x6>
			<y6>392.808</y6>
			<x7>155.315789</x7>
			<y7>395.512</y7>
			<x8>165.122807</x8>
			<y8>398.944</y8>
			<x9>169.684211</x9>
			<y9>395.096</y9>
			<x10>169</x10>
			<y10>392.496</y10>
		</polygon>
	</object>
</annotation>
