<annotation>
	<folder></folder>
	<filename>000015_jpg.rf.d8404e396a5d6bda14bc44936dc3ae6b.jpg</filename>
	<path>000015_jpg.rf.d8404e396a5d6bda14bc44936dc3ae6b.jpg</path>
	<source>
		<database>roboflow.ai</database>
	</source>
	<size>
		<width>416</width>
		<height>416</height>
		<depth>3</depth>
	</size>
	<segmented>0</segmented>
	<object>
		<name>Cigarette</name>
		<pose>Unspecified</pose>
		<truncated>0</truncated>
		<difficult>0</difficult>
		<occluded>0</occluded>
		<bndbox>
			<xmin>127</xmin>
			<xmax>160</xmax>
			<ymin>181</ymin>
			<ymax>212</ymax>
		</bndbox>
		<polygon>
			<x1>155.2</x1>
			<y1>203.733333</y1>
			<x2>151.8</x2>
			<y2>198.222222</y2>
			<x3>128.7</x3>
			<y3>179.733333</y3>
			<x4>127</x4>
			<y4>182.044444</y4>
			<x5>126.1</x5>
			<y5>185.066667</y5>
			<x6>126.9</x6>
			<y6>188.8</y6>
			<x7>153.7</x7>
			<y7>210.666667</y7>
			<x8>156.9</x8>
			<y8>211.377778</y8>
			<x9>159.4</x9>
			<y9>209.422222</y9>
			<x10>155.2</x10>
			<y10>203.733333</y10>
		</polygon>
	</object>
	<object>
		<name>Plastic bottle cap</name>
		<pose>Unspecified</pose>
		<truncated>0</truncated>
		<difficult>0</difficult>
		<occluded>0</occluded>
		<bndbox>
			<xmin>181</xmin>
			<xmax>205</xmax>
			<ymin>219</ymin>
			<ymax>257</ymax>
		</bndbox>
		<polygon>
			<x1>203.5</x1>
			<y1>238.222222</y1>
			<x2>202.8</x2>
			<y2>230.755556</y2>
			<x3>201.3</x3>
			<y3>225.066667</y3>
			<x4>198</x4>
			<y4>220.444444</y4>
			<x5>194.7</x5>
			<y5>217.777778</y5>
			<x6>189.7</x6>
			<y6>217.955556</y6>
			<x7>184.6</x7>
			<y7>221.688889</y7>
			<x8>181.8</x8>
			<y8>227.377778</y8>
			<x9>180.6</x9>
			<y9>236.977778</y9>
			<x10>180.4</x10>
			<y10>241.6</y10>
			<x11>182.3</x11>
			<y11>249.422222</y11>
			<x12>186.6</x12>
			<y12>254.044444</y12>
			<x13>190</x13>
			<y13>256.355556</y13>
			<x14>194</x14>
			<y14>256.177778</y14>
			<x15>196.8</x15>
			<y15>254.755556</y15>
			<x16>199.3</x16>
			<y16>252.444444</y16>
			<x17>201.4</x17>
			<y17>247.822222</y17>
			<x18>203</x18>
			<y18>243.733333</y18>
			<x19>203.5</x19>
			<y19>238.222222</y19>
		</polygon>
	</object>
	<object>
		<name>Scrap metal</name>
		<pose>Unspecified</pose>
		<truncated>0</truncated>
		<difficult>0</difficult>
		<occluded>0</occluded>
		<bndbox>
			<xmin>214</xmin>
			<xmax>240</xmax>
			<ymin>116</ymin>
			<ymax>139</ymax>
		</bndbox>
		<polygon>
			<x1>217.3</x1>
			<y1>118.044444</y1>
			<x2>215.4</x2>
			<y2>114.844444</y2>
			<x3>214.1</x3>
			<y3>118.933333</y3>
			<x4>213.3</x4>
			<y4>123.555556</y4>
			<x5>215.9</x5>
			<y5>122.311111</y5>
			<x6>236.9</x6>
			<y6>138.311111</y6>
			<x7>239.3</x7>
			<y7>137.777778</y7>
			<x8>237.3</x8>
			<y8>133.688889</y8>
			<x9>217.3</x9>
			<y9>118.044444</y9>
		</polygon>
	</object>
</annotation>
