<annotation>
	<folder></folder>
	<filename>000047_jpg.rf.aff21c0bbbf54f969601c2598eb0cd37.jpg</filename>
	<path>000047_jpg.rf.aff21c0bbbf54f969601c2598eb0cd37.jpg</path>
	<source>
		<database>roboflow.ai</database>
	</source>
	<size>
		<width>416</width>
		<height>416</height>
		<depth>3</depth>
	</size>
	<segmented>0</segmented>
	<object>
		<name>Clear plastic bottle</name>
		<pose>Unspecified</pose>
		<truncated>0</truncated>
		<difficult>0</difficult>
		<occluded>0</occluded>
		<bndbox>
			<xmin>169</xmin>
			<xmax>206</xmax>
			<ymin>191</ymin>
			<ymax>206</ymax>
		</bndbox>
		<polygon>
			<x1>176.526316</x1>
			<y1>205.4</y1>
			<x2>183.368421</x2>
			<y2>203.736</y2>
			<x3>201.157895</x3>
			<y3>196.976</y3>
			<x4>204.122807</x4>
			<y4>195.416</y4>
			<x5>204.350877</x5>
			<y5>193.128</y5>
			<x6>205.035088</x6>
			<y6>191.776</y6>
			<x7>201.614035</x7>
			<y7>190.216</y7>
			<x8>196.368421</x8>
			<y8>190.32</y8>
			<x9>191.807018</x9>
			<y9>190.424</y9>
			<x10>169.684211</x10>
			<y10>198.952</y10>
			<x11>167.859649</x11>
			<y11>200.616</y11>
			<x12>167.859649</x12>
			<y12>202.592</y12>
			<x13>173.105263</x13>
			<y13>204.672</y13>
			<x14>176.526316</x14>
			<y14>205.4</y14>
		</polygon>
	</object>
	<object>
		<name>Unlabeled litter</name>
		<pose>Unspecified</pose>
		<truncated>0</truncated>
		<difficult>0</difficult>
		<occluded>0</occluded>
		<bndbox>
			<xmin>127</xmin>
			<xmax>141</xmax>
			<ymin>151</ymin>
			<ymax>154</ymax>
		</bndbox>
		<polygon>
			<x1>126.350877</x1>
			<y1>151.424</y1>
			<x2>132.508772</x2>
			<y2>153.4</y2>
			<x3>140.035088</x3>
			<y3>152.152</y3>
			<x4>134.333333</x4>
			<y4>149.864</y4>
			<x5>126.350877</x5>
			<y5>151.424</y5>
		</polygon>
	</object>
	<object>
		<name>Unlabeled litter</name>
		<pose>Unspecified</pose>
		<truncated>0</truncated>
		<difficult>0</difficult>
		<occluded>0</occluded>
		<bndbox>
			<xmin>105</xmin>
			<xmax>118</xmax>
			<ymin>166</ymin>
			<ymax>168</ymax>
		</bndbox>
		<polygon>
			<x1>104.912281</x1>
			<y1>167.232</y1>
			<x2>116.54386</x2>
			<y2>165.672</y2>
			<x3>113.122807</x3>
			<y3>164.84</y3>
			<x4>104.22807</x4>
			<y4>165.776</y4>
			<x5>104.912281</x5>
			<y5>167.232</y5>
		</polygon>
	</object>
	<object>
		<name>Unlabeled litter</name>
		<pose>Unspecified</pose>
		<truncated>0</truncated>
		<difficult>0</difficult>
		<occluded>0</occluded>
		<bndbox>
			<xmin>349</xmin>
			<xmax>354</xmax>
			<ymin>48</ymin>
			<ymax>50</ymax>
		</bndbox>
		<polygon>
			<x1>347.578947</x1>
			<y1>47.944</y1>
			<x2>348.719298</x2>
			<y2>49.4</y2>
			<x3>352.596491</x3>
			<y3>48.568</y3>
			<x4>352.596491</x4>
			<y4>47.216</y4>
			<x5>347.578947</x5>
			<y5>47.944</y5>
		</polygon>
	</object>
	<object>
		<name>Unlabeled litter</name>
		<pose>Unspecified</pose>
		<truncated>0</truncated>
		<difficult>0</difficult>
		<occluded>0</occluded>
		<bndbox>
			<xmin>287</xmin>
			<xmax>301</xmax>
			<ymin>93</ymin>
			<ymax>96</ymax>
		</bndbox>
		<polygon>
			<x1>294.666667</x1>
			<y1>91.832</y1>
			<x2>289.421053</x2>
			<y2>91.832</y2>
			<x3>285.54386</x3>
			<y3>93.184</y3>
			<x4>300.368421</x4>
			<y4>94.64</y4>
			<x5>300.140351</x5>
			<y5>92.248</y5>
			<x6>294.666667</x6>
			<y6>91.832</y6>
		</polygon>
	</object>
</annotation>
