<annotation>
	<folder></folder>
	<filename>000035_jpg.rf.556f04d15358e7a6952a5d5eb552ffad.jpg</filename>
	<path>000035_jpg.rf.556f04d15358e7a6952a5d5eb552ffad.jpg</path>
	<source>
		<database>roboflow.ai</database>
	</source>
	<size>
		<width>416</width>
		<height>416</height>
		<depth>3</depth>
	</size>
	<segmented>0</segmented>
	<object>
		<name>Glass bottle</name>
		<pose>Unspecified</pose>
		<truncated>0</truncated>
		<difficult>0</difficult>
		<occluded>0</occluded>
		<bndbox>
			<xmin>33</xmin>
			<xmax>69</xmax>
			<ymin>166</ymin>
			<ymax>192</ymax>
		</bndbox>
		<polygon>
			<x1>54.20915</x1>
			<y1>187.607843</y1>
			<x2>56.248366</x2>
			<y2>182.254902</y2>
			<x3>59.986928</x3>
			<y3>179.45098</y3>
			<x4>63.215686</x4>
			<y4>175.117647</y4>
			<x5>65.594771</x5>
			<y5>170.911765</y5>
			<x6>67.124183</x6>
			<y6>170.27451</y6>
			<x7>68.48366</x7>
			<y7>166.068627</y7>
			<x8>66.444444</x8>
			<y8>165.303922</y8>
			<x9>63.895425</x9>
			<y9>165.303922</y9>
			<x10>61.686275</x10>
			<y10>168.107843</y10>
			<x11>57.607843</x11>
			<y11>169.127451</y11>
			<x12>54.039216</x12>
			<y12>170.784314</y12>
			<x13>48.771242</x13>
			<y13>172.058824</y13>
			<x14>32.287582</x14>
			<y14>191.04902</y14>
			<x15>41.124183</x15>
			<y15>189.392157</y15>
			<x16>50.980392</x16>
			<y16>189.009804</y16>
			<x17>54.20915</x17>
			<y17>187.607843</y17>
		</polygon>
	</object>
	<object>
		<name>Glass bottle</name>
		<pose>Unspecified</pose>
		<truncated>0</truncated>
		<difficult>0</difficult>
		<occluded>0</occluded>
		<bndbox>
			<xmin>196</xmin>
			<xmax>205</xmax>
			<ymin>45</ymin>
			<ymax>56</ymax>
		</bndbox>
		<polygon>
			<x1>197.124183</x1>
			<y1>45.117647</y1>
			<x2>194.575163</x2>
			<y2>50.980392</y2>
			<x3>195.934641</x3>
			<y3>55.058824</y3>
			<x4>203.921569</x4>
			<y4>45.245098</y4>
			<x5>202.052288</x5>
			<y5>44.480392</y5>
			<x6>197.124183</x6>
			<y6>45.117647</y6>
		</polygon>
	</object>
	<object>
		<name>Glass bottle</name>
		<pose>Unspecified</pose>
		<truncated>0</truncated>
		<difficult>0</difficult>
		<occluded>0</occluded>
		<bndbox>
			<xmin>259</xmin>
			<xmax>276</xmax>
			<ymin>45</ymin>
			<ymax>57</ymax>
		</bndbox>
		<polygon>
			<x1>272.405229</x1>
			<y1>51.235294</y1>
			<x2>274.784314</x2>
			<y2>47.539216</y2>
			<x3>275.124183</x3>
			<y3>44.735294</y3>
			<x4>273.084967</x4>
			<y4>44.735294</y4>
			<x5>271.385621</x5>
			<y5>43.970588</y5>
			<x6>267.137255</x6>
			<y6>43.970588</y6>
			<x7>261.019608</x7>
			<y7>47.029412</y7>
			<x8>257.79085</x8>
			<y8>49.705882</y8>
			<x9>257.620915</x9>
			<y9>52.382353</y9>
			<x10>260.339869</x10>
			<y10>55.823529</y10>
			<x11>264.588235</x11>
			<y11>55.823529</y11>
			<x12>272.405229</x12>
			<y12>51.235294</y12>
		</polygon>
	</object>
	<object>
		<name>Glass bottle</name>
		<pose>Unspecified</pose>
		<truncated>0</truncated>
		<difficult>0</difficult>
		<occluded>0</occluded>
		<bndbox>
			<xmin>229</xmin>
			<xmax>259</xmax>
			<ymin>65</ymin>
			<ymax>79</ymax>
		</bndbox>
		<polygon>
			<x1>228.562092</x1>
			<y1>71.245098</y1>
			<x2>231.281046</x2>
			<y2>73.411765</y2>
			<x3>234.849673</x3>
			<y3>71.117647</y3>
			<x4>239.267974</x4>
			<y4>71.245098</y4>
			<x5>242.666667</x5>
			<y5>72.901961</y5>
			<x6>244.196078</x6>
			<y6>75.578431</y6>
			<x7>244.196078</x7>
			<y7>78</y7>
			<x8>246.235294</x8>
			<y8>78.127451</y8>
			<x9>251.673203</x9>
			<y9>77.362745</y9>
			<x10>254.562092</x10>
			<y10>77.235294</y10>
			<x11>257.281046</x11>
			<y11>77.362745</y11>
			<x12>257.79085</x12>
			<y12>74.941176</y12>
			<x13>255.921569</x13>
			<y13>73.666667</y13>
			<x14>253.202614</x14>
			<y14>71.372549</y14>
			<x15>251.333333</x15>
			<y15>68.823529</y15>
			<x16>248.444444</x16>
			<y16>67.421569</y16>
			<x17>235.189542</x17>
			<y17>63.598039</y17>
			<x18>230.261438</x18>
			<y18>64.872549</y18>
			<x19>228.392157</x19>
			<y19>67.294118</y19>
			<x20>228.562092</x20>
			<y20>71.245098</y20>
		</polygon>
	</object>
	<object>
		<name>Glass bottle</name>
		<pose>Unspecified</pose>
		<truncated>0</truncated>
		<difficult>0</difficult>
		<occluded>0</occluded>
		<bndbox>
			<xmin>227</xmin>
			<xmax>245</xmax>
			<ymin>72</ymin>
			<ymax>92</ymax>
		</bndbox>
		<polygon>
			<x1>228.562092</x1>
			<y1>90.490196</y1>
			<x2>231.111111</x2>
			<y2>91.127451</y2>
			<x3>233.150327</x3>
			<y3>89.72549</y3>
			<x4>236.379085</x4>
			<y4>87.813725</y4>
			<x5>240.96732</x5>
			<y5>85.009804</y5>
			<x6>243.856209</x6>
			<y6>78</y6>
			<x7>243.686275</x7>
			<y7>74.558824</y7>
			<x8>241.986928</x8>
			<y8>72.77451</y8>
			<x9>238.588235</x9>
			<y9>71.372549</y9>
			<x10>234.679739</x10>
			<y10>71.372549</y10>
			<x11>231.45098</x11>
			<y11>73.666667</y11>
			<x12>229.411765</x12>
			<y12>77.617647</y12>
			<x13>226.183007</x13>
			<y13>83.735294</y13>
			<x14>226.352941</x14>
			<y14>85.264706</y14>
			<x15>228.562092</x15>
			<y15>88.323529</y15>
			<x16>228.562092</x16>
			<y16>90.490196</y16>
		</polygon>
	</object>
	<object>
		<name>Glass bottle</name>
		<pose>Unspecified</pose>
		<truncated>0</truncated>
		<difficult>0</difficult>
		<occluded>0</occluded>
		<bndbox>
			<xmin>153</xmin>
			<xmax>267</xmax>
			<ymin>254</ymin>
			<ymax>297</ymax>
		</bndbox>
		<polygon>
			<x1>212.078431</x1>
			<y1>293.647059</y1>
			<x2>220.405229</x2>
			<y2>295.303922</y2>
			<x3>232.470588</x3>
			<y3>294.029412</y3>
			<x4>243.176471</x4>
			<y4>293.77451</y4>
			<x5>254.901961</x5>
			<y5>295.176471</y5>
			<x6>262.039216</x6>
			<y6>296.45098</y6>
			<x7>264.588235</x7>
			<y7>294.411765</y7>
			<x8>265.947712</x8>
			<y8>290.333333</y8>
			<x9>264.928105</x9>
			<y9>287.656863</y9>
			<x10>258.980392</x10>
			<y10>285.617647</y10>
			<x11>256.941176</x11>
			<y11>285.617647</y11>
			<x12>249.124183</x12>
			<y12>281.029412</y12>
			<x13>240.287582</x13>
			<y13>275.931373</y13>
			<x14>234.509804</x14>
			<y14>271.72549</y14>
			<x15>229.751634</x15>
			<y15>267.901961</y15>
			<x16>171.294118</x16>
			<y16>252.862745</y16>
			<x17>166.196078</x17>
			<y17>253.245098</y17>
			<x18>160.588235</x18>
			<y18>255.156863</y18>
			<x19>156.849673</x19>
			<y19>257.960784</y19>
			<x20>153.79085</x20>
			<y20>262.54902</y20>
			<x21>153.111111</x21>
			<y21>266.882353</y21>
			<x22>152.261438</x22>
			<y22>271.470588</y22>
			<x23>155.150327</x23>
			<y23>276.313725</y23>
			<x24>160.418301</x24>
			<y24>278.862745</y24>
			<x25>212.078431</x25>
			<y25>293.647059</y25>
		</polygon>
	</object>
	<object>
		<name>Metal bottle cap</name>
		<pose>Unspecified</pose>
		<truncated>0</truncated>
		<difficult>0</difficult>
		<occluded>0</occluded>
		<bndbox>
			<xmin>256</xmin>
			<xmax>267</xmax>
			<ymin>287</ymin>
			<ymax>297</ymax>
		</bndbox>
		<polygon>
			<x1>266.117647</x1>
			<y1>288.676471</y1>
			<x2>263.398693</x2>
			<y2>287.019608</y2>
			<x3>259.660131</x3>
			<y3>285.872549</y3>
			<x4>257.620915</x4>
			<y4>288.803922</y4>
			<x5>254.562092</x5>
			<y5>295.176471</y5>
			<x6>261.359477</x6>
			<y6>296.323529</y6>
			<x7>263.738562</x7>
			<y7>295.176471</y7>
			<x8>265.267974</x8>
			<y8>293.009804</y8>
			<x9>266.117647</x9>
			<y9>288.676471</y9>
		</polygon>
	</object>
	<object>
		<name>Metal bottle cap</name>
		<pose>Unspecified</pose>
		<truncated>0</truncated>
		<difficult>0</difficult>
		<occluded>0</occluded>
		<bndbox>
			<xmin>229</xmin>
			<xmax>234</xmax>
			<ymin>89</ymin>
			<ymax>92</ymax>
		</bndbox>
		<polygon>
			<x1>231.111111</x1>
			<y1>91.254902</y1>
			<x2>233.320261</x2>
			<y2>89.088235</y2>
			<x3>231.620915</x3>
			<y3>87.686275</y3>
			<x4>228.732026</x4>
			<y4>88.068627</y4>
			<x5>228.392157</x5>
			<y5>90.745098</y5>
			<x6>231.111111</x6>
			<y6>91.254902</y6>
		</polygon>
	</object>
	<object>
		<name>Metal bottle cap</name>
		<pose>Unspecified</pose>
		<truncated>0</truncated>
		<difficult>0</difficult>
		<occluded>0</occluded>
		<bndbox>
			<xmin>255</xmin>
			<xmax>259</xmax>
			<ymin>75</ymin>
			<ymax>79</ymax>
		</bndbox>
		<polygon>
			<x1>256.431373</x1>
			<y1>77.617647</y1>
			<x2>257.960784</x2>
			<y2>76.343137</y2>
			<x3>258.130719</x3>
			<y3>74.813725</y3>
			<x4>255.921569</x4>
			<y4>74.04902</y4>
			<x5>254.052288</x5>
			<y5>75.960784</y5>
			<x6>254.222222</x6>
			<y6>77.235294</y6>
			<x7>256.431373</x7>
			<y7>77.617647</y7>
		</polygon>
	</object>
	<object>
		<name>Unlabeled litter</name>
		<pose>Unspecified</pose>
		<truncated>0</truncated>
		<difficult>0</difficult>
		<occluded>0</occluded>
		<bndbox>
			<xmin>195</xmin>
			<xmax>203</xmax>
			<ymin>35</ymin>
			<ymax>45</ymax>
		</bndbox>
		<polygon>
			<x1>202.222222</x1>
			<y1>39.637255</y1>
			<x2>202.222222</x2>
			<y2>35.431373</y2>
			<x3>200.013072</x3>
			<y3>34.411765</y3>
			<x4>196.614379</x4>
			<y4>35.558824</y4>
			<x5>194.065359</x5>
			<y5>42.441176</y5>
			<x6>195.594771</x6>
			<y6>44.098039</y6>
			<x7>198.993464</x7>
			<y7>43.715686</y7>
			<x8>202.222222</x8>
			<y8>39.637255</y8>
		</polygon>
	</object>
</annotation>
