<annotation>
	<folder></folder>
	<filename>000049_jpg.rf.4ab07198ebb97c736f408ae2dce1c4bc.jpg</filename>
	<path>000049_jpg.rf.4ab07198ebb97c736f408ae2dce1c4bc.jpg</path>
	<source>
		<database>roboflow.ai</database>
	</source>
	<size>
		<width>416</width>
		<height>416</height>
		<depth>3</depth>
	</size>
	<segmented>0</segmented>
	<object>
		<name>Styrofoam piece</name>
		<pose>Unspecified</pose>
		<truncated>0</truncated>
		<difficult>0</difficult>
		<occluded>0</occluded>
		<bndbox>
			<xmin>73</xmin>
			<xmax>193</xmax>
			<ymin>171</ymin>
			<ymax>231</ymax>
		</bndbox>
		<polygon>
			<x1>80.266667</x1>
			<y1>210.9</y1>
			<x2>88.933333</x2>
			<y2>217</y2>
			<x3>101.066667</x3>
			<y3>218.5</y3>
			<x4>114.8</x4>
			<y4>218.8</y4>
			<x5>124.266667</x5>
			<y5>225.7</y5>
			<x6>135.066667</x6>
			<y6>230.2</y6>
			<x7>150</x7>
			<y7>229.3</y7>
			<x8>173.6</x8>
			<y8>223.7</y8>
			<x9>191.866667</x9>
			<y9>215.6</y9>
			<x10>190.4</x10>
			<y10>202.3</y10>
			<x11>181.066667</x11>
			<y11>179</y11>
			<x12>173.066667</x12>
			<y12>170.4</y12>
			<x13>158.933333</x13>
			<y13>177.1</y13>
			<x14>128.133333</x14>
			<y14>188.4</y14>
			<x15>119.466667</x15>
			<y15>192.8</y15>
			<x16>108.266667</x16>
			<y16>194.8</y16>
			<x17>102.8</x17>
			<y17>194.8</y17>
			<x18>95.2</x18>
			<y18>196.6</y18>
			<x19>91.2</x19>
			<y19>196.4</y19>
			<x20>71.866667</x20>
			<y20>200.6</y20>
			<x21>73.2</x21>
			<y21>203.4</y21>
			<x22>77.2</x22>
			<y22>205.3</y22>
			<x23>80.266667</x23>
			<y23>210.9</y23>
		</polygon>
	</object>
	<object>
		<name>Styrofoam piece</name>
		<pose>Unspecified</pose>
		<truncated>0</truncated>
		<difficult>0</difficult>
		<occluded>0</occluded>
		<bndbox>
			<xmin>180</xmin>
			<xmax>288</xmax>
			<ymin>133</ymin>
			<ymax>213</ymax>
		</bndbox>
		<polygon>
			<x1>192.533333</x1>
			<y1>204.3</y1>
			<x2>195.2</x2>
			<y2>207.1</y2>
			<x3>202</x3>
			<y3>212</y3>
			<x4>211.2</x4>
			<y4>211.7</y4>
			<x5>215.066667</x5>
			<y5>209.3</y5>
			<x6>223.066667</x6>
			<y6>206.8</y6>
			<x7>231.6</x7>
			<y7>204.8</y7>
			<x8>234.8</x8>
			<y8>200.8</y8>
			<x9>242</x9>
			<y9>198.6</y9>
			<x10>251.733333</x10>
			<y10>196.9</y10>
			<x11>260.4</x11>
			<y11>194.1</y11>
			<x12>263.2</x12>
			<y12>191.1</y12>
			<x13>263.2</x13>
			<y13>189.2</y13>
			<x14>267.066667</x14>
			<y14>188.9</y14>
			<x15>272.266667</x15>
			<y15>185.3</y15>
			<x16>277.733333</x16>
			<y16>183.1</y16>
			<x17>282.4</x17>
			<y17>181.5</y17>
			<x18>284.933333</x18>
			<y18>176</y18>
			<x19>286.533333</x19>
			<y19>162.5</y19>
			<x20>285.2</x20>
			<y20>150.9</y20>
			<x21>284.266667</x21>
			<y21>148.2</y21>
			<x22>285.6</x22>
			<y22>147.1</y22>
			<x23>282</x23>
			<y23>139.9</y23>
			<x24>275.6</x24>
			<y24>136.1</y24>
			<x25>271.333333</x25>
			<y25>133.9</y25>
			<x26>263.2</x26>
			<y26>132.2</y26>
			<x27>258</x27>
			<y27>133.5</y27>
			<x28>251.466667</x28>
			<y28>133.2</y28>
			<x29>241.733333</x29>
			<y29>136.3</y29>
			<x30>227.066667</x30>
			<y30>146.1</y30>
			<x31>222.666667</x31>
			<y31>145.5</y31>
			<x32>180.533333</x32>
			<y32>167.8</y32>
			<x33>179.066667</x33>
			<y33>174.4</y33>
			<x34>185.333333</x34>
			<y34>179.5</y34>
			<x35>189.333333</x35>
			<y35>187.1</y35>
			<x36>191.6</x36>
			<y36>194.8</y36>
			<x37>192.533333</x37>
			<y37>204.3</y37>
		</polygon>
	</object>
	<object>
		<name>Rope - strings</name>
		<pose>Unspecified</pose>
		<truncated>0</truncated>
		<difficult>0</difficult>
		<occluded>0</occluded>
		<bndbox>
			<xmin>289</xmin>
			<xmax>298</xmax>
			<ymin>106</ymin>
			<ymax>167</ymax>
		</bndbox>
		<polygon>
			<x1>291.466667</x1>
			<y1>120.2</y1>
			<x2>297.066667</x2>
			<y2>107.7</y2>
			<x3>293.466667</x3>
			<y3>104.9</y3>
			<x4>292.8</x4>
			<y4>107.7</y4>
			<x5>288.666667</x5>
			<y5>118.4</y5>
			<x6>288.533333</x6>
			<y6>123.6</y6>
			<x7>289.466667</x7>
			<y7>132.6</y7>
			<x8>289.6</x8>
			<y8>142</y8>
			<x9>288.8</x9>
			<y9>150.2</y9>
			<x10>287.733333</x10>
			<y10>161.7</y10>
			<x11>287.733333</x11>
			<y11>166</y11>
			<x12>289.6</x12>
			<y12>165.2</y12>
			<x13>293.2</x13>
			<y13>147.1</y13>
			<x14>292.8</x14>
			<y14>133.9</y14>
			<x15>292.4</x15>
			<y15>126.7</y15>
			<x16>291.466667</x16>
			<y16>120.2</y16>
		</polygon>
	</object>
</annotation>
