<annotation>
	<folder></folder>
	<filename>000045_jpg.rf.c022a5018e7e63f2c875c6fdf1bfe508.jpg</filename>
	<path>000045_jpg.rf.c022a5018e7e63f2c875c6fdf1bfe508.jpg</path>
	<source>
		<database>roboflow.ai</database>
	</source>
	<size>
		<width>416</width>
		<height>416</height>
		<depth>3</depth>
	</size>
	<segmented>0</segmented>
	<object>
		<name>Plastic bottle cap</name>
		<pose>Unspecified</pose>
		<truncated>0</truncated>
		<difficult>0</difficult>
		<occluded>0</occluded>
		<bndbox>
			<xmin>288</xmin>
			<xmax>295</xmax>
			<ymin>210</ymin>
			<ymax>213</ymax>
		</bndbox>
		<polygon>
			<x1>290.561404</x1>
			<y1>208.728</y1>
			<x2>287.596491</x2>
			<y2>209.352</y2>
			<x3>286.684211</x3>
			<y3>210.496</y3>
			<x4>288.508772</x4>
			<y4>211.536</y4>
			<x5>292.385965</x5>
			<y5>211.64</y5>
			<x6>294.210526</x6>
			<y6>210.704</y6>
			<x7>294.210526</x7>
			<y7>209.248</y7>
			<x8>290.561404</x8>
			<y8>208.728</y8>
		</polygon>
	</object>
</annotation>
