<annotation>
	<folder></folder>
	<filename>000060_jpg.rf.24b2d8c2a3d84313c5040cd6f1df0c21.jpg</filename>
	<path>000060_jpg.rf.24b2d8c2a3d84313c5040cd6f1df0c21.jpg</path>
	<source>
		<database>roboflow.ai</database>
	</source>
	<size>
		<width>416</width>
		<height>416</height>
		<depth>3</depth>
	</size>
	<segmented>0</segmented>
	<object>
		<name>Plastic film</name>
		<pose>Unspecified</pose>
		<truncated>0</truncated>
		<difficult>0</difficult>
		<occluded>0</occluded>
		<bndbox>
			<xmin>300</xmin>
			<xmax>330</xmax>
			<ymin>159</ymin>
			<ymax>173</ymax>
		</bndbox>
		<polygon>
			<x1>329.333333</x1>
			<y1>170.456</y1>
			<x2>323.631579</x2>
			<y2>166.504</y2>
			<x3>317.701754</x3>
			<y3>163.904</y3>
			<x4>312.684211</x4>
			<y4>160.16</y4>
			<x5>309.719298</x5>
			<y5>157.664</y5>
			<x6>306.070175</x6>
			<y6>157.872</y6>
			<x7>310.859649</x7>
			<y7>164.944</y7>
			<x8>311.315789</x8>
			<y8>166.92</y8>
			<x9>304.929825</x9>
			<y9>168.792</y9>
			<x10>298.54386</x10>
			<y10>170.872</y10>
			<x11>301.964912</x11>
			<y11>171.392</y11>
			<x12>305.385965</x12>
			<y12>171.704</y12>
			<x13>314.508772</x13>
			<y13>172.016</y13>
			<x14>324.087719</x14>
			<y14>170.976</y14>
			<x15>329.333333</x15>
			<y15>170.456</y15>
		</polygon>
	</object>
</annotation>
