<annotation>
	<folder></folder>
	<filename>000033_jpg.rf.40e4edb94c47092ac223cd5147d6db3f.jpg</filename>
	<path>000033_jpg.rf.40e4edb94c47092ac223cd5147d6db3f.jpg</path>
	<source>
		<database>roboflow.ai</database>
	</source>
	<size>
		<width>416</width>
		<height>416</height>
		<depth>3</depth>
	</size>
	<segmented>0</segmented>
	<object>
		<name>Clear plastic bottle</name>
		<pose>Unspecified</pose>
		<truncated>0</truncated>
		<difficult>0</difficult>
		<occluded>0</occluded>
		<bndbox>
			<xmin>152</xmin>
			<xmax>196</xmax>
			<ymin>91</ymin>
			<ymax>119</ymax>
		</bndbox>
		<polygon>
			<x1>162.96732</x1>
			<y1>117.509804</y1>
			<x2>170.954248</x2>
			<y2>117.509804</y2>
			<x3>177.411765</x3>
			<y3>116.235294</y3>
			<x4>182.679739</x4>
			<y4>112.029412</y4>
			<x5>185.738562</x5>
			<y5>107.568627</y5>
			<x6>187.947712</x6>
			<y6>107.186275</y6>
			<x7>194.065359</x7>
			<y7>102.343137</y7>
			<x8>194.575163</x8>
			<y8>96.480392</y8>
			<x9>194.745098</x9>
			<y9>94.313725</y9>
			<x10>189.137255</x10>
			<y10>91.764706</y10>
			<x11>182.339869</x11>
			<y11>90.490196</y11>
			<x12>180.130719</x12>
			<y12>92.784314</y12>
			<x13>169.934641</x13>
			<y13>93.931373</y13>
			<x14>163.647059</x14>
			<y14>97.5</y14>
			<x15>155.660131</x15>
			<y15>104.382353</y15>
			<x16>150.901961</x16>
			<y16>109.735294</y16>
			<x17>152.091503</x17>
			<y17>112.666667</y17>
			<x18>156.679739</x18>
			<y18>115.852941</y18>
			<x19>162.96732</x19>
			<y19>117.509804</y19>
		</polygon>
	</object>
	<object>
		<name>Cigarette</name>
		<pose>Unspecified</pose>
		<truncated>0</truncated>
		<difficult>0</difficult>
		<occluded>0</occluded>
		<bndbox>
			<xmin>201</xmin>
			<xmax>204</xmax>
			<ymin>86</ymin>
			<ymax>91</ymax>
		</bndbox>
		<polygon>
			<x1>199.503268</x1>
			<y1>85.392157</y1>
			<x2>199.503268</x2>
			<y2>89.343137</y2>
			<x3>202.901961</x3>
			<y3>89.72549</y3>
			<x4>203.24183</x4>
			<y4>87.04902</y4>
			<x5>199.503268</x5>
			<y5>85.392157</y5>
		</polygon>
	</object>
	<object>
		<name>Cigarette</name>
		<pose>Unspecified</pose>
		<truncated>0</truncated>
		<difficult>0</difficult>
		<occluded>0</occluded>
		<bndbox>
			<xmin>250</xmin>
			<xmax>254</xmax>
			<ymin>55</ymin>
			<ymax>61</ymax>
		</bndbox>
		<polygon>
			<x1>251.333333</x1>
			<y1>54.294118</y1>
			<x2>248.614379</x2>
			<y2>58.5</y2>
			<x3>250.993464</x3>
			<y3>59.647059</y3>
			<x4>253.03268</x4>
			<y4>55.441176</y4>
			<x5>251.333333</x5>
			<y5>54.294118</y5>
		</polygon>
	</object>
	<object>
		<name>Other plastic</name>
		<pose>Unspecified</pose>
		<truncated>0</truncated>
		<difficult>0</difficult>
		<occluded>0</occluded>
		<bndbox>
			<xmin>23</xmin>
			<xmax>57</xmax>
			<ymin>176</ymin>
			<ymax>185</ymax>
		</bndbox>
		<polygon>
			<x1>40.104575</x1>
			<y1>179.323529</y1>
			<x2>41.973856</x2>
			<y2>181.745098</y2>
			<x3>42.993464</x3>
			<y3>184.039216</y3>
			<x4>53.529412</x4>
			<y4>183.911765</y4>
			<x5>54.20915</x5>
			<y5>179.705882</y5>
			<x6>55.568627</x6>
			<y6>174.862745</y6>
			<x7>49.111111</x7>
			<y7>175.117647</y7>
			<x8>44.183007</x8>
			<y8>175.117647</y8>
			<x9>31.267974</x9>
			<y9>175.117647</y9>
			<x10>24.130719</x10>
			<y10>179.323529</y10>
			<x11>22.431373</x11>
			<y11>183.147059</y11>
			<x12>25.150327</x12>
			<y12>184.039216</y12>
			<x13>29.738562</x13>
			<y13>183.401961</y13>
			<x14>38.405229</x14>
			<y14>181.107843</y14>
			<x15>38.235294</x15>
			<y15>179.323529</y15>
			<x16>40.104575</x16>
			<y16>179.323529</y16>
		</polygon>
	</object>
	<object>
		<name>Cigarette</name>
		<pose>Unspecified</pose>
		<truncated>0</truncated>
		<difficult>0</difficult>
		<occluded>0</occluded>
		<bndbox>
			<xmin>61</xmin>
			<xmax>71</xmax>
			<ymin>216</ymin>
			<ymax>221</ymax>
		</bndbox>
		<polygon>
			<x1>69.843137</x1>
			<y1>215.392157</y1>
			<x2>59.647059</x2>
			<y2>216.029412</y2>
			<x3>59.647059</x3>
			<y3>219.852941</y3>
			<x4>69.673203</x4>
			<y4>218.705882</y4>
			<x5>69.843137</x5>
			<y5>215.392157</y5>
		</polygon>
	</object>
	<object>
		<name>Cigarette</name>
		<pose>Unspecified</pose>
		<truncated>0</truncated>
		<difficult>0</difficult>
		<occluded>0</occluded>
		<bndbox>
			<xmin>3</xmin>
			<xmax>20</xmax>
			<ymin>256</ymin>
			<ymax>262</ymax>
		</bndbox>
		<polygon>
			<x1>1.699346</x1>
			<y1>259.872549</y1>
			<x2>16.48366</x2>
			<y2>261.019608</y2>
			<x3>19.202614</x3>
			<y3>256.176471</y3>
			<x4>3.228758</x4>
			<y4>254.901961</y4>
			<x5>1.699346</x5>
			<y5>259.872549</y5>
		</polygon>
	</object>
</annotation>
