<annotation>
	<folder></folder>
	<filename>000091_jpg.rf.2ff0001c291c5ec25cb887237f8de241.jpg</filename>
	<path>000091_jpg.rf.2ff0001c291c5ec25cb887237f8de241.jpg</path>
	<source>
		<database>roboflow.ai</database>
	</source>
	<size>
		<width>416</width>
		<height>416</height>
		<depth>3</depth>
	</size>
	<segmented>0</segmented>
	<object>
		<name>Cigarette</name>
		<pose>Unspecified</pose>
		<truncated>0</truncated>
		<difficult>0</difficult>
		<occluded>0</occluded>
		<bndbox>
			<xmin>207</xmin>
			<xmax>238</xmax>
			<ymin>205</ymin>
			<ymax>217</ymax>
		</bndbox>
		<polygon>
			<x1>215.647059</x1>
			<y1>214.627451</y1>
			<x2>236.54902</x2>
			<y2>209.401961</y2>
			<x3>234.509804</x3>
			<y3>204.176471</y3>
			<x4>214.797386</x4>
			<y4>208</y4>
			<x5>207.320261</x5>
			<y5>209.911765</y5>
			<x6>205.79085</x6>
			<y6>211.441176</y6>
			<x7>208</x7>
			<y7>216.411765</y7>
			<x8>215.647059</x8>
			<y8>214.627451</y8>
		</polygon>
	</object>
</annotation>
