<annotation>
	<folder></folder>
	<filename>000085_jpg.rf.4487fd40a1b23cbc3ffdd045499af63a.jpg</filename>
	<path>000085_jpg.rf.4487fd40a1b23cbc3ffdd045499af63a.jpg</path>
	<source>
		<database>roboflow.ai</database>
	</source>
	<size>
		<width>416</width>
		<height>416</height>
		<depth>3</depth>
	</size>
	<segmented>0</segmented>
	<object>
		<name>Cigarette</name>
		<pose>Unspecified</pose>
		<truncated>0</truncated>
		<difficult>0</difficult>
		<occluded>0</occluded>
		<bndbox>
			<xmin>125</xmin>
			<xmax>130</xmax>
			<ymin>179</ymin>
			<ymax>185</ymax>
		</bndbox>
		<polygon>
			<x1>127.712</x1>
			<y1>178.122807</y1>
			<x2>124.384</x2>
			<y2>180.403509</y2>
			<x3>125.424</x3>
			<y3>183.596491</y3>
			<x4>128.752</x4>
			<y4>180.175439</y4>
			<x5>127.712</x5>
			<y5>178.122807</y5>
		</polygon>
	</object>
	<object>
		<name>Other carton</name>
		<pose>Unspecified</pose>
		<truncated>0</truncated>
		<difficult>0</difficult>
		<occluded>0</occluded>
		<bndbox>
			<xmin>154</xmin>
			<xmax>175</xmax>
			<ymin>121</ymin>
			<ymax>154</ymax>
		</bndbox>
		<polygon>
			<x1>171.496</x1>
			<y1>122.473684</y1>
			<x2>169.52</x2>
			<y2>120.192982</y2>
			<x3>167.232</x3>
			<y3>123.614035</y3>
			<x4>152.984</x4>
			<y4>133.877193</y4>
			<x5>157.248</x5>
			<y5>153.263158</y5>
			<x6>172.536</x6>
			<y6>142.77193</y6>
			<x7>174.2</x7>
			<y7>137.526316</y7>
			<x8>171.496</x8>
			<y8>122.473684</y8>
		</polygon>
	</object>
	<object>
		<name>Cigarette</name>
		<pose>Unspecified</pose>
		<truncated>0</truncated>
		<difficult>0</difficult>
		<occluded>0</occluded>
		<bndbox>
			<xmin>7</xmin>
			<xmax>14</xmax>
			<ymin>386</ymin>
			<ymax>395</ymax>
		</bndbox>
		<polygon>
			<x1>6.448</x1>
			<y1>389.54386</y1>
			<x2>12.688</x2>
			<y2>393.649123</y2>
			<x3>13.208</x3>
			<y3>389.77193</y3>
			<x4>7.8</x4>
			<y4>384.754386</y4>
			<x5>6.448</x5>
			<y5>389.54386</y5>
		</polygon>
	</object>
	<object>
		<name>Cigarette</name>
		<pose>Unspecified</pose>
		<truncated>0</truncated>
		<difficult>0</difficult>
		<occluded>0</occluded>
		<bndbox>
			<xmin>163</xmin>
			<xmax>168</xmax>
			<ymin>163</ymin>
			<ymax>167</ymax>
		</bndbox>
		<polygon>
			<x1>162.344</x1>
			<y1>166.263158</y1>
			<x2>167.232</x2>
			<y2>164.666667</y2>
			<x3>166.192</x3>
			<y3>162.157895</y3>
			<x4>161.512</x4>
			<y4>163.982456</y4>
			<x5>162.344</x5>
			<y5>166.263158</y5>
		</polygon>
	</object>
	<object>
		<name>Cigarette</name>
		<pose>Unspecified</pose>
		<truncated>0</truncated>
		<difficult>0</difficult>
		<occluded>0</occluded>
		<bndbox>
			<xmin>167</xmin>
			<xmax>171</xmax>
			<ymin>157</ymin>
			<ymax>164</ymax>
		</bndbox>
		<polygon>
			<x1>166.4</x1>
			<y1>159.877193</y1>
			<x2>167.44</x2>
			<y2>162.614035</y2>
			<x3>169.624</x3>
			<y3>157.140351</y3>
			<x4>168.064</x4>
			<y4>156.22807</y4>
			<x5>166.4</x5>
			<y5>159.877193</y5>
		</polygon>
	</object>
</annotation>
