<annotation>
	<folder></folder>
	<filename>000062_jpg.rf.22d0300540fb4de697c334e6b641fbe5.jpg</filename>
	<path>000062_jpg.rf.22d0300540fb4de697c334e6b641fbe5.jpg</path>
	<source>
		<database>roboflow.ai</database>
	</source>
	<size>
		<width>416</width>
		<height>416</height>
		<depth>3</depth>
	</size>
	<segmented>0</segmented>
	<object>
		<name>Plastic film</name>
		<pose>Unspecified</pose>
		<truncated>0</truncated>
		<difficult>0</difficult>
		<occluded>0</occluded>
		<bndbox>
			<xmin>143</xmin>
			<xmax>166</xmax>
			<ymin>55</ymin>
			<ymax>112</ymax>
		</bndbox>
		<polygon>
			<x1>151.424</x1>
			<y1>101.263158</y1>
			<x2>149.76</x2>
			<y2>76.859649</y2>
			<x3>155.688</x3>
			<y3>98.526316</y3>
			<x4>158.288</x4>
			<y4>110.614035</y4>
			<x5>162.136</x5>
			<y5>106.052632</y5>
			<x6>164.528</x6>
			<y6>94.877193</y6>
			<x7>163.072</x7>
			<y7>84.614035</y7>
			<x8>161.2</x8>
			<y8>69.789474</y8>
			<x9>158.808</x9>
			<y9>69.561404</y9>
			<x10>154.128</x10>
			<y10>70.473684</y10>
			<x11>152.88</x11>
			<y11>63.403509</y11>
			<x12>150.592</x12>
			<y12>58.157895</y12>
			<x13>147.472</x13>
			<y13>54.280702</y13>
			<x14>144.144</x14>
			<y14>53.824561</y14>
			<x15>142.168</x15>
			<y15>54.508772</y15>
			<x16>148.304</x16>
			<y16>59.298246</y16>
			<x17>152.152</x17>
			<y17>67.736842</y17>
			<x18>152.568</x18>
			<y18>70.929825</y18>
			<x19>147.992</x19>
			<y19>70.701754</y19>
			<x20>147.056</x20>
			<y20>80.508772</y20>
			<x21>148.2</x21>
			<y21>95.333333</y21>
			<x22>151.424</x22>
			<y22>101.263158</y22>
		</polygon>
	</object>
	<object>
		<name>Unlabeled litter</name>
		<pose>Unspecified</pose>
		<truncated>0</truncated>
		<difficult>0</difficult>
		<occluded>0</occluded>
		<bndbox>
			<xmin>143</xmin>
			<xmax>155</xmax>
			<ymin>126</ymin>
			<ymax>139</ymax>
		</bndbox>
		<polygon>
			<x1>152.048</x1>
			<y1>137.982456</y1>
			<x2>154.336</x2>
			<y2>129.54386</y2>
			<x3>152.152</x3>
			<y3>127.947368</y3>
			<x4>151.216</x4>
			<y4>124.754386</y4>
			<x5>142.48</x5>
			<y5>124.754386</y5>
			<x6>142.064</x6>
			<y6>130.684211</y6>
			<x7>146.328</x7>
			<y7>137.070175</y7>
			<x8>152.048</x8>
			<y8>137.982456</y8>
		</polygon>
	</object>
	<object>
		<name>Plastic film</name>
		<pose>Unspecified</pose>
		<truncated>0</truncated>
		<difficult>0</difficult>
		<occluded>0</occluded>
		<bndbox>
			<xmin>239</xmin>
			<xmax>263</xmax>
			<ymin>84</ymin>
			<ymax>136</ymax>
		</bndbox>
		<polygon>
			<x1>239.096</x1>
			<y1>133.877193</y1>
			<x2>243.152</x2>
			<y2>135.017544</y2>
			<x3>248.872</x3>
			<y3>125.666667</y3>
			<x4>247.312</x4>
			<y4>118.140351</y4>
			<x5>249.496</x5>
			<y5>116.77193</y5>
			<x6>254.904</x6>
			<y6>110.157895</y6>
			<x7>261.768</x7>
			<y7>99.666667</y7>
			<x8>261.144</x8>
			<y8>96.017544</y8>
			<x9>255.632</x9>
			<y9>103.54386</y9>
			<x10>253.136</x10>
			<y10>104.684211</y10>
			<x11>251.576</x11>
			<y11>97.614035</y11>
			<x12>252.72</x12>
			<y12>93.052632</y12>
			<x13>252.304</x13>
			<y13>82.789474</y13>
			<x14>251.784</x14>
			<y14>88.947368</y14>
			<x15>250.224</x15>
			<y15>91.45614</y15>
			<x16>247.624</x16>
			<y16>95.105263</y16>
			<x17>249.392</x17>
			<y17>106.508772</y17>
			<x18>247.832</x18>
			<y18>101.263158</y18>
			<x19>246.792</x19>
			<y19>107.421053</y19>
			<x20>245.024</x20>
			<y20>101.491228</y20>
			<x21>245.44</x21>
			<y21>96.017544</y21>
			<x22>247.104</x22>
			<y22>90.315789</y22>
			<x23>245.024</x23>
			<y23>92.596491</y23>
			<x24>243.776</x24>
			<y24>98.526316</y24>
			<x25>244.192</x25>
			<y25>103.54386</y25>
			<x26>246.064</x26>
			<y26>109.245614</y26>
			<x27>243.672</x27>
			<y27>112.210526</y27>
			<x28>240.656</x28>
			<y28>119.052632</y28>
			<x29>238.264</x29>
			<y29>124.754386</y29>
			<x30>237.744</x30>
			<y30>129.315789</y30>
			<x31>239.096</x31>
			<y31>133.877193</y31>
		</polygon>
	</object>
</annotation>
