<annotation>
	<folder></folder>
	<filename>000003_jpg.rf.f85f089da1434129709e5e836ee9a319.jpg</filename>
	<path>000003_jpg.rf.f85f089da1434129709e5e836ee9a319.jpg</path>
	<source>
		<database>roboflow.ai</database>
	</source>
	<size>
		<width>416</width>
		<height>416</height>
		<depth>3</depth>
	</size>
	<segmented>0</segmented>
	<object>
		<name>Plastic film</name>
		<pose>Unspecified</pose>
		<truncated>0</truncated>
		<difficult>0</difficult>
		<occluded>0</occluded>
		<bndbox>
			<xmin>1</xmin>
			<xmax>11</xmax>
			<ymin>56</ymin>
			<ymax>75</ymax>
		</bndbox>
		<polygon>
			<x1>4.472</x1>
			<y1>71.157895</y1>
			<x2>7.904</x2>
			<y2>73.666667</y2>
			<x3>10.296</x3>
			<y3>72.070175</y3>
			<x4>4.056</x4>
			<y4>54.508772</y4>
			<x5>2.496</x5>
			<y5>56.105263</y5>
			<x6>0.312</x6>
			<y6>56.333333</y6>
			<x7>0.104</x7>
			<y7>70.245614</y7>
			<x8>2.288</x8>
			<y8>72.982456</y8>
			<x9>4.472</x9>
			<y9>71.157895</y9>
		</polygon>
	</object>
	<object>
		<name>Clear plastic bottle</name>
		<pose>Unspecified</pose>
		<truncated>0</truncated>
		<difficult>0</difficult>
		<occluded>0</occluded>
		<bndbox>
			<xmin>55</xmin>
			<xmax>80</xmax>
			<ymin>87</ymin>
			<ymax>128</ymax>
		</bndbox>
		<polygon>
			<x1>64.896</x1>
			<y1>120.192982</y1>
			<x2>67.288</x2>
			<y2>124.526316</y2>
			<x3>71.968</x3>
			<y3>125.438596</y3>
			<x4>74.672</x4>
			<y4>125.666667</y4>
			<x5>77.376</x5>
			<y5>126.578947</y5>
			<x6>79.456</x6>
			<y6>122.245614</y6>
			<x7>78.52</x7>
			<y7>116.54386</y7>
			<x8>78.936</x8>
			<y8>106.508772</y8>
			<x9>73.84</x9>
			<y9>100.807018</y9>
			<x10>71.032</x10>
			<y10>93.964912</y10>
			<x11>69.992</x11>
			<y11>91.45614</y11>
			<x12>65</x12>
			<y12>86.666667</y12>
			<x13>57.408</x13>
			<y13>85.982456</y13>
			<x14>54.912</x14>
			<y14>92.368421</y14>
			<x15>53.664</x15>
			<y15>100.578947</y15>
			<x16>54.496</x16>
			<y16>106.964912</y16>
			<x17>59.176</x17>
			<y17>114.491228</y17>
			<x18>61.984</x18>
			<y18>116.54386</y18>
			<x19>64.896</x19>
			<y19>120.192982</y19>
		</polygon>
	</object>
	<object>
		<name>Clear plastic bottle</name>
		<pose>Unspecified</pose>
		<truncated>0</truncated>
		<difficult>0</difficult>
		<occluded>0</occluded>
		<bndbox>
			<xmin>70</xmin>
			<xmax>96</xmax>
			<ymin>72</ymin>
			<ymax>116</ymax>
		</bndbox>
		<polygon>
			<x1>90.896</x1>
			<y1>114.491228</y1>
			<x2>92.664</x2>
			<y2>110.157895</y2>
			<x3>94.224</x3>
			<y3>105.368421</y3>
			<x4>94.64</x4>
			<y4>101.263158</y4>
			<x5>94.536</x5>
			<y5>97.614035</y5>
			<x6>92.768</x6>
			<y6>89.859649</y6>
			<x7>88.504</x7>
			<y7>85.070175</y7>
			<x8>84.968</x8>
			<y8>81.421053</y8>
			<x9>81.744</x9>
			<y9>75.947368</y9>
			<x10>77.48</x10>
			<y10>71.385965</y10>
			<x11>75.4</x11>
			<y11>72.754386</y11>
			<x12>73.112</x12>
			<y12>75.263158</y12>
			<x13>70.512</x13>
			<y13>74.350877</y13>
			<x14>69.16</x14>
			<y14>79.824561</y14>
			<x15>69.68</x15>
			<y15>83.017544</y15>
			<x16>69.576</x16>
			<y16>87.122807</y16>
			<x17>71.032</x17>
			<y17>93.736842</y17>
			<x18>73.84</x18>
			<y18>100.578947</y18>
			<x19>79.248</x19>
			<y19>106.052632</y19>
			<x20>82.264</x20>
			<y20>110.385965</y20>
			<x21>86.528</x21>
			<y21>114.947368</y21>
			<x22>90.896</x22>
			<y22>114.491228</y22>
		</polygon>
	</object>
	<object>
		<name>Plastic film</name>
		<pose>Unspecified</pose>
		<truncated>0</truncated>
		<difficult>0</difficult>
		<occluded>0</occluded>
		<bndbox>
			<xmin>52</xmin>
			<xmax>66</xmax>
			<ymin>79</ymin>
			<ymax>99</ymax>
		</bndbox>
		<polygon>
			<x1>65.104</x1>
			<y1>86.666667</y1>
			<x2>64.272</x2>
			<y2>82.105263</y2>
			<x3>61.88</x3>
			<y3>79.140351</y3>
			<x4>58.968</x4>
			<y4>77.54386</y4>
			<x5>53.768</x5>
			<y5>80.964912</y5>
			<x6>51.272</x6>
			<y6>83.017544</y6>
			<x7>50.752</x7>
			<y7>89.859649</y7>
			<x8>52.312</x8>
			<y8>97.614035</y8>
			<x9>54.496</x9>
			<y9>92.368421</y9>
			<x10>57.408</x10>
			<y10>85.982456</y10>
			<x11>65.104</x11>
			<y11>86.666667</y11>
		</polygon>
	</object>
	<object>
		<name>Plastic film</name>
		<pose>Unspecified</pose>
		<truncated>0</truncated>
		<difficult>0</difficult>
		<occluded>0</occluded>
		<bndbox>
			<xmin>42</xmin>
			<xmax>51</xmax>
			<ymin>37</ymin>
			<ymax>53</ymax>
		</bndbox>
		<polygon>
			<x1>49.608</x1>
			<y1>42.421053</y1>
			<x2>45.448</x2>
			<y2>35.578947</y2>
			<x3>41.496</x3>
			<y3>41.052632</y3>
			<x4>44.408</x4>
			<y4>51.54386</y4>
			<x5>48.256</x5>
			<y5>48.578947</y5>
			<x6>49.608</x6>
			<y6>42.421053</y6>
		</polygon>
	</object>
	<object>
		<name>Other plastic wrapper</name>
		<pose>Unspecified</pose>
		<truncated>0</truncated>
		<difficult>0</difficult>
		<occluded>0</occluded>
		<bndbox>
			<xmin>79</xmin>
			<xmax>86</xmax>
			<ymin>139</ymin>
			<ymax>155</ymax>
		</bndbox>
		<polygon>
			<x1>84.24</x1>
			<y1>151.210526</y1>
			<x2>84.76</x2>
			<y2>138.438596</y2>
			<x3>78.728</x3>
			<y3>140.263158</y3>
			<x4>77.896</x4>
			<y4>148.701754</y4>
			<x5>81.328</x5>
			<y5>154.175439</y5>
			<x6>84.24</x6>
			<y6>151.210526</y6>
		</polygon>
	</object>
	<object>
		<name>Disposable plastic cup</name>
		<pose>Unspecified</pose>
		<truncated>0</truncated>
		<difficult>0</difficult>
		<occluded>0</occluded>
		<bndbox>
			<xmin>119</xmin>
			<xmax>129</xmax>
			<ymin>192</ymin>
			<ymax>215</ymax>
		</bndbox>
		<polygon>
			<x1>121.264</x1>
			<y1>214.385965</y1>
			<x2>126.88</x2>
			<y2>212.105263</y2>
			<x3>127.92</x3>
			<y3>206.859649</y3>
			<x4>127.296</x4>
			<y4>202.070175</y4>
			<x5>125.944</x5>
			<y5>191.350877</y5>
			<x6>121.888</x6>
			<y6>191.578947</y6>
			<x7>118.248</x7>
			<y7>194.315789</y7>
			<x8>117.52</x8>
			<y8>197.964912</y8>
			<x9>118.872</x9>
			<y9>203.438596</y9>
			<x10>118.768</x10>
			<y10>207.77193</y10>
			<x11>120.432</x11>
			<y11>210.280702</y11>
			<x12>121.264</x12>
			<y12>214.385965</y12>
		</polygon>
	</object>
	<object>
		<name>Unlabeled litter</name>
		<pose>Unspecified</pose>
		<truncated>0</truncated>
		<difficult>0</difficult>
		<occluded>0</occluded>
		<bndbox>
			<xmin>169</xmin>
			<xmax>179</xmax>
			<ymin>172</ymin>
			<ymax>198</ymax>
		</bndbox>
		<polygon>
			<x1>172.432</x1>
			<y1>196.824561</y1>
			<x2>175.24</x2>
			<y2>188.614035</y2>
			<x3>177.528</x3>
			<y3>179.263158</y3>
			<x4>174.304</x4>
			<y4>174.017544</y4>
			<x5>171.392</x5>
			<y5>171.280702</y5>
			<x6>170.56</x6>
			<y6>178.578947</y6>
			<x7>168.376</x7>
			<y7>186.105263</y7>
			<x8>172.432</x8>
			<y8>196.824561</y8>
		</polygon>
	</object>
	<object>
		<name>Single-use carrier bag</name>
		<pose>Unspecified</pose>
		<truncated>0</truncated>
		<difficult>0</difficult>
		<occluded>0</occluded>
		<bndbox>
			<xmin>220</xmin>
			<xmax>251</xmax>
			<ymin>82</ymin>
			<ymax>109</ymax>
		</bndbox>
		<polygon>
			<x1>239.096</x1>
			<y1>107.192982</y1>
			<x2>245.232</x2>
			<y2>107.421053</y2>
			<x3>246.792</x3>
			<y3>103.315789</y3>
			<x4>249.912</x4>
			<y4>93.052632</y4>
			<x5>246.272</x5>
			<y5>85.754386</y5>
			<x6>244.088</x6>
			<y6>85.526316</y6>
			<x7>240.864</x7>
			<y7>80.964912</y7>
			<x8>239.512</x8>
			<y8>87.807018</y8>
			<x9>240.448</x9>
			<y9>90.315789</y9>
			<x10>237.952</x10>
			<y10>89.859649</y10>
			<x11>232.44</x11>
			<y11>86.894737</y11>
			<x12>234</x12>
			<y12>89.859649</y12>
			<x13>230.048</x13>
			<y13>89.631579</y13>
			<x14>226.616</x14>
			<y14>92.824561</y14>
			<x15>222.664</x15>
			<y15>96.017544</y15>
			<x16>219.128</x16>
			<y16>96.245614</y16>
			<x17>218.816</x17>
			<y17>98.754386</y17>
			<x18>219.544</x18>
			<y18>100.807018</y18>
			<x19>225.68</x19>
			<y19>102.403509</y19>
			<x20>227.448</x20>
			<y20>105.596491</y20>
			<x21>231.296</x21>
			<y21>107.877193</y21>
			<x22>239.096</x22>
			<y22>107.192982</y22>
		</polygon>
	</object>
	<object>
		<name>Plastic film</name>
		<pose>Unspecified</pose>
		<truncated>0</truncated>
		<difficult>0</difficult>
		<occluded>0</occluded>
		<bndbox>
			<xmin>213</xmin>
			<xmax>243</xmax>
			<ymin>134</ymin>
			<ymax>167</ymax>
		</bndbox>
		<polygon>
			<x1>219.128</x1>
			<y1>148.245614</y1>
			<x2>219.232</x2>
			<y2>144.596491</y2>
			<x3>221.832</x3>
			<y3>154.175439</y3>
			<x4>223.6</x4>
			<y4>162.842105</y4>
			<x5>226.408</x5>
			<y5>166.035088</y5>
			<x6>231.088</x6>
			<y6>166.491228</y6>
			<x7>235.144</x7>
			<y7>166.035088</y7>
			<x8>237.12</x8>
			<y8>163.070175</y8>
			<x9>239.824</x9>
			<y9>162.614035</y9>
			<x10>242.216</x10>
			<y10>158.964912</y10>
			<x11>240.968</x11>
			<y11>155.54386</y11>
			<x12>237.432</x12>
			<y12>152.578947</y12>
			<x13>235.56</x13>
			<y13>152.578947</y13>
			<x14>233.064</x14>
			<y14>150.070175</y14>
			<x15>231.4</x15>
			<y15>151.666667</y15>
			<x16>229.944</x16>
			<y16>154.403509</y16>
			<x17>227.344</x17>
			<y17>153.035088</y17>
			<x18>225.576</x18>
			<y18>147.789474</y18>
			<x19>222.456</x19>
			<y19>140.947368</y19>
			<x20>222.248</x20>
			<y20>136.842105</y20>
			<x21>217.672</x21>
			<y21>133.421053</y21>
			<x22>215.904</x22>
			<y22>134.105263</y22>
			<x23>214.864</x23>
			<y23>133.421053</y23>
			<x24>212.368</x24>
			<y24>133.649123</y24>
			<x25>213.72</x25>
			<y25>138.666667</y25>
			<x26>214.552</x26>
			<y26>148.017544</y26>
			<x27>217.88</x27>
			<y27>154.859649</y27>
			<x28>221.104</x28>
			<y28>156.684211</y28>
			<x29>219.128</x29>
			<y29>148.245614</y29>
		</polygon>
	</object>
	<object>
		<name>Plastic film</name>
		<pose>Unspecified</pose>
		<truncated>0</truncated>
		<difficult>0</difficult>
		<occluded>0</occluded>
		<bndbox>
			<xmin>303</xmin>
			<xmax>324</xmax>
			<ymin>54</ymin>
			<ymax>102</ymax>
		</bndbox>
		<polygon>
			<x1>308.464</x1>
			<y1>91.684211</y1>
			<x2>310.336</x2>
			<y2>92.140351</y2>
			<x3>310.128</x3>
			<y3>96.929825</y3>
			<x4>313.248</x4>
			<y4>100.122807</y4>
			<x5>316.472</x5>
			<y5>101.491228</y5>
			<x6>318.552</x6>
			<y6>101.491228</y6>
			<x7>320.84</x7>
			<y7>95.333333</y7>
			<x8>322.608</x8>
			<y8>92.368421</y8>
			<x9>322.296</x9>
			<y9>86.666667</y9>
			<x10>320.632</x10>
			<y10>85.754386</y10>
			<x11>318.552</x11>
			<y11>83.929825</y11>
			<x12>316.784</x12>
			<y12>83.473684</y12>
			<x13>316.68</x13>
			<y13>76.403509</y13>
			<x14>314.912</x14>
			<y14>68.649123</y14>
			<x15>313.248</x15>
			<y15>62.263158</y15>
			<x16>311.168</x16>
			<y16>60.894737</y16>
			<x17>308.256</x17>
			<y17>61.122807</y17>
			<x18>306.696</x18>
			<y18>59.754386</y18>
			<x19>307.84</x19>
			<y19>53.824561</y19>
			<x20>305.76</x20>
			<y20>53.368421</y20>
			<x21>304.72</x21>
			<y21>56.561404</y21>
			<x22>301.808</x22>
			<y22>63.175439</y22>
			<x23>302.64</x23>
			<y23>66.140351</y23>
			<x24>304.304</x24>
			<y24>63.175439</y24>
			<x25>305.552</x25>
			<y25>60.894737</y25>
			<x26>305.552</x26>
			<y26>67.280702</y26>
			<x27>307.112</x27>
			<y27>71.842105</y27>
			<x28>307.84</x28>
			<y28>79.368421</y28>
			<x29>307.216</x29>
			<y29>84.842105</y29>
			<x30>308.464</x30>
			<y30>91.684211</y30>
		</polygon>
	</object>
	<object>
		<name>Unlabeled litter</name>
		<pose>Unspecified</pose>
		<truncated>0</truncated>
		<difficult>0</difficult>
		<occluded>0</occluded>
		<bndbox>
			<xmin>129</xmin>
			<xmax>146</xmax>
			<ymin>86</ymin>
			<ymax>120</ymax>
		</bndbox>
		<polygon>
			<x1>142.584</x1>
			<y1>104.22807</y1>
			<x2>145.288</x2>
			<y2>84.614035</y2>
			<x3>140.816</x3>
			<y3>90.087719</y3>
			<x4>135.2</x4>
			<y4>97.385965</y4>
			<x5>127.712</x5>
			<y5>118.596491</y5>
			<x6>137.696</x6>
			<y6>109.473684</y6>
			<x7>142.584</x7>
			<y7>104.22807</y7>
		</polygon>
	</object>
	<object>
		<name>Unlabeled litter</name>
		<pose>Unspecified</pose>
		<truncated>0</truncated>
		<difficult>0</difficult>
		<occluded>0</occluded>
		<bndbox>
			<xmin>139</xmin>
			<xmax>149</xmax>
			<ymin>134</ymin>
			<ymax>152</ymax>
		</bndbox>
		<polygon>
			<x1>146.848</x1>
			<y1>146.421053</y1>
			<x2>147.68</x2>
			<y2>140.719298</y2>
			<x3>137.8</x3>
			<y3>133.421053</y3>
			<x4>137.592</x4>
			<y4>144.368421</y4>
			<x5>142.064</x5>
			<y5>151.438596</y5>
			<x6>146.848</x6>
			<y6>146.421053</y6>
		</polygon>
	</object>
	<object>
		<name>Unlabeled litter</name>
		<pose>Unspecified</pose>
		<truncated>0</truncated>
		<difficult>0</difficult>
		<occluded>0</occluded>
		<bndbox>
			<xmin>23</xmin>
			<xmax>43</xmax>
			<ymin>47</ymin>
			<ymax>72</ymax>
		</bndbox>
		<polygon>
			<x1>36.296</x1>
			<y1>63.175439</y1>
			<x2>37.544</x2>
			<y2>63.631579</y2>
			<x3>41.808</x3>
			<y3>61.122807</y3>
			<x4>42.432</x4>
			<y4>57.473684</y4>
			<x5>39.104</x5>
			<y5>54.964912</y5>
			<x6>35.984</x6>
			<y6>54.508772</y6>
			<x7>35.88</x7>
			<y7>50.175439</y7>
			<x8>33.28</x8>
			<y8>46.298246</y8>
			<x9>30.784</x9>
			<y9>49.947368</y9>
			<x10>29.952</x10>
			<y10>53.824561</y10>
			<x11>28.6</x11>
			<y11>57.473684</y11>
			<x12>28.288</x12>
			<y12>61.807018</y12>
			<x13>22.88</x13>
			<y13>62.719298</y13>
			<x14>21.944</x14>
			<y14>67.508772</y14>
			<x15>25.064</x15>
			<y15>70.929825</y15>
			<x16>28.392</x16>
			<y16>68.421053</y16>
			<x17>31.72</x17>
			<y17>69.561404</y17>
			<x18>34.008</x18>
			<y18>68.192982</y18>
			<x19>36.296</x19>
			<y19>63.175439</y19>
		</polygon>
	</object>
</annotation>
