<annotation>
	<folder></folder>
	<filename>000003_jpg.rf.43f8319a2dd395da4fd88f73c2ebf224.jpg</filename>
	<path>000003_jpg.rf.43f8319a2dd395da4fd88f73c2ebf224.jpg</path>
	<source>
		<database>roboflow.ai</database>
	</source>
	<size>
		<width>416</width>
		<height>416</height>
		<depth>3</depth>
	</size>
	<segmented>0</segmented>
	<object>
		<name>Corrugated carton</name>
		<pose>Unspecified</pose>
		<truncated>0</truncated>
		<difficult>0</difficult>
		<occluded>0</occluded>
		<bndbox>
			<xmin>31</xmin>
			<xmax>195</xmax>
			<ymin>122</ymin>
			<ymax>205</ymax>
		</bndbox>
		<polygon>
			<x1>96.473684</x1>
			<y1>173.992</y1>
			<x2>194.087719</x2>
			<y2>176.592</y2>
			<x3>192.035088</x3>
			<y3>146.536</y3>
			<x4>165.807018</x4>
			<y4>131.04</y4>
			<x5>157.824561</x5>
			<y5>120.64</y5>
			<x6>51.77193</x6>
			<y6>123.864</y6>
			<x7>47.894737</x7>
			<y7>123.344</y7>
			<x8>36.491228</x8>
			<y8>123.448</y8>
			<x9>33.754386</x9>
			<y9>125.216</y9>
			<x10>29.877193</x10>
			<y10>133.744</y10>
			<x11>30.333333</x11>
			<y11>148.512</y11>
			<x12>52.45614</x12>
			<y12>203.736</y12>
			<x13>63.631579</x13>
			<y13>203.112</y13>
			<x14>96.473684</x14>
			<y14>173.992</y14>
		</polygon>
	</object>
	<object>
		<name>Corrugated carton</name>
		<pose>Unspecified</pose>
		<truncated>0</truncated>
		<difficult>0</difficult>
		<occluded>0</occluded>
		<bndbox>
			<xmin>45</xmin>
			<xmax>395</xmax>
			<ymin>175</ymin>
			<ymax>335</ymax>
		</bndbox>
		<polygon>
			<x1>68.649123</x1>
			<y1>281.944</y1>
			<x2>64.315789</x2>
			<y2>284.232</y2>
			<x3>47.438596</x3>
			<y3>312.624</y3>
			<x4>44.245614</x4>
			<y4>319.28</y4>
			<x5>98.982456</x5>
			<y5>321.464</y5>
			<x6>147.333333</x6>
			<y6>324.064</y6>
			<x7>221.45614</x7>
			<y7>329.576</y7>
			<x8>250.421053</x8>
			<y8>331.24</y8>
			<x9>277.333333</x9>
			<y9>331.968</y9>
			<x10>368.105263</x10>
			<y10>334.36</y10>
			<x11>367.192982</x11>
			<y11>293.592</y11>
			<x12>371.982456</x12>
			<y12>292.448</y12>
			<x13>370.157895</x13>
			<y13>284.232</y13>
			<x14>393.649123</x14>
			<y14>231.816</y14>
			<x15>379.964912</x15>
			<y15>183.976</y15>
			<x16>375.631579</x16>
			<y16>182.832</y16>
			<x17>96.473684</x17>
			<y17>174.096</y17>
			<x18>46.982456</x18>
			<y18>218.608</y18>
			<x19>68.421053</x19>
			<y19>271.648</y19>
			<x20>68.649123</x20>
			<y20>278.616</y20>
			<x21>68.649123</x21>
			<y21>281.944</y21>
		</polygon>
	</object>
	<object>
		<name>Corrugated carton</name>
		<pose>Unspecified</pose>
		<truncated>0</truncated>
		<difficult>0</difficult>
		<occluded>0</occluded>
		<bndbox>
			<xmin>158</xmin>
			<xmax>417</xmax>
			<ymin>25</ymin>
			<ymax>193</ymax>
		</bndbox>
		<polygon>
			<x1>376.77193</x1>
			<y1>182.624</y1>
			<x2>380.192982</x2>
			<y2>183.56</y2>
			<x3>384.070175</x3>
			<y3>191.88</y3>
			<x4>415.54386</x4>
			<y4>182</y4>
			<x5>411.210526</x5>
			<y5>23.504</y5>
			<x6>395.245614</x6>
			<y6>29.744</y6>
			<x7>305.842105</x7>
			<y7>59.904</y7>
			<x8>229.666667</x8>
			<y8>83.304</y8>
			<x9>159.192982</x9>
			<y9>109.616</y9>
			<x10>156.684211</x10>
			<y10>111.904</y10>
			<x11>157.824561</x11>
			<y11>117.104</y11>
			<x12>166.035088</x12>
			<y12>130.104</y12>
			<x13>208</x13>
			<y13>155.792</y13>
			<x14>243.122807</x14>
			<y14>178.36</y14>
			<x15>376.77193</x15>
			<y15>182.624</y15>
		</polygon>
	</object>
	<object>
		<name>Styrofoam piece</name>
		<pose>Unspecified</pose>
		<truncated>0</truncated>
		<difficult>0</difficult>
		<occluded>0</occluded>
		<bndbox>
			<xmin>384</xmin>
			<xmax>408</xmax>
			<ymin>189</ymin>
			<ymax>201</ymax>
		</bndbox>
		<polygon>
			<x1>407.333333</x1>
			<y1>193.44</y1>
			<x2>400.491228</x2>
			<y2>187.512</y2>
			<x3>383.385965</x3>
			<y3>191.776</y3>
			<x4>385.894737</x4>
			<y4>199.68</y4>
			<x5>407.333333</x5>
			<y5>193.44</y5>
		</polygon>
	</object>
	<object>
		<name>Styrofoam piece</name>
		<pose>Unspecified</pose>
		<truncated>0</truncated>
		<difficult>0</difficult>
		<occluded>0</occluded>
		<bndbox>
			<xmin>386</xmin>
			<xmax>417</xmax>
			<ymin>192</ymin>
			<ymax>211</ymax>
		</bndbox>
		<polygon>
			<x1>385.210526</x1>
			<y1>199.888</y1>
			<x2>388.859649</x2>
			<y2>210.288</y2>
			<x3>415.54386</x3>
			<y3>202.488</y3>
			<x4>415.54386</x4>
			<y4>191.152</y4>
			<x5>385.210526</x5>
			<y5>199.888</y5>
		</polygon>
	</object>
</annotation>
