<annotation>
	<folder></folder>
	<filename>000041_jpg.rf.6ecf4bdcb07961868de2c96261e1734f.jpg</filename>
	<path>000041_jpg.rf.6ecf4bdcb07961868de2c96261e1734f.jpg</path>
	<source>
		<database>roboflow.ai</database>
	</source>
	<size>
		<width>416</width>
		<height>416</height>
		<depth>3</depth>
	</size>
	<segmented>0</segmented>
	<object>
		<name>Drink can</name>
		<pose>Unspecified</pose>
		<truncated>0</truncated>
		<difficult>0</difficult>
		<occluded>0</occluded>
		<bndbox>
			<xmin>166</xmin>
			<xmax>206</xmax>
			<ymin>191</ymin>
			<ymax>228</ymax>
		</bndbox>
		<polygon>
			<x1>169.01877</x1>
			<y1>219.80078</y1>
			<x2>174.064106</x2>
			<y2>226.556951</y2>
			<x3>182.112619</x3>
			<y3>226.647033</y3>
			<x4>204.93676</x4>
			<y4>223.674318</y4>
			<x5>193.52469</x5>
			<y5>210.071893</y5>
			<x6>189.560497</x6>
			<y6>208</y6>
			<x7>186.076812</x7>
			<y7>200.162841</y7>
			<x8>183.914525</x8>
			<y8>196.649632</y8>
			<x9>179.589951</x9>
			<y9>189.983543</y9>
			<x10>174.184233</x10>
			<y10>189.803378</y10>
			<x11>167.336991</x11>
			<y11>198.000866</y11>
			<x12>165.174704</x12>
			<y12>208.900823</y12>
			<x13>169.01877</x13>
			<y13>219.80078</y13>
		</polygon>
	</object>
</annotation>
