<annotation>
	<folder></folder>
	<filename>000063_jpg.rf.f981ad7771984c9aa5f357914eac2e7a.jpg</filename>
	<path>000063_jpg.rf.f981ad7771984c9aa5f357914eac2e7a.jpg</path>
	<source>
		<database>roboflow.ai</database>
	</source>
	<size>
		<width>416</width>
		<height>416</height>
		<depth>3</depth>
	</size>
	<segmented>0</segmented>
	<object>
		<name>Unlabeled litter</name>
		<pose>Unspecified</pose>
		<truncated>0</truncated>
		<difficult>0</difficult>
		<occluded>0</occluded>
		<bndbox>
			<xmin>208</xmin>
			<xmax>219</xmax>
			<ymin>211</ymin>
			<ymax>214</ymax>
		</bndbox>
		<polygon>
			<x1>212.506667</x1>
			<y1>210.6</y1>
			<x2>209.04</x2>
			<y2>209.82</y2>
			<x3>207.306667</x3>
			<y3>212.68</y3>
			<x4>218.053333</x4>
			<y4>212.16</y4>
			<x5>212.506667</x5>
			<y5>210.6</y5>
		</polygon>
	</object>
</annotation>
