<annotation>
	<folder></folder>
	<filename>000055_jpg.rf.f3c94be670a8e9472322f5cd39845646.jpg</filename>
	<path>000055_jpg.rf.f3c94be670a8e9472322f5cd39845646.jpg</path>
	<source>
		<database>roboflow.ai</database>
	</source>
	<size>
		<width>416</width>
		<height>416</height>
		<depth>3</depth>
	</size>
	<segmented>0</segmented>
	<object>
		<name>Disposable plastic cup</name>
		<pose>Unspecified</pose>
		<truncated>0</truncated>
		<difficult>0</difficult>
		<occluded>0</occluded>
		<bndbox>
			<xmin>296</xmin>
			<xmax>312</xmax>
			<ymin>198</ymin>
			<ymax>214</ymax>
		</bndbox>
		<polygon>
			<x1>309.068627</x1>
			<y1>213.267974</y1>
			<x2>310.598039</x2>
			<y2>211.568627</y2>
			<x3>311.362745</x3>
			<y3>207.490196</y3>
			<x4>311.235294</x4>
			<y4>205.79085</y4>
			<x5>300.656863</x5>
			<y5>198.823529</y5>
			<x6>299.382353</x6>
			<y6>197.294118</y6>
			<x7>297.852941</x7>
			<y7>197.294118</y7>
			<x8>295.303922</x8>
			<y8>203.921569</y8>
			<x9>294.794118</x9>
			<y9>208.849673</y9>
			<x10>296.323529</x10>
			<y10>209.869281</y10>
			<x11>298.235294</x11>
			<y11>209.869281</y11>
			<x12>309.068627</x12>
			<y12>213.267974</y12>
		</polygon>
	</object>
	<object>
		<name>Tissues</name>
		<pose>Unspecified</pose>
		<truncated>0</truncated>
		<difficult>0</difficult>
		<occluded>0</occluded>
		<bndbox>
			<xmin>323</xmin>
			<xmax>329</xmax>
			<ymin>323</ymin>
			<ymax>333</ymax>
		</bndbox>
		<polygon>
			<x1>327.166667</x1>
			<y1>323.72549</y1>
			<x2>325</x2>
			<y2>321.686275</y2>
			<x3>323.980392</x3>
			<y3>323.385621</y3>
			<x4>322.323529</x4>
			<y4>331.202614</y4>
			<x5>325.254902</x5>
			<y5>331.542484</y5>
			<x6>328.058824</x6>
			<y6>329.843137</y6>
			<x7>327.166667</x7>
			<y7>323.72549</y7>
		</polygon>
	</object>
</annotation>
