<annotation>
	<folder></folder>
	<filename>000051_jpg.rf.61c18b0d11e1f79013756fdda9ab33bc.jpg</filename>
	<path>000051_jpg.rf.61c18b0d11e1f79013756fdda9ab33bc.jpg</path>
	<source>
		<database>roboflow.ai</database>
	</source>
	<size>
		<width>416</width>
		<height>416</height>
		<depth>3</depth>
	</size>
	<segmented>0</segmented>
	<object>
		<name>Other plastic wrapper</name>
		<pose>Unspecified</pose>
		<truncated>0</truncated>
		<difficult>0</difficult>
		<occluded>0</occluded>
		<bndbox>
			<xmin>130</xmin>
			<xmax>196</xmax>
			<ymin>130</ymin>
			<ymax>227</ymax>
		</bndbox>
		<polygon>
			<x1>162.293651</x1>
			<y1>213.915344</y1>
			<x2>178.904762</x2>
			<y2>197.407407</y2>
			<x3>186.333333</x3>
			<y3>200.433862</y3>
			<x4>189.944444</x4>
			<y4>207.724868</y4>
			<x5>194.587302</x5>
			<y5>205.798942</y5>
			<x6>185.198413</x6>
			<y6>172.783069</y6>
			<x7>174.468254</x7>
			<y7>135.365079</y7>
			<x8>171.579365</x8>
			<y8>128.761905</y8>
			<x9>154.65873</x9>
			<y9>134.26455</y9>
			<x10>139.595238</x10>
			<y10>141.830688</y10>
			<x11>128.555556</x11>
			<y11>148.15873</y11>
			<x12>154.039683</x12>
			<y12>226.296296</y12>
			<x13>159.198413</x13>
			<y13>225.608466</y13>
			<x14>166.214286</x14>
			<y14>220.380952</y14>
			<x15>162.293651</x15>
			<y15>213.915344</y15>
		</polygon>
	</object>
</annotation>
