<annotation>
	<folder></folder>
	<filename>000087_jpg.rf.c9a44e3df0fce583a1febdc32bae68fb.jpg</filename>
	<path>000087_jpg.rf.c9a44e3df0fce583a1febdc32bae68fb.jpg</path>
	<source>
		<database>roboflow.ai</database>
	</source>
	<size>
		<width>416</width>
		<height>416</height>
		<depth>3</depth>
	</size>
	<segmented>0</segmented>
	<object>
		<name>Clear plastic bottle</name>
		<pose>Unspecified</pose>
		<truncated>0</truncated>
		<difficult>0</difficult>
		<occluded>0</occluded>
		<bndbox>
			<xmin>79</xmin>
			<xmax>156</xmax>
			<ymin>88</ymin>
			<ymax>104</ymax>
		</bndbox>
		<polygon>
			<x1>141.631579</x1>
			<y1>103.064</y1>
			<x2>148.017544</x2>
			<y2>103.48</y2>
			<x3>152.350877</x3>
			<y3>101.712</y3>
			<x4>155.087719</x4>
			<y4>100.048</y4>
			<x5>155.087719</x5>
			<y5>96.096</y5>
			<x6>153.491228</x6>
			<y6>93.912</y6>
			<x7>146.421053</x7>
			<y7>91.416</y7>
			<x8>141.403509</x8>
			<y8>89.96</y8>
			<x9>136.842105</x9>
			<y9>90.064</y9>
			<x10>125.666667</x10>
			<y10>89.648</y10>
			<x11>121.105263</x11>
			<y11>89.336</y11>
			<x12>113.122807</x12>
			<y12>88.296</y12>
			<x13>108.333333</x13>
			<y13>88.296</y13>
			<x14>104.45614</x14>
			<y14>86.944</y14>
			<x15>91.22807</x15>
			<y15>89.648</y15>
			<x16>85.298246</x16>
			<y16>89.44</y16>
			<x17>83.701754</x17>
			<y17>90.584</y17>
			<x18>78.684211</x18>
			<y18>91.624</y18>
			<x19>78.22807</x19>
			<y19>93.704</y19>
			<x20>78</x20>
			<y20>96.304</y20>
			<x21>80.280702</x21>
			<y21>96.2</y21>
			<x22>87.122807</x22>
			<y22>94.12</y22>
			<x23>90.315789</x23>
			<y23>94.536</y23>
			<x24>98.982456</x24>
			<y24>97.448</y24>
			<x25>113.807018</x25>
			<y25>99.528</y25>
			<x26>129.087719</x26>
			<y26>101.088</y26>
			<x27>141.631579</x27>
			<y27>103.064</y27>
		</polygon>
	</object>
	<object>
		<name>Cigarette</name>
		<pose>Unspecified</pose>
		<truncated>0</truncated>
		<difficult>0</difficult>
		<occluded>0</occluded>
		<bndbox>
			<xmin>255</xmin>
			<xmax>261</xmax>
			<ymin>110</ymin>
			<ymax>111</ymax>
		</bndbox>
		<polygon>
			<x1>253.842105</x1>
			<y1>108.784</y1>
			<x2>253.842105</x2>
			<y2>109.824</y2>
			<x3>258.859649</x3>
			<y3>109.928</y3>
			<x4>259.54386</x4>
			<y4>108.784</y4>
			<x5>253.842105</x5>
			<y5>108.784</y5>
		</polygon>
	</object>
	<object>
		<name>Cigarette</name>
		<pose>Unspecified</pose>
		<truncated>0</truncated>
		<difficult>0</difficult>
		<occluded>0</occluded>
		<bndbox>
			<xmin>233</xmin>
			<xmax>240</xmax>
			<ymin>142</ymin>
			<ymax>144</ymax>
		</bndbox>
		<polygon>
			<x1>232.631579</x1>
			<y1>141.44</y1>
			<x2>231.947368</x2>
			<y2>142.48</y2>
			<x3>238.789474</x3>
			<y3>142.584</y3>
			<x4>238.789474</x4>
			<y4>141.544</y4>
			<x5>232.631579</x5>
			<y5>141.44</y5>
		</polygon>
	</object>
</annotation>
