<annotation>
	<folder></folder>
	<filename>000000_jpg.rf.6177a2a237168c89e0024b997f45ee6b.jpg</filename>
	<path>000000_jpg.rf.6177a2a237168c89e0024b997f45ee6b.jpg</path>
	<source>
		<database>roboflow.ai</database>
	</source>
	<size>
		<width>416</width>
		<height>416</height>
		<depth>3</depth>
	</size>
	<segmented>0</segmented>
	<object>
		<name>Clear plastic bottle</name>
		<pose>Unspecified</pose>
		<truncated>0</truncated>
		<difficult>0</difficult>
		<occluded>0</occluded>
		<bndbox>
			<xmin>313</xmin>
			<xmax>400</xmax>
			<ymin>135</ymin>
			<ymax>151</ymax>
		</bndbox>
		<polygon>
			<x1>322.947368</x1>
			<y1>149.448</y1>
			<x2>348.263158</x2>
			<y2>148.72</y2>
			<x3>360.807018</x3>
			<y3>146.64</y3>
			<x4>367.421053</x4>
			<y4>147.68</y4>
			<x5>382.929825</x5>
			<y5>147.056</y5>
			<x6>388.403509</x6>
			<y6>146.12</y6>
			<x7>397.526316</x7>
			<y7>139.152</y7>
			<x8>399.122807</x8>
			<y8>136.344</y8>
			<x9>394.789474</x9>
			<y9>134.264</y9>
			<x10>379.280702</x10>
			<y10>135.096</y10>
			<x11>370.157895</x11>
			<y11>138.008</y11>
			<x12>367.192982</x12>
			<y12>139.984</y12>
			<x13>353.964912</x13>
			<y13>140.296</y13>
			<x14>321.578947</x14>
			<y14>145.184</y14>
			<x15>312.45614</x15>
			<y15>146.016</y15>
			<x16>313.596491</x16>
			<y16>149.864</y16>
			<x17>322.947368</x17>
			<y17>149.448</y17>
		</polygon>
	</object>
</annotation>
