<annotation>
	<folder></folder>
	<filename>000046_jpg.rf.336995d4e592fdc5c805a11c11f01f64.jpg</filename>
	<path>000046_jpg.rf.336995d4e592fdc5c805a11c11f01f64.jpg</path>
	<source>
		<database>roboflow.ai</database>
	</source>
	<size>
		<width>416</width>
		<height>416</height>
		<depth>3</depth>
	</size>
	<segmented>0</segmented>
	<object>
		<name>Styrofoam piece</name>
		<pose>Unspecified</pose>
		<truncated>0</truncated>
		<difficult>0</difficult>
		<occluded>0</occluded>
		<bndbox>
			<xmin>164</xmin>
			<xmax>190</xmax>
			<ymin>185</ymin>
			<ymax>204</ymax>
		</bndbox>
		<polygon>
			<x1>188.117647</x1>
			<y1>195.254902</y1>
			<x2>189.137255</x2>
			<y2>191.51634</y2>
			<x3>187.990196</x3>
			<y3>183.699346</y3>
			<x4>178.558824</x4>
			<y4>183.699346</y4>
			<x5>163.137255</x5>
			<y5>190.666667</y5>
			<x6>164.539216</x6>
			<y6>202.901961</y6>
			<x7>176.264706</x7>
			<y7>202.732026</y7>
			<x8>188.117647</x8>
			<y8>195.254902</y8>
		</polygon>
	</object>
	<object>
		<name>Unlabeled litter</name>
		<pose>Unspecified</pose>
		<truncated>0</truncated>
		<difficult>0</difficult>
		<occluded>0</occluded>
		<bndbox>
			<xmin>312</xmin>
			<xmax>318</xmax>
			<ymin>170</ymin>
			<ymax>179</ymax>
		</bndbox>
		<polygon>
			<x1>314.54902</x1>
			<y1>169.254902</y1>
			<x2>310.980392</x2>
			<y2>174.013072</y2>
			<x3>311.872549</x3>
			<y3>178.091503</y3>
			<x4>316.588235</x4>
			<y4>175.202614</y4>
			<x5>314.54902</x5>
			<y5>169.254902</y5>
		</polygon>
	</object>
</annotation>
