<annotation>
	<folder></folder>
	<filename>000007_jpg.rf.db7fd682444f1b7d362ad80bd63dbba2.jpg</filename>
	<path>000007_jpg.rf.db7fd682444f1b7d362ad80bd63dbba2.jpg</path>
	<source>
		<database>roboflow.ai</database>
	</source>
	<size>
		<width>416</width>
		<height>416</height>
		<depth>3</depth>
	</size>
	<segmented>0</segmented>
	<object>
		<name>Plastic straw</name>
		<pose>Unspecified</pose>
		<truncated>0</truncated>
		<difficult>0</difficult>
		<occluded>0</occluded>
		<bndbox>
			<xmin>62</xmin>
			<xmax>166</xmax>
			<ymin>123</ymin>
			<ymax>302</ymax>
		</bndbox>
		<polygon>
			<x1>165.4</x1>
			<y1>125.466667</y1>
			<x2>163.7</x2>
			<y2>123.466667</y2>
			<x3>161.7</x3>
			<y3>122.266667</y3>
			<x4>61.4</x4>
			<y4>296.933333</y4>
			<x5>62.8</x5>
			<y5>299.333333</y5>
			<x6>65.1</x6>
			<y6>300.8</y6>
			<x7>165.4</x7>
			<y7>125.466667</y7>
		</polygon>
	</object>
	<object>
		<name>Cigarette</name>
		<pose>Unspecified</pose>
		<truncated>0</truncated>
		<difficult>0</difficult>
		<occluded>0</occluded>
		<bndbox>
			<xmin>302</xmin>
			<xmax>325</xmax>
			<ymin>134</ymin>
			<ymax>154</ymax>
		</bndbox>
		<polygon>
			<x1>313.2</x1>
			<y1>146.4</y1>
			<x2>321.9</x2>
			<y2>142.4</y2>
			<x3>323.9</x3>
			<y3>141.733333</y3>
			<x4>323.1</x4>
			<y4>133.333333</y4>
			<x5>321.6</x5>
			<y5>132.533333</y5>
			<x6>301.3</x6>
			<y6>143.6</y6>
			<x7>301.9</x7>
			<y7>148.4</y7>
			<x8>304</x8>
			<y8>152.533333</y8>
			<x9>313.2</x9>
			<y9>146.4</y9>
		</polygon>
	</object>
</annotation>
