<annotation>
	<folder></folder>
	<filename>000034_JPG.rf.dfbcfa33e7d402a90224210505771ac6.jpg</filename>
	<path>000034_JPG.rf.dfbcfa33e7d402a90224210505771ac6.jpg</path>
	<source>
		<database>roboflow.ai</database>
	</source>
	<size>
		<width>416</width>
		<height>416</height>
		<depth>3</depth>
	</size>
	<segmented>0</segmented>
	<object>
		<name>Metal bottle cap</name>
		<pose>Unspecified</pose>
		<truncated>0</truncated>
		<difficult>0</difficult>
		<occluded>0</occluded>
		<bndbox>
			<xmin>140</xmin>
			<xmax>158</xmax>
			<ymin>162</ymin>
			<ymax>173</ymax>
		</bndbox>
		<polygon>
			<x1>141.045752</x1>
			<y1>170.019608</y1>
			<x2>145.464052</x2>
			<y2>171.803922</y2>
			<x3>149.372549</x3>
			<y3>171.676471</y3>
			<x4>154.300654</x4>
			<y4>170.656863</y4>
			<x5>157.019608</x5>
			<y5>168.235294</y5>
			<x6>157.359477</x6>
			<y6>166.068627</y6>
			<x7>155.830065</x7>
			<y7>163.009804</y7>
			<x8>151.581699</x8>
			<y8>160.843137</y8>
			<x9>145.464052</x9>
			<y9>160.588235</y9>
			<x10>142.065359</x10>
			<y10>161.862745</y10>
			<x11>140.196078</x11>
			<y11>163.137255</y11>
			<x12>139.176471</x12>
			<y12>164.794118</y12>
			<x13>139.006536</x13>
			<y13>166.323529</y13>
			<x14>139.346405</x14>
			<y14>168.235294</y14>
			<x15>141.045752</x15>
			<y15>170.019608</y15>
		</polygon>
	</object>
</annotation>
