<annotation>
	<folder></folder>
	<filename>000089_jpg.rf.116548d227b8c2824c697e14ace08588.jpg</filename>
	<path>000089_jpg.rf.116548d227b8c2824c697e14ace08588.jpg</path>
	<source>
		<database>roboflow.ai</database>
	</source>
	<size>
		<width>416</width>
		<height>416</height>
		<depth>3</depth>
	</size>
	<segmented>0</segmented>
	<object>
		<name>Other plastic bottle</name>
		<pose>Unspecified</pose>
		<truncated>0</truncated>
		<difficult>0</difficult>
		<occluded>0</occluded>
		<bndbox>
			<xmin>170</xmin>
			<xmax>181</xmax>
			<ymin>159</ymin>
			<ymax>162</ymax>
		</bndbox>
		<polygon>
			<x1>179.947368</x1>
			<y1>158.808</y1>
			<x2>177.438596</x2>
			<y2>158.184</y2>
			<x3>172.649123</x3>
			<y3>159.12</y3>
			<x4>169.45614</x4>
			<y4>160.16</y4>
			<x5>171.052632</x5>
			<y5>161.304</y5>
			<x6>175.614035</x6>
			<y6>160.68</y6>
			<x7>177.894737</x7>
			<y7>160.056</y7>
			<x8>179.947368</x8>
			<y8>158.808</y8>
		</polygon>
	</object>
	<object>
		<name>Unlabeled litter</name>
		<pose>Unspecified</pose>
		<truncated>0</truncated>
		<difficult>0</difficult>
		<occluded>0</occluded>
		<bndbox>
			<xmin>220</xmin>
			<xmax>240</xmax>
			<ymin>350</ymin>
			<ymax>358</ymax>
		</bndbox>
		<polygon>
			<x1>218.947368</x1>
			<y1>349.44</y1>
			<x2>235.368421</x2>
			<y2>357.24</y2>
			<x3>239.017544</x3>
			<y3>356.304</y3>
			<x4>222.596491</x4>
			<y4>348.504</y4>
			<x5>218.947368</x5>
			<y5>349.44</y5>
		</polygon>
	</object>
</annotation>
