<annotation>
	<folder></folder>
	<filename>000083_JPG.rf.9909a71794e5d9ee9b0eb563c34f1d90.jpg</filename>
	<path>000083_JPG.rf.9909a71794e5d9ee9b0eb563c34f1d90.jpg</path>
	<source>
		<database>roboflow.ai</database>
	</source>
	<size>
		<width>416</width>
		<height>416</height>
		<depth>3</depth>
	</size>
	<segmented>0</segmented>
	<object>
		<name>Clear plastic bottle</name>
		<pose>Unspecified</pose>
		<truncated>0</truncated>
		<difficult>0</difficult>
		<occluded>0</occluded>
		<bndbox>
			<xmin>108</xmin>
			<xmax>137</xmax>
			<ymin>310</ymin>
			<ymax>337</ymax>
		</bndbox>
		<polygon>
			<x1>133.781653</x1>
			<y1>331.622642</y1>
			<x2>134.071852</x2>
			<y2>330.264151</y2>
			<x3>135.087548</x3>
			<y3>329.509434</y3>
			<x4>135.813045</x4>
			<y4>327.698113</y4>
			<x5>134.65225</x5>
			<y5>325.132075</y5>
			<x6>130.444367</x6>
			<y6>321.962264</y6>
			<x7>122.754098</x7>
			<y7>316.528302</y7>
			<x8>121.593303</x8>
			<y8>316.679245</y8>
			<x9>120.722707</x9>
			<y9>316.528302</y9>
			<x10>119.126613</x10>
			<y10>314.264151</y10>
			<x11>117.53052</x11>
			<y11>314.716981</y11>
			<x12>117.095221</x12>
			<y12>312.90566</y12>
			<x13>114.483432</x13>
			<y13>311.54717</y13>
			<x14>112.161842</x14>
			<y14>310.188679</y14>
			<x15>107.083362</x15>
			<y15>308.981132</y15>
			<x16>107.808859</x16>
			<y16>313.962264</y16>
			<x17>107.66376</x17>
			<y17>322.113208</y17>
			<x18>116.079526</x18>
			<y18>328.603774</y18>
			<x19>125.075689</x19>
			<y19>334.792453</y19>
			<x20>130.879665</x20>
			<y20>336</y20>
			<x21>132.475759</x21>
			<y21>334.339623</y21>
			<x22>133.781653</x22>
			<y22>331.622642</y22>
		</polygon>
	</object>
	<object>
		<name>Other plastic</name>
		<pose>Unspecified</pose>
		<truncated>0</truncated>
		<difficult>0</difficult>
		<occluded>0</occluded>
		<bndbox>
			<xmin>166</xmin>
			<xmax>176</xmax>
			<ymin>345</ymin>
			<ymax>354</ymax>
		</bndbox>
		<polygon>
			<x1>170.636903</x1>
			<y1>353.056604</y1>
			<x2>173.248692</x2>
			<y2>352.45283</y2>
			<x3>174.989885</x3>
			<y3>349.886792</y3>
			<x4>173.538891</x4>
			<y4>345.056604</y4>
			<x5>170.636903</x5>
			<y5>344</y5>
			<x6>167.734915</x6>
			<y6>344.301887</y6>
			<x7>165.848622</x7>
			<y7>345.811321</y7>
			<x8>165.268225</x8>
			<y8>347.471698</y8>
			<x9>165.993722</x9>
			<y9>351.396226</y9>
			<x10>166.719219</x10>
			<y10>352</y10>
			<x11>168.460412</x11>
			<y11>353.056604</y11>
			<x12>170.636903</x12>
			<y12>353.056604</y12>
		</polygon>
	</object>
</annotation>
