<annotation>
	<folder></folder>
	<filename>000028_jpg.rf.50ca0418a1615d5cf32b58d2c1e2a1a5.jpg</filename>
	<path>000028_jpg.rf.50ca0418a1615d5cf32b58d2c1e2a1a5.jpg</path>
	<source>
		<database>roboflow.ai</database>
	</source>
	<size>
		<width>416</width>
		<height>416</height>
		<depth>3</depth>
	</size>
	<segmented>0</segmented>
	<object>
		<name>Unlabeled litter</name>
		<pose>Unspecified</pose>
		<truncated>0</truncated>
		<difficult>0</difficult>
		<occluded>0</occluded>
		<bndbox>
			<xmin>1</xmin>
			<xmax>82</xmax>
			<ymin>244</ymin>
			<ymax>280</ymax>
		</bndbox>
		<polygon>
			<x1>34.38822</x1>
			<y1>251.072289</y1>
			<x2>28.958501</x2>
			<y2>252.951807</y2>
			<x3>24.921017</x3>
			<y3>254.596386</y3>
			<x4>20.465863</x4>
			<y4>254.596386</y4>
			<x5>7.518072</x5>
			<y5>256.945783</y5>
			<x6>0.139224</x6>
			<y6>259.843373</y6>
			<x7>0.139224</x7>
			<y7>267.283133</y7>
			<x8>2.784471</x8>
			<y8>266.03012</y8>
			<x9>5.708166</x9>
			<y9>268.849398</y9>
			<x10>12.251673</x10>
			<y10>273.861446</y10>
			<x11>17.542169</x11>
			<y11>275.114458</y11>
			<x12>19.491299</x12>
			<y12>277.072289</y12>
			<x13>25.338688</x13>
			<y13>278.638554</y13>
			<x14>33.413655</x14>
			<y14>273.704819</y14>
			<x15>37.172691</x15>
			<y15>271.277108</y15>
			<x16>36.75502</x16>
			<y16>269.86747</y16>
			<x17>42.60241</x17>
			<y17>267.753012</y17>
			<x18>51.791165</x18>
			<y18>266.186747</y18>
			<x19>56.246319</x19>
			<y19>265.168675</y19>
			<x20>63.34672</x20>
			<y20>265.795181</y20>
			<x21>70.586345</x21>
			<y21>264.072289</y21>
			<x22>79.496653</x22>
			<y22>263.054217</y22>
			<x23>80.749665</x23>
			<y23>261.409639</y23>
			<x24>76.016064</x24>
			<y24>251.463855</y24>
			<x25>69.751004</x25>
			<y25>248.331325</y25>
			<x26>65.017403</x26>
			<y26>242.849398</y26>
			<x27>51.373494</x27>
			<y27>245.512048</y27>
			<x28>40.792503</x28>
			<y28>245.668675</y28>
			<x29>40.235609</x29>
			<y29>247.078313</y29>
			<x30>37.451138</x30>
			<y30>248.801205</y30>
			<x31>34.38822</x31>
			<y31>251.072289</y31>
		</polygon>
	</object>
	<object>
		<name>Aluminium blister pack</name>
		<pose>Unspecified</pose>
		<truncated>0</truncated>
		<difficult>0</difficult>
		<occluded>0</occluded>
		<bndbox>
			<xmin>151</xmin>
			<xmax>209</xmax>
			<ymin>180</ymin>
			<ymax>214</ymax>
		</bndbox>
		<polygon>
			<x1>152.589023</x1>
			<y1>189.048193</y1>
			<x2>149.526104</x2>
			<y2>191.475904</y2>
			<x3>151.057564</x3>
			<y3>194.138554</y3>
			<x4>178.206158</x4>
			<y4>212.463855</y4>
			<x5>182.939759</x5>
			<y5>213.012048</y5>
			<x6>186.420348</x6>
			<y6>211.993976</y6>
			<x7>205.354752</x7>
			<y7>202.596386</y7>
			<x8>207.721553</x8>
			<y8>200.481928</y8>
			<x9>207.721553</x9>
			<y9>197.89759</y9>
			<x10>177.927711</x10>
			<y10>179.650602</y10>
			<x11>175.14324</x11>
			<y11>179.024096</y11>
			<x12>172.080321</x12>
			<y12>179.415663</y12>
			<x13>152.589023</x13>
			<y13>189.048193</y13>
		</polygon>
	</object>
	<object>
		<name>Other plastic wrapper</name>
		<pose>Unspecified</pose>
		<truncated>0</truncated>
		<difficult>0</difficult>
		<occluded>0</occluded>
		<bndbox>
			<xmin>271</xmin>
			<xmax>346</xmax>
			<ymin>222</ymin>
			<ymax>267</ymax>
		</bndbox>
		<polygon>
			<x1>306.291834</x1>
			<y1>260.626506</y1>
			<x2>314.366801</x2>
			<y2>266.186747</y2>
			<x3>344.578313</x3>
			<y3>253.343373</y3>
			<x4>319.657296</x4>
			<y4>235.253012</y4>
			<x5>302.811245</x5>
			<y5>223.740964</y5>
			<x6>298.912985</x6>
			<y6>221.156627</y6>
			<x7>275.941098</x7>
			<y7>229.536145</y7>
			<x8>270.372155</x8>
			<y8>233.216867</y8>
			<x9>306.291834</x9>
			<y9>260.626506</y9>
		</polygon>
	</object>
	<object>
		<name>Other plastic wrapper</name>
		<pose>Unspecified</pose>
		<truncated>0</truncated>
		<difficult>0</difficult>
		<occluded>0</occluded>
		<bndbox>
			<xmin>277</xmin>
			<xmax>290</xmax>
			<ymin>228</ymin>
			<ymax>233</ymax>
		</bndbox>
		<polygon>
			<x1>276.219545</x1>
			<y1>229.379518</y1>
			<x2>275.662651</x2>
			<y2>232.198795</y2>
			<x3>285.825971</x3>
			<y3>231.728916</y3>
			<x4>285.825971</x4>
			<y4>230.475904</y4>
			<x5>289.167336</x5>
			<y5>228.831325</y5>
			<x6>288.053548</x6>
			<y6>227.186747</y6>
			<x7>283.598394</x7>
			<y7>227.186747</y7>
			<x8>276.219545</x8>
			<y8>229.379518</y8>
		</polygon>
	</object>
	<object>
		<name>Plastic straw</name>
		<pose>Unspecified</pose>
		<truncated>0</truncated>
		<difficult>0</difficult>
		<occluded>0</occluded>
		<bndbox>
			<xmin>360</xmin>
			<xmax>417</xmax>
			<ymin>365</ymin>
			<ymax>383</ymax>
		</bndbox>
		<polygon>
			<x1>416</x1>
			<y1>364.23494</y1>
			<x2>372.283802</x2>
			<y2>375.981928</y2>
			<x3>359.057564</x3>
			<y3>379.506024</y3>
			<x4>361.842035</x4>
			<y4>382.012048</y4>
			<x5>416</x5>
			<y5>367.445783</y5>
			<x6>416</x6>
			<y6>364.23494</y6>
		</polygon>
	</object>
	<object>
		<name>Unlabeled litter</name>
		<pose>Unspecified</pose>
		<truncated>0</truncated>
		<difficult>0</difficult>
		<occluded>0</occluded>
		<bndbox>
			<xmin>267</xmin>
			<xmax>277</xmax>
			<ymin>33</ymin>
			<ymax>41</ymax>
		</bndbox>
		<polygon>
			<x1>271.903614</x1>
			<y1>39.704819</y1>
			<x2>274.409639</x2>
			<y2>40.096386</y2>
			<x3>275.523427</x3>
			<y3>37.120482</y3>
			<x4>275.384203</x4>
			<y4>34.379518</y4>
			<x5>266.891566</x5>
			<y5>32.186747</y5>
			<x6>266.056225</x6>
			<y6>34.927711</y6>
			<x7>266.752343</x7>
			<y7>36.650602</y7>
			<x8>266.334672</x8>
			<y8>37.981928</y8>
			<x9>271.903614</x9>
			<y9>39.704819</y9>
		</polygon>
	</object>
	<object>
		<name>Tissues</name>
		<pose>Unspecified</pose>
		<truncated>0</truncated>
		<difficult>0</difficult>
		<occluded>0</occluded>
		<bndbox>
			<xmin>62</xmin>
			<xmax>92</xmax>
			<ymin>141</ymin>
			<ymax>160</ymax>
		</bndbox>
		<polygon>
			<x1>75.180723</x1>
			<y1>143.46988</y1>
			<x2>72.953146</x2>
			<y2>142.295181</y2>
			<x3>64.738956</x3>
			<y3>140.337349</y3>
			<x4>66.270415</x4>
			<y4>144.174699</y4>
			<x5>61.258367</x5>
			<y5>148.012048</y5>
			<x6>62.650602</x6>
			<y6>149.26506</y6>
			<x7>62.093708</x7>
			<y7>150.753012</y7>
			<x8>66.270415</x8>
			<y8>153.024096</y8>
			<x9>77.4083</x9>
			<y9>156</y9>
			<x10>82.281124</x10>
			<y10>158.114458</y10>
			<x11>87.57162</x11>
			<y11>158.584337</y11>
			<x12>91.46988</x12>
			<y12>155.138554</y12>
			<x13>91.46988</x13>
			<y13>149.26506</y13>
			<x14>86.875502</x14>
			<y14>146.915663</y14>
			<x15>83.67336</x15>
			<y15>144.018072</y15>
			<x16>75.180723</x16>
			<y16>143.46988</y16>
		</polygon>
	</object>
	<object>
		<name>Unlabeled litter</name>
		<pose>Unspecified</pose>
		<truncated>0</truncated>
		<difficult>0</difficult>
		<occluded>0</occluded>
		<bndbox>
			<xmin>191</xmin>
			<xmax>204</xmax>
			<ymin>89</ymin>
			<ymax>98</ymax>
		</bndbox>
		<polygon>
			<x1>196.305221</x1>
			<y1>96.795181</y1>
			<x2>203.405622</x2>
			<y2>93.662651</y2>
			<x3>200.899598</x3>
			<y3>90.138554</y3>
			<x4>198.532798</x4>
			<y4>89.668675</y4>
			<x5>197.697456</x5>
			<y5>88.493976</y5>
			<x6>194.912985</x6>
			<y6>88.807229</y6>
			<x7>190.736278</x7>
			<y7>92.409639</y7>
			<x8>190.318608</x8>
			<y8>94.210843</y8>
			<x9>193.381526</x9>
			<y9>94.993976</y9>
			<x10>196.305221</x10>
			<y10>96.795181</y10>
		</polygon>
	</object>
	<object>
		<name>Unlabeled litter</name>
		<pose>Unspecified</pose>
		<truncated>0</truncated>
		<difficult>0</difficult>
		<occluded>0</occluded>
		<bndbox>
			<xmin>153</xmin>
			<xmax>161</xmax>
			<ymin>106</ymin>
			<ymax>110</ymax>
		</bndbox>
		<polygon>
			<x1>159.689424</x1>
			<y1>105.409639</y1>
			<x2>153.285141</x2>
			<y2>104.783133</y2>
			<x3>152.171352</x3>
			<y3>107.680723</y3>
			<x4>156.626506</x4>
			<y4>108.933735</y4>
			<x5>159.689424</x5>
			<y5>105.409639</y5>
		</polygon>
	</object>
	<object>
		<name>Plastic straw</name>
		<pose>Unspecified</pose>
		<truncated>0</truncated>
		<difficult>0</difficult>
		<occluded>0</occluded>
		<bndbox>
			<xmin>396</xmin>
			<xmax>417</xmax>
			<ymin>198</ymin>
			<ymax>275</ymax>
		</bndbox>
		<polygon>
			<x1>400.152727</x1>
			<y1>245.661865</y1>
			<x2>394.559572</x2>
			<y2>262.740964</y2>
			<x3>396.787149</x3>
			<y3>265.012048</y3>
			<x4>400.267738</x4>
			<y4>264.67642</y4>
			<x5>400.824632</x5>
			<y5>267.909639</y5>
			<x6>415.721553</x6>
			<y6>274.409639</y6>
			<x7>415.860776</x7>
			<y7>270.728916</y7>
			<x8>407.089692</x8>
			<y8>267.126506</y8>
			<x9>403.220743</x9>
			<y9>254.250158</y9>
			<x10>402.719971</x10>
			<y10>254.357886</y10>
			<x11>402.843373</x11>
			<y11>253.96988</y11>
			<x12>403.103502</x12>
			<y12>253.859966</y12>
			<x13>402.966776</x13>
			<y13>253.581873</y13>
			<x14>403.090179</x14>
			<y14>253.193866</y14>
			<x15>402.86902</x15>
			<y15>253.079581</y15>
			<x16>403.213582</x16>
			<y16>252.80586</y16>
			<x17>402.751779</x17>
			<y17>252.689389</y17>
			<x18>402.634538</x18>
			<y18>252.299197</y18>
			<x19>403.336984</x19>
			<y19>252.417853</y19>
			<x20>406.811245</x20>
			<y20>241.361446</y20>
			<x21>415.721553</x21>
			<y21>211.524096</y21>
			<x22>415.600648</x22>
			<y22>198.60241</y22>
			<x23>414.983912</x23>
			<y23>198.585236</y23>
			<x24>415.103596</x24>
			<y24>198.197104</y24>
			<x25>415.596984</x25>
			<y25>198.210843</y25>
			<x26>415.593321</x26>
			<y26>197.819277</y26>
			<x27>415.223279</x27>
			<y27>197.808973</y27>
			<x28>415.342963</x28>
			<y28>197.420841</y28>
			<x29>415.589657</x29>
			<y29>197.427711</y29>
			<x30>415.582329</x30>
			<y30>196.644578</y30>
			<x31>400.279844</x31>
			<y31>245.273704</y31>
			<x32>400.524202</x32>
			<y32>245.275735</y32>
			<x33>400.641443</x33>
			<y33>245.665927</y33>
			<x34>400.152727</x34>
			<y34>245.661865</y34>
		</polygon>
	</object>
</annotation>
