<annotation>
	<folder></folder>
	<filename>000076_jpg.rf.0579c4158c75425a513b6e3794c4fd07.jpg</filename>
	<path>000076_jpg.rf.0579c4158c75425a513b6e3794c4fd07.jpg</path>
	<source>
		<database>roboflow.ai</database>
	</source>
	<size>
		<width>416</width>
		<height>416</height>
		<depth>3</depth>
	</size>
	<segmented>0</segmented>
	<object>
		<name>Plastic film</name>
		<pose>Unspecified</pose>
		<truncated>0</truncated>
		<difficult>0</difficult>
		<occluded>0</occluded>
		<bndbox>
			<xmin>314</xmin>
			<xmax>344</xmax>
			<ymin>297</ymin>
			<ymax>306</ymax>
		</bndbox>
		<polygon>
			<x1>335.491228</x1>
			<y1>305.448</y1>
			<x2>342.789474</x2>
			<y2>302.432</y2>
			<x3>338</x3>
			<y3>298.896</y3>
			<x4>330.701754</x4>
			<y4>297.128</y4>
			<x5>322.491228</x5>
			<y5>295.776</y5>
			<x6>315.649123</x6>
			<y6>296.4</y6>
			<x7>313.140351</x7>
			<y7>297.232</y7>
			<x8>315.421053</x8>
			<y8>297.752</y8>
			<x9>314.736842</x9>
			<y9>299</y9>
			<x10>322.035088</x10>
			<y10>304.72</y10>
			<x11>325.45614</x11>
			<y11>305.24</y11>
			<x12>329.789474</x12>
			<y12>304.408</y12>
			<x13>335.491228</x13>
			<y13>305.448</y13>
		</polygon>
	</object>
	<object>
		<name>Cigarette</name>
		<pose>Unspecified</pose>
		<truncated>0</truncated>
		<difficult>0</difficult>
		<occluded>0</occluded>
		<bndbox>
			<xmin>154</xmin>
			<xmax>165</xmax>
			<ymin>410</ymin>
			<ymax>416</ymax>
		</bndbox>
		<polygon>
			<x1>153.035088</x1>
			<y1>410.072</y1>
			<x2>159.649123</x2>
			<y2>415.48</y2>
			<x3>163.982456</x3>
			<y3>414.96</y3>
			<x4>156.22807</x4>
			<y4>409.448</y4>
			<x5>153.035088</x5>
			<y5>410.072</y5>
		</polygon>
	</object>
	<object>
		<name>Unlabeled litter</name>
		<pose>Unspecified</pose>
		<truncated>0</truncated>
		<difficult>0</difficult>
		<occluded>0</occluded>
		<bndbox>
			<xmin>110</xmin>
			<xmax>114</xmax>
			<ymin>177</ymin>
			<ymax>182</ymax>
		</bndbox>
		<polygon>
			<x1>108.561404</x1>
			<y1>179.088</y1>
			<x2>109.473684</x2>
			<y2>181.168</y2>
			<x3>113.350877</x3>
			<y3>176.904</y3>
			<x4>110.614035</x4>
			<y4>176.176</y4>
			<x5>108.561404</x5>
			<y5>179.088</y5>
		</polygon>
	</object>
	<object>
		<name>Unlabeled litter</name>
		<pose>Unspecified</pose>
		<truncated>0</truncated>
		<difficult>0</difficult>
		<occluded>0</occluded>
		<bndbox>
			<xmin>154</xmin>
			<xmax>159</xmax>
			<ymin>186</ymin>
			<ymax>187</ymax>
		</bndbox>
		<polygon>
			<x1>154.631579</x1>
			<y1>186.264</y1>
			<x2>157.824561</x2>
			<y2>185.848</y2>
			<x3>152.807018</x3>
			<y3>185.12</y3>
			<x4>154.631579</x4>
			<y4>186.264</y4>
		</polygon>
	</object>
</annotation>
