<annotation>
	<folder></folder>
	<filename>000068_jpg.rf.dbb9659ba8566a2ad0612e351c897b5c.jpg</filename>
	<path>000068_jpg.rf.dbb9659ba8566a2ad0612e351c897b5c.jpg</path>
	<source>
		<database>roboflow.ai</database>
	</source>
	<size>
		<width>416</width>
		<height>416</height>
		<depth>3</depth>
	</size>
	<segmented>0</segmented>
	<object>
		<name>Other plastic wrapper</name>
		<pose>Unspecified</pose>
		<truncated>0</truncated>
		<difficult>0</difficult>
		<occluded>0</occluded>
		<bndbox>
			<xmin>228</xmin>
			<xmax>286</xmax>
			<ymin>206</ymin>
			<ymax>224</ymax>
		</bndbox>
		<polygon>
			<x1>285.087719</x1>
			<y1>214.448</y1>
			<x2>273.684211</x2>
			<y2>204.88</y2>
			<x3>268.438596</x3>
			<y3>204.88</y3>
			<x4>247</x4>
			<y4>208.208</y4>
			<x5>227.157895</x5>
			<y5>213.824</y5>
			<x6>235.140351</x6>
			<y6>220.688</y6>
			<x7>241.754386</x7>
			<y7>223.392</y7>
			<x8>285.087719</x8>
			<y8>214.448</y8>
		</polygon>
	</object>
</annotation>
