<annotation>
	<folder></folder>
	<filename>000023_jpg.rf.530e0b8aeda0a56b223212a6e3bf893a.jpg</filename>
	<path>000023_jpg.rf.530e0b8aeda0a56b223212a6e3bf893a.jpg</path>
	<source>
		<database>roboflow.ai</database>
	</source>
	<size>
		<width>416</width>
		<height>416</height>
		<depth>3</depth>
	</size>
	<segmented>0</segmented>
	<object>
		<name>Wrapping paper</name>
		<pose>Unspecified</pose>
		<truncated>0</truncated>
		<difficult>0</difficult>
		<occluded>0</occluded>
		<bndbox>
			<xmin>74</xmin>
			<xmax>248</xmax>
			<ymin>68</ymin>
			<ymax>167</ymax>
		</bndbox>
		<polygon>
			<x1>242.125</x1>
			<y1>80.84375</y1>
			<x2>247</x2>
			<y2>73.734375</y2>
			<x3>241.583333</x3>
			<y3>67.03125</y3>
			<x4>238.333333</x4>
			<y4>68.453125</y4>
			<x5>232.916667</x5>
			<y5>67.4375</y5>
			<x6>236.4375</x6>
			<y6>73.125</y6>
			<x7>233.1875</x7>
			<y7>77.390625</y7>
			<x8>88.291667</x8>
			<y8>154.78125</y8>
			<x9>73.125</x9>
			<y9>161.078125</y9>
			<x10>86.125</x10>
			<y10>165.75</y10>
			<x11>242.125</x11>
			<y11>80.84375</y11>
		</polygon>
	</object>
	<object>
		<name>Wrapping paper</name>
		<pose>Unspecified</pose>
		<truncated>0</truncated>
		<difficult>0</difficult>
		<occluded>0</occluded>
		<bndbox>
			<xmin>169</xmin>
			<xmax>337</xmax>
			<ymin>303</ymin>
			<ymax>362</ymax>
		</bndbox>
		<polygon>
			<x1>179.5625</x1>
			<y1>357.5</y1>
			<x2>327.979167</x2>
			<y2>309.359375</y2>
			<x3>335.833333</x3>
			<y3>306.515625</y3>
			<x4>335.833333</x4>
			<y4>301.84375</y4>
			<x5>324.729167</x5>
			<y5>302.859375</y5>
			<x6>318.5</x6>
			<y6>306.3125</y6>
			<x7>245.104167</x7>
			<y7>331.5</y7>
			<x8>190.125</x8>
			<y8>348.15625</y8>
			<x9>167.916667</x9>
			<y9>354.859375</y9>
			<x10>171.708333</x10>
			<y10>360.953125</y10>
			<x11>179.5625</x11>
			<y11>357.5</y11>
		</polygon>
	</object>
	<object>
		<name>Plastic straw</name>
		<pose>Unspecified</pose>
		<truncated>0</truncated>
		<difficult>0</difficult>
		<occluded>0</occluded>
		<bndbox>
			<xmin>87</xmin>
			<xmax>242</xmax>
			<ymin>80</ymin>
			<ymax>163</ymax>
		</bndbox>
		<polygon>
			<x1>85.854167</x1>
			<y1>159.25</y1>
			<x2>89.916667</x2>
			<y2>161.890625</y2>
			<x3>241.041667</x3>
			<y3>81.046875</y3>
			<x4>235.625</x4>
			<y4>79.421875</y4>
			<x5>85.854167</x5>
			<y5>159.25</y5>
		</polygon>
	</object>
</annotation>
