<annotation>
	<folder></folder>
	<filename>000015_jpg.rf.1e0364fcaca2fc871c541691d866ef70.jpg</filename>
	<path>000015_jpg.rf.1e0364fcaca2fc871c541691d866ef70.jpg</path>
	<source>
		<database>roboflow.ai</database>
	</source>
	<size>
		<width>416</width>
		<height>416</height>
		<depth>3</depth>
	</size>
	<segmented>0</segmented>
	<object>
		<name>Drink can</name>
		<pose>Unspecified</pose>
		<truncated>0</truncated>
		<difficult>0</difficult>
		<occluded>0</occluded>
		<bndbox>
			<xmin>272</xmin>
			<xmax>282</xmax>
			<ymin>158</ymin>
			<ymax>162</ymax>
		</bndbox>
		<polygon>
			<x1>280.298246</x1>
			<y1>158.08</y1>
			<x2>277.333333</x2>
			<y2>157.04</y2>
			<x3>273.684211</x3>
			<y3>156.832</y3>
			<x4>271.175439</x4>
			<y4>158.184</y4>
			<x5>272.54386</x5>
			<y5>159.848</y5>
			<x6>277.561404</x6>
			<y6>160.68</y6>
			<x7>281.210526</x7>
			<y7>160.056</y7>
			<x8>280.298246</x8>
			<y8>158.08</y8>
		</polygon>
	</object>
	<object>
		<name>Drink can</name>
		<pose>Unspecified</pose>
		<truncated>0</truncated>
		<difficult>0</difficult>
		<occluded>0</occluded>
		<bndbox>
			<xmin>287</xmin>
			<xmax>297</xmax>
			<ymin>159</ymin>
			<ymax>162</ymax>
		</bndbox>
		<polygon>
			<x1>296.491228</x1>
			<y1>160.68</y1>
			<x2>295.807018</x2>
			<y2>159.224</y2>
			<x3>293.070175</x3>
			<y3>158.392</y3>
			<x4>287.140351</x4>
			<y4>158.6</y4>
			<x5>285.54386</x5>
			<y5>159.64</y5>
			<x6>289.421053</x6>
			<y6>160.472</y6>
			<x7>292.842105</x7>
			<y7>161.096</y7>
			<x8>296.491228</x8>
			<y8>160.68</y8>
		</polygon>
	</object>
	<object>
		<name>Glass bottle</name>
		<pose>Unspecified</pose>
		<truncated>0</truncated>
		<difficult>0</difficult>
		<occluded>0</occluded>
		<bndbox>
			<xmin>65</xmin>
			<xmax>94</xmax>
			<ymin>266</ymin>
			<ymax>270</ymax>
		</bndbox>
		<polygon>
			<x1>84.385965</x1>
			<y1>267.488</y1>
			<x2>93.280702</x2>
			<y2>267.176</y2>
			<x3>92.596491</x3>
			<y3>265.512</y3>
			<x4>88.491228</x4>
			<y4>265.512</y4>
			<x5>84.614035</x5>
			<y5>264.992</y5>
			<x6>79.368421</x6>
			<y6>264.888</y6>
			<x7>67.508772</x7>
			<y7>264.784</y7>
			<x8>63.859649</x8>
			<y8>266.76</y8>
			<x9>64.77193</x9>
			<y9>268.008</y9>
			<x10>66.596491</x10>
			<y10>268.84</y10>
			<x11>81.649123</x11>
			<y11>268.32</y11>
			<x12>84.385965</x12>
			<y12>267.488</y12>
		</polygon>
	</object>
	<object>
		<name>Clear plastic bottle</name>
		<pose>Unspecified</pose>
		<truncated>0</truncated>
		<difficult>0</difficult>
		<occluded>0</occluded>
		<bndbox>
			<xmin>97</xmin>
			<xmax>118</xmax>
			<ymin>261</ymin>
			<ymax>271</ymax>
		</bndbox>
		<polygon>
			<x1>100.350877</x1>
			<y1>269.672</y1>
			<x2>106.280702</x2>
			<y2>267.488</y2>
			<x3>117.45614</x3>
			<y3>263.536</y3>
			<x4>117.22807</x4>
			<y4>262.184</y4>
			<x5>114.035088</x5>
			<y5>259.792</y5>
			<x6>109.701754</x6>
			<y6>261.352</y6>
			<x7>98.298246</x7>
			<y7>266.24</y7>
			<x8>95.789474</x8>
			<y8>268.32</y8>
			<x9>97.385965</x9>
			<y9>269.256</y9>
			<x10>100.350877</x10>
			<y10>269.672</y10>
		</polygon>
	</object>
	<object>
		<name>Unlabeled litter</name>
		<pose>Unspecified</pose>
		<truncated>0</truncated>
		<difficult>0</difficult>
		<occluded>0</occluded>
		<bndbox>
			<xmin>204</xmin>
			<xmax>225</xmax>
			<ymin>325</ymin>
			<ymax>339</ymax>
		</bndbox>
		<polygon>
			<x1>219.631579</x1>
			<y1>331.968</y1>
			<x2>214.842105</x2>
			<y2>327.808</y2>
			<x3>208.22807</x3>
			<y3>323.96</y3>
			<x4>202.526316</x4>
			<y4>324.896</y4>
			<x5>203.438596</x5>
			<y5>329.368</y5>
			<x6>206.403509</x6>
			<y6>332.8</y6>
			<x7>216.666667</x7>
			<y7>337.688</y7>
			<x8>223.508772</x8>
			<y8>337.376</y8>
			<x9>223.280702</x9>
			<y9>335.608</y9>
			<x10>219.631579</x10>
			<y10>331.968</y10>
		</polygon>
	</object>
</annotation>
