<annotation>
	<folder></folder>
	<filename>000058_jpg.rf.6f07f61bac7daf35e24176be8fb6bbe8.jpg</filename>
	<path>000058_jpg.rf.6f07f61bac7daf35e24176be8fb6bbe8.jpg</path>
	<source>
		<database>roboflow.ai</database>
	</source>
	<size>
		<width>416</width>
		<height>416</height>
		<depth>3</depth>
	</size>
	<segmented>0</segmented>
	<object>
		<name>Plastic film</name>
		<pose>Unspecified</pose>
		<truncated>0</truncated>
		<difficult>0</difficult>
		<occluded>0</occluded>
		<bndbox>
			<xmin>275</xmin>
			<xmax>352</xmax>
			<ymin>189</ymin>
			<ymax>221</ymax>
		</bndbox>
		<polygon>
			<x1>274.140351</x1>
			<y1>203.632</y1>
			<x2>291.929825</x2>
			<y2>210.288</y2>
			<x3>308.350877</x3>
			<y3>216.632</y3>
			<x4>307.894737</x4>
			<y4>219.752</y4>
			<x5>315.649123</x5>
			<y5>220.376</y5>
			<x6>340.736842</x6>
			<y6>215.592</y6>
			<x7>351.22807</x7>
			<y7>208</y7>
			<x8>344.385965</x8>
			<y8>203.112</y8>
			<x9>336.175439</x9>
			<y9>203.216</y9>
			<x10>328.877193</x10>
			<y10>197.288</y10>
			<x11>319.754386</x11>
			<y11>195.624</y11>
			<x12>316.105263</x12>
			<y12>191.464</y12>
			<x13>300.596491</x13>
			<y13>187.824</y13>
			<x14>281.438596</x14>
			<y14>191.048</y14>
			<x15>276.421053</x15>
			<y15>195.936</y15>
			<x16>286.45614</x16>
			<y16>200.824</y16>
			<x17>274.140351</x17>
			<y17>203.632</y17>
		</polygon>
	</object>
</annotation>
