<annotation>
	<folder></folder>
	<filename>000058_jpg.rf.25e12e47c217059f2400e0ebaaa6923f.jpg</filename>
	<path>000058_jpg.rf.25e12e47c217059f2400e0ebaaa6923f.jpg</path>
	<source>
		<database>roboflow.ai</database>
	</source>
	<size>
		<width>416</width>
		<height>416</height>
		<depth>3</depth>
	</size>
	<segmented>0</segmented>
	<object>
		<name>Single-use carrier bag</name>
		<pose>Unspecified</pose>
		<truncated>0</truncated>
		<difficult>0</difficult>
		<occluded>0</occluded>
		<bndbox>
			<xmin>43</xmin>
			<xmax>170</xmax>
			<ymin>155</ymin>
			<ymax>213</ymax>
		</bndbox>
		<polygon>
			<x1>101.248677</x1>
			<y1>154.865079</y1>
			<x2>90.656085</x2>
			<y2>156.103175</y2>
			<x3>63.968254</x3>
			<y3>159.714286</y3>
			<x4>61.079365</x4>
			<y4>161.15873</y4>
			<x5>57.089947</x5>
			<y5>161.777778</y5>
			<x6>52.550265</x6>
			<y6>164.97619</y6>
			<x7>46.772487</x7>
			<y7>166.730159</y7>
			<x8>41.957672</x8>
			<y8>170.134921</y8>
			<x9>43.195767</x9>
			<y9>172.198413</y9>
			<x10>51.587302</x10>
			<y10>176.015873</y10>
			<x11>55.026455</x11>
			<y11>180.761905</y11>
			<x12>52.275132</x12>
			<y12>183.857143</y12>
			<x13>49.798942</x13>
			<y13>190.357143</y13>
			<x14>50.624339</x14>
			<y14>196.650794</y14>
			<x15>49.798942</x15>
			<y15>199.539683</y15>
			<x16>50.624339</x16>
			<y16>204.698413</y16>
			<x17>51.449735</x17>
			<y17>210.68254</y17>
			<x18>56.402116</x18>
			<y18>210.063492</y18>
			<x19>57.089947</x19>
			<y19>211.095238</y19>
			<x20>63.005291</x20>
			<y20>211.81746</y20>
			<x21>67.407407</x21>
			<y21>210.579365</y21>
			<x22>71.809524</x22>
			<y22>207.793651</y22>
			<x23>78.962963</x23>
			<y23>209.34127</y23>
			<x24>83.502646</x24>
			<y24>209.444444</y24>
			<x25>89.280423</x25>
			<y25>208</y25>
			<x26>135.089947</x26>
			<y26>208.206349</y26>
			<x27>141.417989</x27>
			<y27>202.428571</y27>
			<x28>156</x28>
			<y28>191.492063</y28>
			<x29>158.751323</x29>
			<y29>187.674603</y29>
			<x30>156.275132</x30>
			<y30>183.134921</y30>
			<x31>155.174603</x31>
			<y31>179.420635</y31>
			<x32>164.391534</x32>
			<y32>175.293651</y32>
			<x33>165.492063</x33>
			<y33>173.539683</y33>
			<x34>169.481481</x34>
			<y34>172.714286</y34>
			<x35>165.216931</x35>
			<y35>166.833333</y35>
			<x36>164.804233</x36>
			<y36>163.84127</y36>
			<x37>162.465608</x37>
			<y37>161.777778</y37>
			<x38>161.365079</x38>
			<y38>159.095238</y38>
			<x39>152.698413</x39>
			<y39>156.412698</y39>
			<x40>144.857143</x40>
			<y40>156.103175</y40>
			<x41>125.047619</x41>
			<y41>154.349206</y41>
			<x42>117.619048</x42>
			<y42>154.65873</y42>
			<x43>101.248677</x43>
			<y43>154.865079</y43>
		</polygon>
	</object>
	<object>
		<name>Normal paper</name>
		<pose>Unspecified</pose>
		<truncated>0</truncated>
		<difficult>0</difficult>
		<occluded>0</occluded>
		<bndbox>
			<xmin>338</xmin>
			<xmax>363</xmax>
			<ymin>179</ymin>
			<ymax>202</ymax>
		</bndbox>
		<polygon>
			<x1>347.62963</x1>
			<y1>199.746032</y1>
			<x2>352.857143</x2>
			<y2>200.571429</y2>
			<x3>361.936508</x3>
			<y3>182.412698</y3>
			<x4>350.10582</x4>
			<y4>177.873016</y4>
			<x5>336.899471</x5>
			<y5>195.722222</y5>
			<x6>344.878307</x6>
			<y6>201.190476</y6>
			<x7>347.62963</x7>
			<y7>199.746032</y7>
		</polygon>
	</object>
	<object>
		<name>Other plastic wrapper</name>
		<pose>Unspecified</pose>
		<truncated>0</truncated>
		<difficult>0</difficult>
		<occluded>0</occluded>
		<bndbox>
			<xmin>275</xmin>
			<xmax>292</xmax>
			<ymin>371</ymin>
			<ymax>386</ymax>
		</bndbox>
		<polygon>
			<x1>285.037037</x1>
			<y1>369.880952</y1>
			<x2>273.89418</x2>
			<y2>380.301587</y2>
			<x3>278.021164</x3>
			<y3>384.84127</y3>
			<x4>291.089947</x4>
			<y4>373.801587</y4>
			<x5>285.037037</x5>
			<y5>369.880952</y5>
		</polygon>
	</object>
	<object>
		<name>Other plastic wrapper</name>
		<pose>Unspecified</pose>
		<truncated>0</truncated>
		<difficult>0</difficult>
		<occluded>0</occluded>
		<bndbox>
			<xmin>214</xmin>
			<xmax>231</xmax>
			<ymin>392</ymin>
			<ymax>406</ymax>
		</bndbox>
		<polygon>
			<x1>213.777778</x1>
			<y1>398.873016</y1>
			<x2>217.62963</x2>
			<y2>404.650794</y2>
			<x3>228.084656</x3>
			<y3>398.873016</y3>
			<x4>230.285714</x4>
			<y4>395.880952</y4>
			<x5>227.259259</x5>
			<y5>392.063492</y5>
			<x6>221.343915</x6>
			<y6>391.134921</y6>
			<x7>217.904762</x7>
			<y7>393.81746</y7>
			<x8>213.089947</x8>
			<y8>394.333333</y8>
			<x9>212.952381</x9>
			<y9>397.428571</y9>
			<x10>213.777778</x10>
			<y10>398.873016</y10>
		</polygon>
	</object>
	<object>
		<name>Other carton</name>
		<pose>Unspecified</pose>
		<truncated>0</truncated>
		<difficult>0</difficult>
		<occluded>0</occluded>
		<bndbox>
			<xmin>293</xmin>
			<xmax>306</xmax>
			<ymin>361</ymin>
			<ymax>372</ymax>
		</bndbox>
		<polygon>
			<x1>302.645503</x1>
			<y1>368.539683</y1>
			<x2>305.259259</x2>
			<y2>362.555556</y2>
			<x3>301.68254</x3>
			<y3>359.97619</y3>
			<x4>291.915344</x4>
			<y4>366.888889</y4>
			<x5>295.079365</x5>
			<y5>370.5</y5>
			<x6>297.968254</x6>
			<y6>367.920635</y6>
			<x7>302.645503</x7>
			<y7>368.539683</y7>
		</polygon>
	</object>
	<object>
		<name>Other carton</name>
		<pose>Unspecified</pose>
		<truncated>0</truncated>
		<difficult>0</difficult>
		<occluded>0</occluded>
		<bndbox>
			<xmin>141</xmin>
			<xmax>163</xmax>
			<ymin>349</ymin>
			<ymax>361</ymax>
		</bndbox>
		<polygon>
			<x1>146.095238</x1>
			<y1>359.873016</y1>
			<x2>161.777778</x2>
			<y2>356.365079</y2>
			<x3>160.952381</x3>
			<y3>348.420635</y3>
			<x4>146.232804</x4>
			<y4>348.007937</y4>
			<x5>140.179894</x5>
			<y5>349.761905</y5>
			<x6>142.10582</x6>
			<y6>357.912698</y6>
			<x7>146.095238</x7>
			<y7>359.873016</y7>
		</polygon>
	</object>
	<object>
		<name>Unlabeled litter</name>
		<pose>Unspecified</pose>
		<truncated>0</truncated>
		<difficult>0</difficult>
		<occluded>0</occluded>
		<bndbox>
			<xmin>138</xmin>
			<xmax>158</xmax>
			<ymin>311</ymin>
			<ymax>318</ymax>
		</bndbox>
		<polygon>
			<x1>136.740741</x1>
			<y1>312.309524</y1>
			<x2>137.84127</x2>
			<y2>317.365079</y2>
			<x3>140.179894</x3>
			<y3>315.920635</y3>
			<x4>147.058201</x4>
			<y4>316.126984</y4>
			<x5>150.634921</x5>
			<y5>315.095238</y5>
			<x6>155.587302</x6>
			<y6>314.47619</y6>
			<x7>156.550265</x7>
			<y7>312.309524</y7>
			<x8>147.470899</x8>
			<y8>312.206349</y8>
			<x9>141.830688</x9>
			<y9>310.452381</y9>
			<x10>137.84127</x10>
			<y10>310.452381</y10>
			<x11>136.740741</x11>
			<y11>312.309524</y11>
		</polygon>
	</object>
</annotation>
