<annotation>
	<folder></folder>
	<filename>000006_jpg.rf.2ad4945b5dd878636386a0a24cd6ac22.jpg</filename>
	<path>000006_jpg.rf.2ad4945b5dd878636386a0a24cd6ac22.jpg</path>
	<source>
		<database>roboflow.ai</database>
	</source>
	<size>
		<width>416</width>
		<height>416</height>
		<depth>3</depth>
	</size>
	<segmented>0</segmented>
	<object>
		<name>Paper cup</name>
		<pose>Unspecified</pose>
		<truncated>0</truncated>
		<difficult>0</difficult>
		<occluded>0</occluded>
		<bndbox>
			<xmin>161</xmin>
			<xmax>216</xmax>
			<ymin>132</ymin>
			<ymax>206</ymax>
		</bndbox>
		<polygon>
			<x1>194.617647</x1>
			<y1>204.601307</y1>
			<x2>203.539216</x2>
			<y2>190.326797</y2>
			<x3>211.95098</x3>
			<y3>154.980392</y3>
			<x4>214.5</x4>
			<y4>140.535948</y4>
			<x5>203.411765</x5>
			<y5>135.777778</y5>
			<x6>192.960784</x6>
			<y6>130.679739</y6>
			<x7>180.088235</x7>
			<y7>130.509804</y7>
			<x8>165.686275</x8>
			<y8>132.379085</y8>
			<x9>159.95098</x9>
			<y9>133.398693</y9>
			<x10>159.95098</x10>
			<y10>170.784314</y10>
			<x11>160.588235</x11>
			<y11>185.228758</y11>
			<x12>164.029412</x12>
			<y12>196.954248</y12>
			<x13>166.578431</x13>
			<y13>200.69281</y13>
			<x14>194.617647</x14>
			<y14>204.601307</y14>
		</polygon>
	</object>
</annotation>
