<annotation>
	<folder></folder>
	<filename>000073_jpg.rf.d6f91d880293561b97af7480ad8760cf.jpg</filename>
	<path>000073_jpg.rf.d6f91d880293561b97af7480ad8760cf.jpg</path>
	<source>
		<database>roboflow.ai</database>
	</source>
	<size>
		<width>416</width>
		<height>416</height>
		<depth>3</depth>
	</size>
	<segmented>0</segmented>
	<object>
		<name>Paper cup</name>
		<pose>Unspecified</pose>
		<truncated>0</truncated>
		<difficult>0</difficult>
		<occluded>0</occluded>
		<bndbox>
			<xmin>320</xmin>
			<xmax>392</xmax>
			<ymin>95</ymin>
			<ymax>151</ymax>
		</bndbox>
		<polygon>
			<x1>331.372549</x1>
			<y1>147.333333</y1>
			<x2>343.777778</x2>
			<y2>149.627451</y2>
			<x3>354.993464</x3>
			<y3>147.970588</y3>
			<x4>362.640523</x4>
			<y4>143.892157</y4>
			<x5>391.189542</x5>
			<y5>104.637255</y5>
			<x6>378.104575</x6>
			<y6>108.715686</y6>
			<x7>361.45098</x7>
			<y7>108.715686</y7>
			<x8>345.647059</x8>
			<y8>105.911765</y8>
			<x9>334.091503</x9>
			<y9>101.196078</y9>
			<x10>325.424837</x10>
			<y10>93.803922</y10>
			<x11>319.477124</x11>
			<y11>132.421569</y11>
			<x12>318.96732</x12>
			<y12>138.666667</y12>
			<x13>323.72549</x13>
			<y13>143.764706</y13>
			<x14>331.372549</x14>
			<y14>147.333333</y14>
		</polygon>
	</object>
	<object>
		<name>Plastic lid</name>
		<pose>Unspecified</pose>
		<truncated>0</truncated>
		<difficult>0</difficult>
		<occluded>0</occluded>
		<bndbox>
			<xmin>324</xmin>
			<xmax>401</xmax>
			<ymin>68</ymin>
			<ymax>110</ymax>
		</bndbox>
		<polygon>
			<x1>344.96732</x1>
			<y1>105.784314</y1>
			<x2>359.24183</x2>
			<y2>108.333333</y2>
			<x3>372.326797</x3>
			<y3>108.970588</y3>
			<x4>383.542484</x4>
			<y4>106.676471</y4>
			<x5>390.169935</x5>
			<y5>105.019608</y5>
			<x6>394.928105</x6>
			<y6>102.343137</y6>
			<x7>399.006536</x7>
			<y7>98.519608</y7>
			<x8>400.026144</x8>
			<y8>93.421569</y8>
			<x9>399.856209</x9>
			<y9>88.578431</y9>
			<x10>398.326797</x10>
			<y10>83.862745</y10>
			<x11>396.457516</x11>
			<y11>79.784314</y11>
			<x12>392.888889</x12>
			<y12>75.705882</y12>
			<x13>385.751634</x13>
			<y13>71.882353</y13>
			<x14>377.764706</x14>
			<y14>68.823529</y14>
			<x15>366.379085</x15>
			<y15>66.784314</y15>
			<x16>354.823529</x16>
			<y16>66.911765</y16>
			<x17>341.908497</x17>
			<y17>69.970588</y17>
			<x18>335.111111</x18>
			<y18>74.303922</y18>
			<x19>332.052288</x19>
			<y19>76.343137</y19>
			<x20>327.464052</x20>
			<y20>80.421569</y20>
			<x21>324.745098</x21>
			<y21>83.862745</y21>
			<x22>323.385621</x22>
			<y22>87.941176</y22>
			<x23>324.915033</x23>
			<y23>93.931373</y23>
			<x24>333.921569</x24>
			<y24>101.578431</y24>
			<x25>344.96732</x25>
			<y25>105.784314</y25>
		</polygon>
	</object>
	<object>
		<name>Glass bottle</name>
		<pose>Unspecified</pose>
		<truncated>0</truncated>
		<difficult>0</difficult>
		<occluded>0</occluded>
		<bndbox>
			<xmin>175</xmin>
			<xmax>216</xmax>
			<ymin>228</ymin>
			<ymax>322</ymax>
		</bndbox>
		<polygon>
			<x1>178.261438</x1>
			<y1>285.872549</y1>
			<x2>178.261438</x2>
			<y2>289.441176</y2>
			<x3>177.24183</x3>
			<y3>297.088235</y3>
			<x4>176.052288</x4>
			<y4>307.029412</y4>
			<x5>174.013072</x5>
			<y5>315.186275</y5>
			<x6>174.013072</x6>
			<y6>317.862745</y6>
			<x7>178.771242</x7>
			<y7>320.794118</y7>
			<x8>184.379085</x8>
			<y8>321.431373</y8>
			<x9>189.647059</x9>
			<y9>319.77451</y9>
			<x10>193.895425</x10>
			<y10>303.970588</y10>
			<x11>196.614379</x11>
			<y11>292.372549</y11>
			<x12>196.784314</x12>
			<y12>289.186275</y12>
			<x13>203.071895</x13>
			<y13>281.666667</y13>
			<x14>207.660131</x14>
			<y14>273.892157</y14>
			<x15>214.797386</x15>
			<y15>237.058824</y15>
			<x16>214.627451</x16>
			<y16>233.872549</y16>
			<x17>211.398693</x17>
			<y17>230.176471</y17>
			<x18>205.281046</x18>
			<y18>227.627451</y18>
			<x19>197.294118</x19>
			<y19>226.862745</y19>
			<x20>189.30719</x20>
			<y20>228.137255</y20>
			<x21>183.699346</x21>
			<y21>231.323529</y21>
			<x22>174.522876</x22>
			<y22>269.303922</y22>
			<x23>173.843137</x23>
			<y23>274.911765</y23>
			<x24>176.732026</x24>
			<y24>281.411765</y24>
			<x25>178.261438</x25>
			<y25>285.872549</y25>
		</polygon>
	</object>
	<object>
		<name>Cigarette</name>
		<pose>Unspecified</pose>
		<truncated>0</truncated>
		<difficult>0</difficult>
		<occluded>0</occluded>
		<bndbox>
			<xmin>122</xmin>
			<xmax>134</xmax>
			<ymin>286</ymin>
			<ymax>296</ymax>
		</bndbox>
		<polygon>
			<x1>129.830065</x1>
			<y1>294.539216</y1>
			<x2>132.888889</x2>
			<y2>291.862745</y2>
			<x3>125.24183</x3>
			<y3>284.598039</y3>
			<x4>121.333333</x4>
			<y4>286.127451</y4>
			<x5>126.771242</x5>
			<y5>291.990196</y5>
			<x6>129.830065</x6>
			<y6>294.539216</y6>
		</polygon>
	</object>
	<object>
		<name>Cigarette</name>
		<pose>Unspecified</pose>
		<truncated>0</truncated>
		<difficult>0</difficult>
		<occluded>0</occluded>
		<bndbox>
			<xmin>159</xmin>
			<xmax>171</xmax>
			<ymin>240</ymin>
			<ymax>245</ymax>
		</bndbox>
		<polygon>
			<x1>165.686275</x1>
			<y1>239.22549</y1>
			<x2>158.039216</x2>
			<y2>242.029412</y2>
			<x3>158.888889</x3>
			<y3>244.45098</y3>
			<x4>169.764706</x4>
			<y4>240.754902</y4>
			<x5>165.686275</x5>
			<y5>239.22549</y5>
		</polygon>
	</object>
	<object>
		<name>Cigarette</name>
		<pose>Unspecified</pose>
		<truncated>0</truncated>
		<difficult>0</difficult>
		<occluded>0</occluded>
		<bndbox>
			<xmin>103</xmin>
			<xmax>125</xmax>
			<ymin>368</ymin>
			<ymax>373</ymax>
		</bndbox>
		<polygon>
			<x1>102.300654</x1>
			<y1>370.754902</y1>
			<x2>123.202614</x2>
			<y2>371.519608</y2>
			<x3>123.542484</x3>
			<y3>368.078431</y3>
			<x4>102.470588</x4>
			<y4>367.058824</y4>
			<x5>102.300654</x5>
			<y5>370.754902</y5>
		</polygon>
	</object>
	<object>
		<name>Cigarette</name>
		<pose>Unspecified</pose>
		<truncated>0</truncated>
		<difficult>0</difficult>
		<occluded>0</occluded>
		<bndbox>
			<xmin>70</xmin>
			<xmax>88</xmax>
			<ymin>352</ymin>
			<ymax>360</ymax>
		</bndbox>
		<polygon>
			<x1>77.830065</x1>
			<y1>356.22549</y1>
			<x2>85.30719</x2>
			<y2>359.156863</y2>
			<x3>87.346405</x3>
			<y3>357.5</y3>
			<x4>79.869281</x4>
			<y4>353.803922</y4>
			<x5>76.130719</x5>
			<y5>353.421569</y5>
			<x6>71.372549</x6>
			<y6>351.254902</y6>
			<x7>69.163399</x7>
			<y7>353.803922</y7>
			<x8>72.901961</x8>
			<y8>355.460784</y8>
			<x9>77.830065</x9>
			<y9>356.22549</y9>
		</polygon>
	</object>
	<object>
		<name>Disposable plastic cup</name>
		<pose>Unspecified</pose>
		<truncated>0</truncated>
		<difficult>0</difficult>
		<occluded>0</occluded>
		<bndbox>
			<xmin>96</xmin>
			<xmax>177</xmax>
			<ymin>186</ymin>
			<ymax>226</ymax>
		</bndbox>
		<polygon>
			<x1>169.254902</x1>
			<y1>220.617647</y1>
			<x2>172.313725</x2>
			<y2>214.627451</y2>
			<x3>175.03268</x3>
			<y3>205.578431</y3>
			<x4>175.202614</x4>
			<y4>195.509804</y4>
			<x5>175.542484</x5>
			<y5>190.921569</y5>
			<x6>172.653595</x6>
			<y6>188.754902</y6>
			<x7>167.385621</x7>
			<y7>190.156863</y7>
			<x8>161.437908</x8>
			<y8>189.77451</y8>
			<x9>106.54902</x9>
			<y9>184.54902</y9>
			<x10>101.79085</x10>
			<y10>184.54902</y10>
			<x11>96.862745</x11>
			<y11>191.176471</y11>
			<x12>95.843137</x12>
			<y12>195.764706</y12>
			<x13>95.163399</x13>
			<y13>199.078431</y13>
			<x14>95.163399</x14>
			<y14>203.666667</y14>
			<x15>96.862745</x15>
			<y15>207.872549</y15>
			<x16>157.869281</x16>
			<y16>222.529412</y16>
			<x17>160.078431</x17>
			<y17>224.823529</y17>
			<x18>165.176471</x18>
			<y18>224.186275</y18>
			<x19>169.254902</x19>
			<y19>220.617647</y19>
		</polygon>
	</object>
	<object>
		<name>Plastic lid</name>
		<pose>Unspecified</pose>
		<truncated>0</truncated>
		<difficult>0</difficult>
		<occluded>0</occluded>
		<bndbox>
			<xmin>158</xmin>
			<xmax>191</xmax>
			<ymin>189</ymin>
			<ymax>226</ymax>
		</bndbox>
		<polygon>
			<x1>158.888889</x1>
			<y1>206.852941</y1>
			<x2>157.699346</x2>
			<y2>212.970588</y2>
			<x3>157.359477</x3>
			<y3>218.578431</y3>
			<x4>157.359477</x4>
			<y4>222.656863</y4>
			<x5>159.398693</x5>
			<y5>224.441176</y5>
			<x6>163.30719</x6>
			<y6>224.823529</y6>
			<x7>170.614379</x7>
			<y7>225.078431</y7>
			<x8>176.562092</x8>
			<y8>223.931373</y8>
			<x9>182.339869</x9>
			<y9>221</y9>
			<x10>186.248366</x10>
			<y10>217.686275</y10>
			<x11>188.627451</x11>
			<y11>212.460784</y11>
			<x12>189.986928</x12>
			<y12>208.509804</y12>
			<x13>190.326797</x13>
			<y13>204.941176</y13>
			<x14>188.96732</x14>
			<y14>200.098039</y14>
			<x15>185.058824</x15>
			<y15>195.127451</y15>
			<x16>180.300654</x16>
			<y16>192.323529</y16>
			<x17>175.712418</x17>
			<y17>190.156863</y17>
			<x18>173.673203</x18>
			<y18>188.627451</y18>
			<x19>170.784314</x19>
			<y19>188.372549</y19>
			<x20>166.366013</x20>
			<y20>191.558824</y20>
			<x21>162.797386</x21>
			<y21>196.147059</y21>
			<x22>160.248366</x22>
			<y22>201.372549</y22>
			<x23>158.888889</x23>
			<y23>206.852941</y23>
		</polygon>
	</object>
	<object>
		<name>Plastic straw</name>
		<pose>Unspecified</pose>
		<truncated>0</truncated>
		<difficult>0</difficult>
		<occluded>0</occluded>
		<bndbox>
			<xmin>113</xmin>
			<xmax>223</xmax>
			<ymin>194</ymin>
			<ymax>223</ymax>
		</bndbox>
		<polygon>
			<x1>119.464052</x1>
			<y1>196.147059</y1>
			<x2>132.54902</x2>
			<y2>198.95098</y2>
			<x3>222.444444</x3>
			<y3>221.637255</y3>
			<x4>222.27451</x4>
			<y4>219.215686</y4>
			<x5>132.54902</x5>
			<y5>196.147059</y5>
			<x6>116.745098</x6>
			<y6>193.088235</y6>
			<x7>112.326797</x7>
			<y7>193.598039</y7>
			<x8>119.464052</x8>
			<y8>196.147059</y8>
		</polygon>
	</object>
	<object>
		<name>Cigarette</name>
		<pose>Unspecified</pose>
		<truncated>0</truncated>
		<difficult>0</difficult>
		<occluded>0</occluded>
		<bndbox>
			<xmin>175</xmin>
			<xmax>183</xmax>
			<ymin>211</ymin>
			<ymax>216</ymax>
		</bndbox>
		<polygon>
			<x1>181.830065</x1>
			<y1>212.843137</y1>
			<x2>175.542484</x2>
			<y2>210.039216</y2>
			<x3>173.503268</x3>
			<y3>211.823529</y3>
			<x4>180.470588</x4>
			<y4>215.137255</y4>
			<x5>181.830065</x5>
			<y5>212.843137</y5>
		</polygon>
	</object>
	<object>
		<name>Cigarette</name>
		<pose>Unspecified</pose>
		<truncated>0</truncated>
		<difficult>0</difficult>
		<occluded>0</occluded>
		<bndbox>
			<xmin>195</xmin>
			<xmax>207</xmax>
			<ymin>210</ymin>
			<ymax>215</ymax>
		</bndbox>
		<polygon>
			<x1>205.79085</x1>
			<y1>211.823529</y1>
			<x2>199.333333</x2>
			<y2>210.676471</y2>
			<x3>194.405229</x3>
			<y3>209.27451</y3>
			<x4>193.895425</x4>
			<y4>211.568627</y4>
			<x5>204.431373</x5>
			<y5>214.245098</y5>
			<x6>205.79085</x6>
			<y6>211.823529</y6>
		</polygon>
	</object>
	<object>
		<name>Cigarette</name>
		<pose>Unspecified</pose>
		<truncated>0</truncated>
		<difficult>0</difficult>
		<occluded>0</occluded>
		<bndbox>
			<xmin>134</xmin>
			<xmax>144</xmax>
			<ymin>403</ymin>
			<ymax>414</ymax>
		</bndbox>
		<polygon>
			<x1>142.065359</x1>
			<y1>402.235294</y1>
			<x2>133.058824</x2>
			<y2>410.264706</y2>
			<x3>137.30719</x3>
			<y3>413.068627</y3>
			<x4>143.254902</x4>
			<y4>406.441176</y4>
			<x5>142.065359</x5>
			<y5>404.401961</y5>
			<x6>142.065359</x6>
			<y6>402.235294</y6>
		</polygon>
	</object>
	<object>
		<name>Cigarette</name>
		<pose>Unspecified</pose>
		<truncated>0</truncated>
		<difficult>0</difficult>
		<occluded>0</occluded>
		<bndbox>
			<xmin>191</xmin>
			<xmax>195</xmax>
			<ymin>152</ymin>
			<ymax>160</ymax>
		</bndbox>
		<polygon>
			<x1>190.496732</x1>
			<y1>158.803922</y1>
			<x2>192.875817</x2>
			<y2>158.676471</y2>
			<x3>194.235294</x3>
			<y3>151.411765</y3>
			<x4>191.51634</x4>
			<y4>151.539216</y4>
			<x5>190.496732</x5>
			<y5>158.803922</y5>
		</polygon>
	</object>
</annotation>
