<annotation>
	<folder></folder>
	<filename>000047_jpg.rf.67d88b2a31e04b899eb2469f2d00f69b.jpg</filename>
	<path>000047_jpg.rf.67d88b2a31e04b899eb2469f2d00f69b.jpg</path>
	<source>
		<database>roboflow.ai</database>
	</source>
	<size>
		<width>416</width>
		<height>416</height>
		<depth>3</depth>
	</size>
	<segmented>0</segmented>
	<object>
		<name>Plastic utensils</name>
		<pose>Unspecified</pose>
		<truncated>0</truncated>
		<difficult>0</difficult>
		<occluded>0</occluded>
		<bndbox>
			<xmin>19</xmin>
			<xmax>162</xmax>
			<ymin>240</ymin>
			<ymax>296</ymax>
		</bndbox>
		<polygon>
			<x1>58.8</x1>
			<y1>250.133333</y1>
			<x2>55.3</x2>
			<y2>247.733333</y2>
			<x3>50.8</x3>
			<y3>247.466667</y3>
			<x4>44.7</x4>
			<y4>248.533333</y4>
			<x5>35.2</x5>
			<y5>252.533333</y5>
			<x6>27.8</x6>
			<y6>257.466667</y6>
			<x7>23</x7>
			<y7>262.933333</y7>
			<x8>19.7</x8>
			<y8>269.066667</y8>
			<x9>18.4</x9>
			<y9>275.066667</y9>
			<x10>18.6</x10>
			<y10>279.466667</y10>
			<x11>19.8</x11>
			<y11>284</y11>
			<x12>22.6</x12>
			<y12>287.866667</y12>
			<x13>29.5</x13>
			<y13>292.266667</y13>
			<x14>37.1</x14>
			<y14>295.2</y14>
			<x15>45</x15>
			<y15>295.2</y15>
			<x16>51</x16>
			<y16>293.733333</y16>
			<x17>57.1</x17>
			<y17>289.6</y17>
			<x18>62.6</x18>
			<y18>282.933333</y18>
			<x19>67</x19>
			<y19>276.266667</y19>
			<x20>70.6</x20>
			<y20>273.466667</y20>
			<x21>75.3</x21>
			<y21>272.133333</y21>
			<x22>89</x22>
			<y22>269.2</y22>
			<x23>110.4</x23>
			<y23>264.4</y23>
			<x24>145.3</x24>
			<y24>254.266667</y24>
			<x25>157.7</x25>
			<y25>249.866667</y25>
			<x26>160.6</x26>
			<y26>248</y26>
			<x27>161.2</x27>
			<y27>243.866667</y27>
			<x28>161</x28>
			<y28>240.933333</y28>
			<x29>158.4</x29>
			<y29>238.666667</y29>
			<x30>152.8</x30>
			<y30>239.466667</y30>
			<x31>129.4</x31>
			<y31>245.6</y31>
			<x32>81.2</x32>
			<y32>258</y32>
			<x33>69.8</x33>
			<y33>259.866667</y33>
			<x34>66.8</x34>
			<y34>258.133333</y34>
			<x35>63</x35>
			<y35>253.733333</y35>
			<x36>58.8</x36>
			<y36>250.133333</y36>
		</polygon>
	</object>
	<object>
		<name>Plastic straw</name>
		<pose>Unspecified</pose>
		<truncated>0</truncated>
		<difficult>0</difficult>
		<occluded>0</occluded>
		<bndbox>
			<xmin>312</xmin>
			<xmax>377</xmax>
			<ymin>82</ymin>
			<ymax>328</ymax>
		</bndbox>
		<polygon>
			<x1>375.6</x1>
			<y1>97.733333</y1>
			<x2>373.5</x2>
			<y2>89.333333</y2>
			<x3>371.1</x3>
			<y3>80.666667</y3>
			<x4>370.9</x4>
			<y4>99.2</y4>
			<x5>368.7</x5>
			<y5>99.2</y5>
			<x6>311.2</x6>
			<y6>323.866667</y6>
			<x7>317.9</x7>
			<y7>327.2</y7>
			<x8>327.6</x8>
			<y8>288.533333</y8>
			<x9>375.6</x9>
			<y9>97.733333</y9>
		</polygon>
	</object>
</annotation>
