<annotation>
	<folder></folder>
	<filename>000021_jpg.rf.f45cdf4dd0e35e75af8e8fae3f3807f9.jpg</filename>
	<path>000021_jpg.rf.f45cdf4dd0e35e75af8e8fae3f3807f9.jpg</path>
	<source>
		<database>roboflow.ai</database>
	</source>
	<size>
		<width>416</width>
		<height>416</height>
		<depth>3</depth>
	</size>
	<segmented>0</segmented>
	<object>
		<name>Glass bottle</name>
		<pose>Unspecified</pose>
		<truncated>0</truncated>
		<difficult>0</difficult>
		<occluded>0</occluded>
		<bndbox>
			<xmin>211</xmin>
			<xmax>237</xmax>
			<ymin>118</ymin>
			<ymax>145</ymax>
		</bndbox>
		<polygon>
			<x1>215.264706</x1>
			<y1>143.764706</y1>
			<x2>233.872549</x2>
			<y2>133.568627</y2>
			<x3>235.911765</x3>
			<y3>131.529412</y3>
			<x4>235.656863</x4>
			<y4>127.960784</y4>
			<x5>232.470588</x5>
			<y5>123.712418</y5>
			<x6>229.411765</x6>
			<y6>120.313725</y6>
			<x7>228.901961</x7>
			<y7>117.254902</y7>
			<x8>227.754902</x8>
			<y8>119.294118</y8>
			<x9>210.54902</x9>
			<y9>134.75817</y9>
			<x10>210.294118</x10>
			<y10>137.816993</y10>
			<x11>212.078431</x11>
			<y11>142.405229</y11>
			<x12>215.264706</x12>
			<y12>143.764706</y12>
		</polygon>
	</object>
	<object>
		<name>Glass bottle</name>
		<pose>Unspecified</pose>
		<truncated>0</truncated>
		<difficult>0</difficult>
		<occluded>0</occluded>
		<bndbox>
			<xmin>254</xmin>
			<xmax>283</xmax>
			<ymin>173</ymin>
			<ymax>221</ymax>
		</bndbox>
		<polygon>
			<x1>273</x1>
			<y1>214.96732</y1>
			<x2>276.058824</x2>
			<y2>217.176471</y2>
			<x3>277.843137</x3>
			<y3>217.176471</y3>
			<x4>281.794118</x4>
			<y4>206.300654</y4>
			<x5>272.235294</x5>
			<y5>176.562092</y5>
			<x6>268.539216</x6>
			<y6>180.980392</y6>
			<x7>266.117647</x7>
			<y7>174.352941</y7>
			<x8>260.892157</x8>
			<y8>171.803922</y8>
			<x9>258.980392</x9>
			<y9>174.013072</y9>
			<x10>260.382353</x10>
			<y10>177.24183</y10>
			<x11>260.637255</x11>
			<y11>180.810458</y11>
			<x12>257.833333</x12>
			<y12>177.071895</y12>
			<x13>254.77451</x13>
			<y13>175.712418</y13>
			<x14>253.117647</x14>
			<y14>184.718954</y14>
			<x15>255.029412</x15>
			<y15>192.705882</y15>
			<x16>263.313725</x16>
			<y16>220.235294</y16>
			<x17>267.137255</x17>
			<y17>217.346405</y17>
			<x18>273</x18>
			<y18>214.96732</y18>
		</polygon>
	</object>
	<object>
		<name>Broken glass</name>
		<pose>Unspecified</pose>
		<truncated>0</truncated>
		<difficult>0</difficult>
		<occluded>0</occluded>
		<bndbox>
			<xmin>217</xmin>
			<xmax>223</xmax>
			<ymin>175</ymin>
			<ymax>181</ymax>
		</bndbox>
		<polygon>
			<x1>221.637255</x1>
			<y1>173.673203</y1>
			<x2>216.284314</x2>
			<y2>176.732026</y2>
			<x3>217.176471</x3>
			<y3>179.79085</y3>
			<x4>221.637255</x4>
			<y4>173.673203</y4>
		</polygon>
	</object>
	<object>
		<name>Broken glass</name>
		<pose>Unspecified</pose>
		<truncated>0</truncated>
		<difficult>0</difficult>
		<occluded>0</occluded>
		<bndbox>
			<xmin>222</xmin>
			<xmax>230</xmax>
			<ymin>188</ymin>
			<ymax>200</ymax>
		</bndbox>
		<polygon>
			<x1>222.656863</x1>
			<y1>195.764706</y1>
			<x2>221.382353</x2>
			<y2>199.163399</y2>
			<x3>228.519608</x3>
			<y3>198.993464</y3>
			<x4>228.647059</x4>
			<y4>187.437908</y4>
			<x5>222.656863</x5>
			<y5>195.764706</y5>
		</polygon>
	</object>
	<object>
		<name>Broken glass</name>
		<pose>Unspecified</pose>
		<truncated>0</truncated>
		<difficult>0</difficult>
		<occluded>0</occluded>
		<bndbox>
			<xmin>306</xmin>
			<xmax>323</xmax>
			<ymin>191</ymin>
			<ymax>215</ymax>
		</bndbox>
		<polygon>
			<x1>317.480392</x1>
			<y1>213.947712</y1>
			<x2>320.666667</x2>
			<y2>209.189542</y2>
			<x3>322.196078</x3>
			<y3>201.712418</y3>
			<x4>320.284314</x4>
			<y4>200.013072</y4>
			<x5>318.754902</x5>
			<y5>197.803922</y5>
			<x6>317.22549</x6>
			<y6>192.705882</y6>
			<x7>316.333333</x7>
			<y7>189.986928</y7>
			<x8>309.705882</x8>
			<y8>191.856209</y8>
			<x9>306.392157</x9>
			<y9>190.326797</y9>
			<x10>304.735294</x10>
			<y10>196.784314</y10>
			<x11>304.735294</x11>
			<y11>203.751634</y11>
			<x12>306.77451</x12>
			<y12>211.398693</y12>
			<x13>309.833333</x13>
			<y13>211.228758</y13>
			<x14>313.784314</x14>
			<y14>211.908497</y14>
			<x15>317.480392</x15>
			<y15>213.947712</y15>
		</polygon>
	</object>
	<object>
		<name>Broken glass</name>
		<pose>Unspecified</pose>
		<truncated>0</truncated>
		<difficult>0</difficult>
		<occluded>0</occluded>
		<bndbox>
			<xmin>363</xmin>
			<xmax>378</xmax>
			<ymin>228</ymin>
			<ymax>240</ymax>
		</bndbox>
		<polygon>
			<x1>371.009804</x1>
			<y1>239.098039</y1>
			<x2>373.558824</x2>
			<y2>239.098039</y2>
			<x3>376.617647</x3>
			<y3>233.490196</y3>
			<x4>374.578431</x4>
			<y4>229.921569</y4>
			<x5>372.284314</x5>
			<y5>230.261438</y5>
			<x6>368.588235</x6>
			<y6>226.862745</y6>
			<x7>362.343137</x7>
			<y7>232.130719</y7>
			<x8>363.872549</x8>
			<y8>234.339869</y8>
			<x9>365.529412</x9>
			<y9>235.699346</y9>
			<x10>368.588235</x10>
			<y10>239.437908</y10>
			<x11>371.009804</x11>
			<y11>239.098039</y11>
		</polygon>
	</object>
	<object>
		<name>Broken glass</name>
		<pose>Unspecified</pose>
		<truncated>0</truncated>
		<difficult>0</difficult>
		<occluded>0</occluded>
		<bndbox>
			<xmin>305</xmin>
			<xmax>310</xmax>
			<ymin>156</ymin>
			<ymax>161</ymax>
		</bndbox>
		<polygon>
			<x1>304.480392</x1>
			<y1>157.019608</y1>
			<x2>305.882353</x2>
			<y2>160.078431</y2>
			<x3>309.323529</x3>
			<y3>160.418301</y3>
			<x4>308.303922</x4>
			<y4>155.150327</y4>
			<x5>304.480392</x5>
			<y5>157.019608</y5>
		</polygon>
	</object>
	<object>
		<name>Broken glass</name>
		<pose>Unspecified</pose>
		<truncated>0</truncated>
		<difficult>0</difficult>
		<occluded>0</occluded>
		<bndbox>
			<xmin>264</xmin>
			<xmax>268</xmax>
			<ymin>155</ymin>
			<ymax>160</ymax>
		</bndbox>
		<polygon>
			<x1>263.313725</x1>
			<y1>158.54902</y1>
			<x2>266.245098</x2>
			<y2>157.189542</y2>
			<x3>266.5</x3>
			<y3>153.960784</y3>
			<x4>263.058824</x4>
			<y4>154.980392</y4>
			<x5>263.313725</x5>
			<y5>158.54902</y5>
		</polygon>
	</object>
	<object>
		<name>Broken glass</name>
		<pose>Unspecified</pose>
		<truncated>0</truncated>
		<difficult>0</difficult>
		<occluded>0</occluded>
		<bndbox>
			<xmin>249</xmin>
			<xmax>256</xmax>
			<ymin>108</ymin>
			<ymax>125</ymax>
		</bndbox>
		<polygon>
			<x1>253.5</x1>
			<y1>122.69281</y1>
			<x2>254.77451</x2>
			<y2>119.633987</y2>
			<x3>253.627451</x3>
			<y3>113.176471</y3>
			<x4>251.460784</x4>
			<y4>106.54902</y4>
			<x5>248.401961</x5>
			<y5>109.777778</y5>
			<x6>249.676471</x6>
			<y6>117.254902</y6>
			<x7>249.54902</x7>
			<y7>118.954248</y7>
			<x8>248.656863</x8>
			<y8>124.222222</y8>
			<x9>253.5</x9>
			<y9>122.69281</y9>
		</polygon>
	</object>
	<object>
		<name>Broken glass</name>
		<pose>Unspecified</pose>
		<truncated>0</truncated>
		<difficult>0</difficult>
		<occluded>0</occluded>
		<bndbox>
			<xmin>236</xmin>
			<xmax>242</xmax>
			<ymin>157</ymin>
			<ymax>162</ymax>
		</bndbox>
		<polygon>
			<x1>239.352941</x1>
			<y1>160.588235</y1>
			<x2>241.392157</x2>
			<y2>155.830065</y2>
			<x3>234.892157</x3>
			<y3>155.830065</y3>
			<x4>239.352941</x4>
			<y4>160.588235</y4>
		</polygon>
	</object>
	<object>
		<name>Broken glass</name>
		<pose>Unspecified</pose>
		<truncated>0</truncated>
		<difficult>0</difficult>
		<occluded>0</occluded>
		<bndbox>
			<xmin>242</xmin>
			<xmax>250</xmax>
			<ymin>186</ymin>
			<ymax>191</ymax>
		</bndbox>
		<polygon>
			<x1>248.656863</x1>
			<y1>184.718954</y1>
			<x2>240.754902</x2>
			<y2>188.627451</y2>
			<x3>242.666667</x3>
			<y3>190.496732</y3>
			<x4>248.147059</x4>
			<y4>188.117647</y4>
			<x5>248.656863</x5>
			<y5>184.718954</y5>
		</polygon>
	</object>
	<object>
		<name>Broken glass</name>
		<pose>Unspecified</pose>
		<truncated>0</truncated>
		<difficult>0</difficult>
		<occluded>0</occluded>
		<bndbox>
			<xmin>277</xmin>
			<xmax>284</xmax>
			<ymin>189</ymin>
			<ymax>197</ymax>
		</bndbox>
		<polygon>
			<x1>283.45098</x1>
			<y1>191.686275</y1>
			<x2>278.862745</x2>
			<y2>187.777778</y2>
			<x3>276.186275</x3>
			<y3>187.777778</y3>
			<x4>277.970588</x4>
			<y4>195.934641</y4>
			<x5>280.392157</x5>
			<y5>195.934641</y5>
			<x6>283.45098</x6>
			<y6>191.686275</y6>
		</polygon>
	</object>
	<object>
		<name>Broken glass</name>
		<pose>Unspecified</pose>
		<truncated>0</truncated>
		<difficult>0</difficult>
		<occluded>0</occluded>
		<bndbox>
			<xmin>227</xmin>
			<xmax>233</xmax>
			<ymin>216</ymin>
			<ymax>227</ymax>
		</bndbox>
		<polygon>
			<x1>225.843137</x1>
			<y1>216.156863</y1>
			<x2>228.519608</x2>
			<y2>225.503268</y2>
			<x3>230.686275</x3>
			<y3>223.294118</y3>
			<x4>231.578431</x4>
			<y4>220.235294</y4>
			<x5>230.303922</x5>
			<y5>214.627451</y5>
			<x6>225.843137</x6>
			<y6>216.156863</y6>
		</polygon>
	</object>
	<object>
		<name>Broken glass</name>
		<pose>Unspecified</pose>
		<truncated>0</truncated>
		<difficult>0</difficult>
		<occluded>0</occluded>
		<bndbox>
			<xmin>194</xmin>
			<xmax>216</xmax>
			<ymin>259</ymin>
			<ymax>269</ymax>
		</bndbox>
		<polygon>
			<x1>202.519608</x1>
			<y1>266.287582</y1>
			<x2>204.176471</x2>
			<y2>267.647059</y2>
			<x3>210.931373</x3>
			<y3>266.627451</y3>
			<x4>214.5</x4>
			<y4>262.20915</y4>
			<x5>205.705882</x5>
			<y5>259.490196</y5>
			<x6>201.372549</x6>
			<y6>258.300654</y6>
			<x7>192.960784</x7>
			<y7>263.228758</y7>
			<x8>195.509804</x8>
			<y8>267.816993</y8>
			<x9>202.519608</x9>
			<y9>266.287582</y9>
		</polygon>
	</object>
	<object>
		<name>Broken glass</name>
		<pose>Unspecified</pose>
		<truncated>0</truncated>
		<difficult>0</difficult>
		<occluded>0</occluded>
		<bndbox>
			<xmin>147</xmin>
			<xmax>153</xmax>
			<ymin>263</ymin>
			<ymax>271</ymax>
		</bndbox>
		<polygon>
			<x1>150.392157</x1>
			<y1>262.20915</y1>
			<x2>145.54902</x2>
			<y2>265.098039</y2>
			<x3>147.333333</x3>
			<y3>270.026144</y3>
			<x4>149.245098</x4>
			<y4>267.816993</y4>
			<x5>151.794118</x5>
			<y5>267.477124</y5>
			<x6>150.392157</x6>
			<y6>262.20915</y6>
		</polygon>
	</object>
	<object>
		<name>Broken glass</name>
		<pose>Unspecified</pose>
		<truncated>0</truncated>
		<difficult>0</difficult>
		<occluded>0</occluded>
		<bndbox>
			<xmin>259</xmin>
			<xmax>267</xmax>
			<ymin>241</ymin>
			<ymax>267</ymax>
		</bndbox>
		<polygon>
			<x1>264.078431</x1>
			<y1>266.117647</y1>
			<x2>265.862745</x2>
			<y2>251.333333</y2>
			<x3>265.607843</x3>
			<y3>240.117647</y3>
			<x4>261.656863</x4>
			<y4>241.986928</y4>
			<x5>257.705882</x5>
			<y5>245.215686</y5>
			<x6>260.254902</x6>
			<y6>249.973856</y6>
			<x7>261.27451</x7>
			<y7>255.411765</y7>
			<x8>262.421569</x8>
			<y8>265.098039</y8>
			<x9>264.078431</x9>
			<y9>266.117647</y9>
		</polygon>
	</object>
	<object>
		<name>Broken glass</name>
		<pose>Unspecified</pose>
		<truncated>0</truncated>
		<difficult>0</difficult>
		<occluded>0</occluded>
		<bndbox>
			<xmin>271</xmin>
			<xmax>293</xmax>
			<ymin>223</ymin>
			<ymax>244</ymax>
		</bndbox>
		<polygon>
			<x1>290.205882</x1>
			<y1>240.287582</y1>
			<x2>291.862745</x2>
			<y2>233.830065</y2>
			<x3>290.588235</x3>
			<y3>225.163399</y3>
			<x4>285.872549</x4>
			<y4>221.764706</y4>
			<x5>279.117647</x5>
			<y5>224.823529</y5>
			<x6>276.058824</x6>
			<y6>226.69281</y6>
			<x7>273.509804</x7>
			<y7>226.522876</y7>
			<x8>272.872549</x8>
			<y8>229.071895</y8>
			<x9>270.196078</x9>
			<y9>229.071895</y9>
			<x10>273.127451</x10>
			<y10>230.771242</y10>
			<x11>273.509804</x11>
			<y11>232.810458</y11>
			<x12>270.323529</x12>
			<y12>233.490196</y12>
			<x13>273.254902</x13>
			<y13>237.738562</y13>
			<x14>274.656863</x14>
			<y14>237.228758</y14>
			<x15>278.607843</x15>
			<y15>241.30719</y15>
			<x16>282.558824</x16>
			<y16>242.836601</y16>
			<x17>287.019608</x17>
			<y17>242.326797</y17>
			<x18>290.205882</x18>
			<y18>240.287582</y18>
		</polygon>
	</object>
	<object>
		<name>Broken glass</name>
		<pose>Unspecified</pose>
		<truncated>0</truncated>
		<difficult>0</difficult>
		<occluded>0</occluded>
		<bndbox>
			<xmin>251</xmin>
			<xmax>259</xmax>
			<ymin>282</ymin>
			<ymax>289</ymax>
		</bndbox>
		<polygon>
			<x1>256.813725</x1>
			<y1>285.660131</y1>
			<x2>258.088235</x2>
			<y2>283.111111</y2>
			<x3>254.264706</x3>
			<y3>280.562092</y3>
			<x4>249.676471</x4>
			<y4>280.901961</y4>
			<x5>249.676471</x5>
			<y5>286.339869</y5>
			<x6>251.588235</x6>
			<y6>287.869281</y6>
			<x7>253.754902</x7>
			<y7>284.980392</y7>
			<x8>256.813725</x8>
			<y8>285.660131</y8>
		</polygon>
	</object>
	<object>
		<name>Broken glass</name>
		<pose>Unspecified</pose>
		<truncated>0</truncated>
		<difficult>0</difficult>
		<occluded>0</occluded>
		<bndbox>
			<xmin>243</xmin>
			<xmax>260</xmax>
			<ymin>214</ymin>
			<ymax>225</ymax>
		</bndbox>
		<polygon>
			<x1>259.107843</x1>
			<y1>223.803922</y1>
			<x2>257.960784</x2>
			<y2>219.72549</y2>
			<x3>255.794118</x3>
			<y3>219.895425</y3>
			<x4>254.392157</x4>
			<y4>218.535948</y4>
			<x5>252.352941</x5>
			<y5>213.437908</y5>
			<x6>245.980392</x6>
			<y6>217.176471</y6>
			<x7>241.647059</x7>
			<y7>220.065359</y7>
			<x8>249.54902</x8>
			<y8>223.294118</y8>
			<x9>253.245098</x9>
			<y9>222.104575</y9>
			<x10>259.107843</x10>
			<y10>223.803922</y10>
		</polygon>
	</object>
	<object>
		<name>Broken glass</name>
		<pose>Unspecified</pose>
		<truncated>0</truncated>
		<difficult>0</difficult>
		<occluded>0</occluded>
		<bndbox>
			<xmin>277</xmin>
			<xmax>281</xmax>
			<ymin>247</ymin>
			<ymax>256</ymax>
		</bndbox>
		<polygon>
			<x1>276.058824</x1>
			<y1>245.895425</y1>
			<x2>278.22549</x2>
			<y2>254.732026</y2>
			<x3>280.009804</x3>
			<y3>254.732026</y3>
			<x4>279.754902</x4>
			<y4>246.575163</y4>
			<x5>276.058824</x5>
			<y5>245.895425</y5>
		</polygon>
	</object>
	<object>
		<name>Broken glass</name>
		<pose>Unspecified</pose>
		<truncated>0</truncated>
		<difficult>0</difficult>
		<occluded>0</occluded>
		<bndbox>
			<xmin>292</xmin>
			<xmax>301</xmax>
			<ymin>225</ymin>
			<ymax>243</ymax>
		</bndbox>
		<polygon>
			<x1>298.235294</x1>
			<y1>233.490196</y1>
			<x2>298.617647</x2>
			<y2>230.941176</y2>
			<x3>296.578431</x3>
			<y3>229.411765</y3>
			<x4>296.068627</x4>
			<y4>226.862745</y4>
			<x5>294.539216</x5>
			<y5>226.862745</y5>
			<x6>294.794118</x6>
			<y6>223.973856</y6>
			<x7>292.5</x7>
			<y7>223.803922</y7>
			<x8>290.843137</x8>
			<y8>225.843137</y8>
			<x9>292.245098</x9>
			<y9>230.601307</y9>
			<x10>291.862745</x10>
			<y10>237.568627</y10>
			<x11>293.264706</x11>
			<y11>242.156863</y11>
			<x12>297.470588</x12>
			<y12>240.287582</y12>
			<x13>299.892157</x13>
			<y13>237.398693</y13>
			<x14>298.235294</x14>
			<y14>233.490196</y14>
		</polygon>
	</object>
	<object>
		<name>Broken glass</name>
		<pose>Unspecified</pose>
		<truncated>0</truncated>
		<difficult>0</difficult>
		<occluded>0</occluded>
		<bndbox>
			<xmin>297</xmin>
			<xmax>304</xmax>
			<ymin>259</ymin>
			<ymax>264</ymax>
		</bndbox>
		<polygon>
			<x1>300.911765</x1>
			<y1>258.130719</y1>
			<x2>299</x2>
			<y2>258.130719</y2>
			<x3>295.941176</x3>
			<y3>261.529412</y3>
			<x4>300.147059</x4>
			<y4>262.54902</y4>
			<x5>302.696078</x5>
			<y5>261.699346</y5>
			<x6>300.911765</x6>
			<y6>258.130719</y6>
		</polygon>
	</object>
	<object>
		<name>Broken glass</name>
		<pose>Unspecified</pose>
		<truncated>0</truncated>
		<difficult>0</difficult>
		<occluded>0</occluded>
		<bndbox>
			<xmin>286</xmin>
			<xmax>292</xmax>
			<ymin>258</ymin>
			<ymax>266</ymax>
		</bndbox>
		<polygon>
			<x1>288.039216</x1>
			<y1>257.960784</y1>
			<x2>285.107843</x2>
			<y2>260</y2>
			<x3>290.333333</x3>
			<y3>265.098039</y3>
			<x4>291.098039</x4>
			<y4>262.888889</y4>
			<x5>291.352941</x5>
			<y5>257.281046</y5>
			<x6>288.039216</x6>
			<y6>257.960784</y6>
		</polygon>
	</object>
	<object>
		<name>Broken glass</name>
		<pose>Unspecified</pose>
		<truncated>0</truncated>
		<difficult>0</difficult>
		<occluded>0</occluded>
		<bndbox>
			<xmin>286</xmin>
			<xmax>289</xmax>
			<ymin>262</ymin>
			<ymax>274</ymax>
		</bndbox>
		<polygon>
			<x1>287.656863</x1>
			<y1>262.54902</y1>
			<x2>286.254902</x2>
			<y2>261.359477</y2>
			<x3>284.980392</x3>
			<y3>262.54902</y3>
			<x4>285.745098</x4>
			<y4>268.666667</y4>
			<x5>286.892157</x5>
			<y5>272.745098</y5>
			<x6>288.039216</x6>
			<y6>270.875817</y6>
			<x7>287.656863</x7>
			<y7>262.54902</y7>
		</polygon>
	</object>
	<object>
		<name>Broken glass</name>
		<pose>Unspecified</pose>
		<truncated>0</truncated>
		<difficult>0</difficult>
		<occluded>0</occluded>
		<bndbox>
			<xmin>294</xmin>
			<xmax>298</xmax>
			<ymin>270</ymin>
			<ymax>276</ymax>
		</bndbox>
		<polygon>
			<x1>295.04902</x1>
			<y1>275.124183</y1>
			<x2>297.088235</x2>
			<y2>272.405229</y2>
			<x3>292.627451</x3>
			<y3>269.176471</y3>
			<x4>295.04902</x4>
			<y4>275.124183</y4>
		</polygon>
	</object>
	<object>
		<name>Broken glass</name>
		<pose>Unspecified</pose>
		<truncated>0</truncated>
		<difficult>0</difficult>
		<occluded>0</occluded>
		<bndbox>
			<xmin>217</xmin>
			<xmax>221</xmax>
			<ymin>243</ymin>
			<ymax>248</ymax>
		</bndbox>
		<polygon>
			<x1>220.490196</x1>
			<y1>242.156863</y1>
			<x2>218.45098</x2>
			<y2>241.647059</y2>
			<x3>215.647059</x3>
			<y3>241.986928</y3>
			<x4>217.176471</x4>
			<y4>245.72549</y4>
			<x5>219.343137</x5>
			<y5>246.745098</y5>
			<x6>220.490196</x6>
			<y6>242.156863</y6>
		</polygon>
	</object>
	<object>
		<name>Broken glass</name>
		<pose>Unspecified</pose>
		<truncated>0</truncated>
		<difficult>0</difficult>
		<occluded>0</occluded>
		<bndbox>
			<xmin>267</xmin>
			<xmax>273</xmax>
			<ymin>254</ymin>
			<ymax>263</ymax>
		</bndbox>
		<polygon>
			<x1>270.068627</x1>
			<y1>261.529412</y1>
			<x2>267.392157</x2>
			<y2>255.581699</y2>
			<x3>270.578431</x3>
			<y3>258.640523</y3>
			<x4>271.598039</x4>
			<y4>257.111111</y4>
			<x5>266.754902</x5>
			<y5>252.862745</y5>
			<x6>265.607843</x6>
			<y6>256.431373</y6>
			<x7>267.77451</x7>
			<y7>262.039216</y7>
			<x8>270.068627</x8>
			<y8>261.529412</y8>
		</polygon>
	</object>
	<object>
		<name>Broken glass</name>
		<pose>Unspecified</pose>
		<truncated>0</truncated>
		<difficult>0</difficult>
		<occluded>0</occluded>
		<bndbox>
			<xmin>206</xmin>
			<xmax>213</xmax>
			<ymin>342</ymin>
			<ymax>349</ymax>
		</bndbox>
		<polygon>
			<x1>212.205882</x1>
			<y1>347.51634</y1>
			<x2>212.460784</x2>
			<y2>344.117647</y2>
			<x3>210.931373</x3>
			<y3>341.568627</y3>
			<x4>208.764706</x4>
			<y4>341.398693</y4>
			<x5>205.45098</x5>
			<y5>341.398693</y5>
			<x6>207.490196</x6>
			<y6>345.647059</y6>
			<x7>210.421569</x7>
			<y7>347.51634</y7>
			<x8>212.205882</x8>
			<y8>347.51634</y8>
		</polygon>
	</object>
	<object>
		<name>Broken glass</name>
		<pose>Unspecified</pose>
		<truncated>0</truncated>
		<difficult>0</difficult>
		<occluded>0</occluded>
		<bndbox>
			<xmin>277</xmin>
			<xmax>282</xmax>
			<ymin>259</ymin>
			<ymax>263</ymax>
		</bndbox>
		<polygon>
			<x1>277.715686</x1>
			<y1>258.810458</y1>
			<x2>275.931373</x2>
			<y2>257.79085</y2>
			<x3>275.931373</x3>
			<y3>259.660131</y3>
			<x4>280.77451</x4>
			<y4>262.379085</y4>
			<x5>277.715686</x5>
			<y5>258.810458</y5>
		</polygon>
	</object>
	<object>
		<name>Broken glass</name>
		<pose>Unspecified</pose>
		<truncated>0</truncated>
		<difficult>0</difficult>
		<occluded>0</occluded>
		<bndbox>
			<xmin>284</xmin>
			<xmax>286</xmax>
			<ymin>259</ymin>
			<ymax>264</ymax>
		</bndbox>
		<polygon>
			<x1>283.323529</x1>
			<y1>263.398693</y1>
			<x2>284.852941</x2>
			<y2>257.960784</y2>
			<x3>283.068627</x3>
			<y3>257.620915</y3>
			<x4>283.323529</x4>
			<y4>263.398693</y4>
		</polygon>
	</object>
	<object>
		<name>Broken glass</name>
		<pose>Unspecified</pose>
		<truncated>0</truncated>
		<difficult>0</difficult>
		<occluded>0</occluded>
		<bndbox>
			<xmin>257</xmin>
			<xmax>264</xmax>
			<ymin>302</ymin>
			<ymax>306</ymax>
		</bndbox>
		<polygon>
			<x1>262.803922</x1>
			<y1>302.993464</y1>
			<x2>259.490196</x2>
			<y2>302.48366</y2>
			<x3>256.686275</x3>
			<y3>300.784314</y3>
			<x4>255.539216</x4>
			<y4>302.653595</y4>
			<x5>261.656863</x5>
			<y5>305.03268</y5>
			<x6>262.803922</x6>
			<y6>302.993464</y6>
		</polygon>
	</object>
	<object>
		<name>Broken glass</name>
		<pose>Unspecified</pose>
		<truncated>0</truncated>
		<difficult>0</difficult>
		<occluded>0</occluded>
		<bndbox>
			<xmin>276</xmin>
			<xmax>280</xmax>
			<ymin>266</ymin>
			<ymax>272</ymax>
		</bndbox>
		<polygon>
			<x1>278.352941</x1>
			<y1>265.098039</y1>
			<x2>274.784314</x2>
			<y2>266.117647</y2>
			<x3>276.441176</x3>
			<y3>267.647059</y3>
			<x4>276.568627</x4>
			<y4>270.535948</y4>
			<x5>279.372549</x5>
			<y5>267.986928</y5>
			<x6>278.352941</x6>
			<y6>265.098039</y6>
		</polygon>
	</object>
	<object>
		<name>Broken glass</name>
		<pose>Unspecified</pose>
		<truncated>0</truncated>
		<difficult>0</difficult>
		<occluded>0</occluded>
		<bndbox>
			<xmin>254</xmin>
			<xmax>257</xmax>
			<ymin>226</ymin>
			<ymax>229</ymax>
		</bndbox>
		<polygon>
			<x1>256.303922</x1>
			<y1>227.712418</y1>
			<x2>255.284314</x2>
			<y2>224.823529</y2>
			<x3>253.117647</x3>
			<y3>227.03268</y3>
			<x4>256.303922</x4>
			<y4>227.712418</y4>
		</polygon>
	</object>
	<object>
		<name>Broken glass</name>
		<pose>Unspecified</pose>
		<truncated>0</truncated>
		<difficult>0</difficult>
		<occluded>0</occluded>
		<bndbox>
			<xmin>245</xmin>
			<xmax>247</xmax>
			<ymin>255</ymin>
			<ymax>259</ymax>
		</bndbox>
		<polygon>
			<x1>244.45098</x1>
			<y1>253.542484</y1>
			<x2>243.686275</x2>
			<y2>257.960784</y2>
			<x3>246.362745</x3>
			<y3>256.771242</y3>
			<x4>246.490196</x4>
			<y4>254.392157</y4>
			<x5>244.45098</x5>
			<y5>253.542484</y5>
		</polygon>
	</object>
	<object>
		<name>Broken glass</name>
		<pose>Unspecified</pose>
		<truncated>0</truncated>
		<difficult>0</difficult>
		<occluded>0</occluded>
		<bndbox>
			<xmin>267</xmin>
			<xmax>272</xmax>
			<ymin>306</ymin>
			<ymax>311</ymax>
		</bndbox>
		<polygon>
			<x1>265.735294</x1>
			<y1>304.862745</y1>
			<x2>269.813725</x2>
			<y2>309.620915</y2>
			<x3>271.215686</x3>
			<y3>307.581699</y3>
			<x4>265.735294</x4>
			<y4>304.862745</y4>
		</polygon>
	</object>
	<object>
		<name>Broken glass</name>
		<pose>Unspecified</pose>
		<truncated>0</truncated>
		<difficult>0</difficult>
		<occluded>0</occluded>
		<bndbox>
			<xmin>310</xmin>
			<xmax>312</xmax>
			<ymin>316</ymin>
			<ymax>325</ymax>
		</bndbox>
		<polygon>
			<x1>310.980392</x1>
			<y1>315.398693</y1>
			<x2>308.686275</x2>
			<y2>319.137255</y2>
			<x3>308.686275</x3>
			<y3>323.895425</y3>
			<x4>311.490196</x4>
			<y4>323.385621</y4>
			<x5>310.470588</x5>
			<y5>319.477124</y5>
			<x6>310.980392</x6>
			<y6>315.398693</y6>
		</polygon>
	</object>
	<object>
		<name>Broken glass</name>
		<pose>Unspecified</pose>
		<truncated>0</truncated>
		<difficult>0</difficult>
		<occluded>0</occluded>
		<bndbox>
			<xmin>345</xmin>
			<xmax>348</xmax>
			<ymin>331</ymin>
			<ymax>337</ymax>
		</bndbox>
		<polygon>
			<x1>344.5</x1>
			<y1>330.183007</y1>
			<x2>344.245098</x2>
			<y2>335.79085</y2>
			<x3>345.901961</x3>
			<y3>336.470588</y3>
			<x4>346.921569</x4>
			<y4>329.843137</y4>
			<x5>344.5</x5>
			<y5>330.183007</y5>
		</polygon>
	</object>
	<object>
		<name>Broken glass</name>
		<pose>Unspecified</pose>
		<truncated>0</truncated>
		<difficult>0</difficult>
		<occluded>0</occluded>
		<bndbox>
			<xmin>271</xmin>
			<xmax>275</xmax>
			<ymin>147</ymin>
			<ymax>151</ymax>
		</bndbox>
		<polygon>
			<x1>269.558824</x1>
			<y1>148.69281</y1>
			<x2>273.637255</x2>
			<y2>149.712418</y2>
			<x3>271.343137</x3>
			<y3>145.633987</y3>
			<x4>270.196078</x4>
			<y4>147.163399</y4>
			<x5>269.558824</x5>
			<y5>148.69281</y5>
		</polygon>
	</object>
	<object>
		<name>Broken glass</name>
		<pose>Unspecified</pose>
		<truncated>0</truncated>
		<difficult>0</difficult>
		<occluded>0</occluded>
		<bndbox>
			<xmin>270</xmin>
			<xmax>275</xmax>
			<ymin>264</ymin>
			<ymax>267</ymax>
		</bndbox>
		<polygon>
			<x1>269.941176</x1>
			<y1>266.457516</y1>
			<x2>274.147059</x2>
			<y2>264.588235</y2>
			<x3>273.254902</x3>
			<y3>263.228758</y3>
			<x4>269.176471</x4>
			<y4>264.078431</y4>
			<x5>269.941176</x5>
			<y5>266.457516</y5>
		</polygon>
	</object>
	<object>
		<name>Broken glass</name>
		<pose>Unspecified</pose>
		<truncated>0</truncated>
		<difficult>0</difficult>
		<occluded>0</occluded>
		<bndbox>
			<xmin>267</xmin>
			<xmax>269</xmax>
			<ymin>267</ymin>
			<ymax>273</ymax>
		</bndbox>
		<polygon>
			<x1>265.990196</x1>
			<y1>269.006536</y1>
			<x2>267.647059</x2>
			<y2>271.72549</y2>
			<x3>268.156863</x3>
			<y3>269.176471</y3>
			<x4>266.627451</x4>
			<y4>266.287582</y4>
			<x5>265.990196</x5>
			<y5>269.006536</y5>
		</polygon>
	</object>
	<object>
		<name>Broken glass</name>
		<pose>Unspecified</pose>
		<truncated>0</truncated>
		<difficult>0</difficult>
		<occluded>0</occluded>
		<bndbox>
			<xmin>269</xmin>
			<xmax>272</xmax>
			<ymin>292</ymin>
			<ymax>299</ymax>
		</bndbox>
		<polygon>
			<x1>270.833333</x1>
			<y1>291.267974</y1>
			<x2>269.558824</x2>
			<y2>293.30719</y2>
			<x3>268.284314</x3>
			<y3>296.535948</y3>
			<x4>268.921569</x4>
			<y4>298.235294</y4>
			<x5>271.088235</x5>
			<y5>293.647059</y5>
			<x6>270.833333</x6>
			<y6>291.267974</y6>
		</polygon>
	</object>
	<object>
		<name>Broken glass</name>
		<pose>Unspecified</pose>
		<truncated>0</truncated>
		<difficult>0</difficult>
		<occluded>0</occluded>
		<bndbox>
			<xmin>273</xmin>
			<xmax>276</xmax>
			<ymin>299</ymin>
			<ymax>303</ymax>
		</bndbox>
		<polygon>
			<x1>273.892157</x1>
			<y1>297.555556</y1>
			<x2>272.362745</x2>
			<y2>299.764706</y2>
			<x3>275.421569</x3>
			<y3>301.803922</y3>
			<x4>273.892157</x4>
			<y4>297.555556</y4>
		</polygon>
	</object>
	<object>
		<name>Broken glass</name>
		<pose>Unspecified</pose>
		<truncated>0</truncated>
		<difficult>0</difficult>
		<occluded>0</occluded>
		<bndbox>
			<xmin>277</xmin>
			<xmax>283</xmax>
			<ymin>185</ymin>
			<ymax>189</ymax>
		</bndbox>
		<polygon>
			<x1>281.539216</x1>
			<y1>186.248366</y1>
			<x2>277.588235</x2>
			<y2>183.529412</y2>
			<x3>276.058824</x3>
			<y3>185.228758</y3>
			<x4>277.205882</x4>
			<y4>187.947712</y4>
			<x5>281.539216</x5>
			<y5>186.248366</y5>
		</polygon>
	</object>
	<object>
		<name>Broken glass</name>
		<pose>Unspecified</pose>
		<truncated>0</truncated>
		<difficult>0</difficult>
		<occluded>0</occluded>
		<bndbox>
			<xmin>284</xmin>
			<xmax>287</xmax>
			<ymin>203</ymin>
			<ymax>207</ymax>
		</bndbox>
		<polygon>
			<x1>286.254902</x1>
			<y1>204.601307</y1>
			<x2>284.343137</x2>
			<y2>202.392157</y2>
			<x3>283.196078</x3>
			<y3>205.620915</y3>
			<x4>286.254902</x4>
			<y4>204.601307</y4>
		</polygon>
	</object>
	<object>
		<name>Broken glass</name>
		<pose>Unspecified</pose>
		<truncated>0</truncated>
		<difficult>0</difficult>
		<occluded>0</occluded>
		<bndbox>
			<xmin>127</xmin>
			<xmax>138</xmax>
			<ymin>192</ymin>
			<ymax>198</ymax>
		</bndbox>
		<polygon>
			<x1>135.098039</x1>
			<y1>191.006536</y1>
			<x2>129.872549</x2>
			<y2>193.215686</y2>
			<x3>126.686275</x3>
			<y3>192.705882</y3>
			<x4>126.04902</x4>
			<y4>196.104575</y4>
			<x5>130.254902</x5>
			<y5>197.294118</y5>
			<x6>137.264706</x6>
			<y6>195.254902</y6>
			<x7>135.098039</x7>
			<y7>191.006536</y7>
		</polygon>
	</object>
	<object>
		<name>Broken glass</name>
		<pose>Unspecified</pose>
		<truncated>0</truncated>
		<difficult>0</difficult>
		<occluded>0</occluded>
		<bndbox>
			<xmin>284</xmin>
			<xmax>292</xmax>
			<ymin>367</ymin>
			<ymax>370</ymax>
		</bndbox>
		<polygon>
			<x1>283.45098</x1>
			<y1>369.267974</y1>
			<x2>286.892157</x2>
			<y2>369.267974</y2>
			<x3>291.22549</x3>
			<y3>367.228758</y3>
			<x4>288.676471</x4>
			<y4>365.699346</y4>
			<x5>283.45098</x5>
			<y5>369.267974</y5>
		</polygon>
	</object>
	<object>
		<name>Broken glass</name>
		<pose>Unspecified</pose>
		<truncated>0</truncated>
		<difficult>0</difficult>
		<occluded>0</occluded>
		<bndbox>
			<xmin>348</xmin>
			<xmax>354</xmax>
			<ymin>304</ymin>
			<ymax>310</ymax>
		</bndbox>
		<polygon>
			<x1>346.921569</x1>
			<y1>307.581699</y1>
			<x2>348.705882</x2>
			<y2>309.281046</y2>
			<x3>352.656863</x3>
			<y3>304.862745</y3>
			<x4>351.382353</x4>
			<y4>302.653595</y4>
			<x5>348.833333</x5>
			<y5>303.333333</y5>
			<x6>346.921569</x6>
			<y6>307.581699</y6>
		</polygon>
	</object>
	<object>
		<name>Broken glass</name>
		<pose>Unspecified</pose>
		<truncated>0</truncated>
		<difficult>0</difficult>
		<occluded>0</occluded>
		<bndbox>
			<xmin>261</xmin>
			<xmax>265</xmax>
			<ymin>153</ymin>
			<ymax>155</ymax>
		</bndbox>
		<polygon>
			<x1>260.127451</x1>
			<y1>153.111111</y1>
			<x2>263.696078</x2>
			<y2>154.470588</y2>
			<x3>263.568627</x3>
			<y3>152.261438</y3>
			<x4>260.127451</x4>
			<y4>153.111111</y4>
		</polygon>
	</object>
	<object>
		<name>Broken glass</name>
		<pose>Unspecified</pose>
		<truncated>0</truncated>
		<difficult>0</difficult>
		<occluded>0</occluded>
		<bndbox>
			<xmin>372</xmin>
			<xmax>376</xmax>
			<ymin>103</ymin>
			<ymax>109</ymax>
		</bndbox>
		<polygon>
			<x1>375.088235</x1>
			<y1>108.078431</y1>
			<x2>374.578431</x2>
			<y2>101.960784</y2>
			<x3>371.009804</x3>
			<y3>103.150327</y3>
			<x4>375.088235</x4>
			<y4>108.078431</y4>
		</polygon>
	</object>
	<object>
		<name>Broken glass</name>
		<pose>Unspecified</pose>
		<truncated>0</truncated>
		<difficult>0</difficult>
		<occluded>0</occluded>
		<bndbox>
			<xmin>376</xmin>
			<xmax>382</xmax>
			<ymin>104</ymin>
			<ymax>110</ymax>
		</bndbox>
		<polygon>
			<x1>375.343137</x1>
			<y1>102.980392</y1>
			<x2>376.490196</x2>
			<y2>109.098039</y2>
			<x3>380.823529</x3>
			<y3>103.830065</y3>
			<x4>375.343137</x4>
			<y4>102.980392</y4>
		</polygon>
	</object>
	<object>
		<name>Broken glass</name>
		<pose>Unspecified</pose>
		<truncated>0</truncated>
		<difficult>0</difficult>
		<occluded>0</occluded>
		<bndbox>
			<xmin>374</xmin>
			<xmax>383</xmax>
			<ymin>96</ymin>
			<ymax>104</ymax>
		</bndbox>
		<polygon>
			<x1>381.588235</x1>
			<y1>101.79085</y1>
			<x2>378.019608</x2>
			<y2>98.052288</y2>
			<x3>374.833333</x3>
			<y3>94.993464</y3>
			<x4>372.666667</x4>
			<y4>98.052288</y4>
			<x5>374.960784</x5>
			<y5>101.45098</y5>
			<x6>378.019608</x6>
			<y6>102.980392</y6>
			<x7>381.588235</x7>
			<y7>101.79085</y7>
		</polygon>
	</object>
	<object>
		<name>Broken glass</name>
		<pose>Unspecified</pose>
		<truncated>0</truncated>
		<difficult>0</difficult>
		<occluded>0</occluded>
		<bndbox>
			<xmin>383</xmin>
			<xmax>388</xmax>
			<ymin>96</ymin>
			<ymax>100</ymax>
		</bndbox>
		<polygon>
			<x1>382.098039</x1>
			<y1>96.352941</y1>
			<x2>383.754902</x2>
			<y2>98.562092</y2>
			<x3>386.941176</x3>
			<y3>97.712418</y3>
			<x4>385.794118</x4>
			<y4>94.993464</y4>
			<x5>382.098039</x5>
			<y5>96.352941</y5>
		</polygon>
	</object>
	<object>
		<name>Broken glass</name>
		<pose>Unspecified</pose>
		<truncated>0</truncated>
		<difficult>0</difficult>
		<occluded>0</occluded>
		<bndbox>
			<xmin>245</xmin>
			<xmax>254</xmax>
			<ymin>399</ymin>
			<ymax>404</ymax>
		</bndbox>
		<polygon>
			<x1>252.098039</x1>
			<y1>402.405229</y1>
			<x2>252.862745</x2>
			<y2>400.705882</y2>
			<x3>248.27451</x3>
			<y3>400.535948</y3>
			<x4>246.362745</x4>
			<y4>398.326797</y4>
			<x5>244.45098</x5>
			<y5>400.026144</y5>
			<x6>246.490196</x6>
			<y6>402.575163</y6>
			<x7>252.098039</x7>
			<y7>402.405229</y7>
		</polygon>
	</object>
	<object>
		<name>Cigarette</name>
		<pose>Unspecified</pose>
		<truncated>0</truncated>
		<difficult>0</difficult>
		<occluded>0</occluded>
		<bndbox>
			<xmin>304</xmin>
			<xmax>312</xmax>
			<ymin>4</ymin>
			<ymax>9</ymax>
		</bndbox>
		<polygon>
			<x1>303.078431</x1>
			<y1>3.228758</y1>
			<x2>303.460784</x2>
			<y2>5.437908</y2>
			<x3>310.343137</x3>
			<y3>7.647059</y3>
			<x4>310.980392</x4>
			<y4>5.437908</y4>
			<x5>303.078431</x5>
			<y5>3.228758</y5>
		</polygon>
	</object>
</annotation>
