<annotation>
	<folder></folder>
	<filename>000069_JPG.rf.648167e20f299d88a97b50153837fd3d.jpg</filename>
	<path>000069_JPG.rf.648167e20f299d88a97b50153837fd3d.jpg</path>
	<source>
		<database>roboflow.ai</database>
	</source>
	<size>
		<width>416</width>
		<height>416</height>
		<depth>3</depth>
	</size>
	<segmented>0</segmented>
	<object>
		<name>Plastic film</name>
		<pose>Unspecified</pose>
		<truncated>0</truncated>
		<difficult>0</difficult>
		<occluded>0</occluded>
		<bndbox>
			<xmin>205</xmin>
			<xmax>242</xmax>
			<ymin>230</ymin>
			<ymax>259</ymax>
		</bndbox>
		<polygon>
			<x1>222.444444</x1>
			<y1>256.941176</y1>
			<x2>227.372549</x2>
			<y2>257.705882</y2>
			<x3>237.908497</x3>
			<y3>251.843137</y3>
			<x4>240.457516</x4>
			<y4>242.794118</y4>
			<x5>241.477124</x5>
			<y5>240.627451</y5>
			<x6>235.869281</x6>
			<y6>238.078431</y6>
			<x7>233.490196</x7>
			<y7>237.95098</y7>
			<x8>230.771242</x8>
			<y8>232.980392</y8>
			<x9>227.03268</x9>
			<y9>228.77451</y9>
			<x10>221.424837</x10>
			<y10>231.578431</y10>
			<x11>216.836601</x11>
			<y11>233.362745</y11>
			<x12>212.588235</x12>
			<y12>233.490196</y12>
			<x13>203.921569</x13>
			<y13>235.401961</y13>
			<x14>211.568627</x14>
			<y14>245.215686</y14>
			<x15>214.117647</x15>
			<y15>247.382353</y15>
			<x16>218.535948</x16>
			<y16>252.735294</y16>
			<x17>222.444444</x17>
			<y17>256.941176</y17>
		</polygon>
	</object>
</annotation>
