<annotation>
	<folder></folder>
	<filename>000047_jpg.rf.94e1e175e3741d52473c7d2db2d3a25e.jpg</filename>
	<path>000047_jpg.rf.94e1e175e3741d52473c7d2db2d3a25e.jpg</path>
	<source>
		<database>roboflow.ai</database>
	</source>
	<size>
		<width>416</width>
		<height>416</height>
		<depth>3</depth>
	</size>
	<segmented>0</segmented>
	<object>
		<name>Plastic film</name>
		<pose>Unspecified</pose>
		<truncated>0</truncated>
		<difficult>0</difficult>
		<occluded>0</occluded>
		<bndbox>
			<xmin>144</xmin>
			<xmax>176</xmax>
			<ymin>292</ymin>
			<ymax>317</ymax>
		</bndbox>
		<polygon>
			<x1>171.633987</x1>
			<y1>309.45098</y1>
			<x2>170.27451</x2>
			<y2>306.392157</y2>
			<x3>159.398693</x3>
			<y3>295.941176</y3>
			<x4>151.071895</x4>
			<y4>291.22549</y4>
			<x5>143.424837</x5>
			<y5>291.480392</y5>
			<x6>151.24183</x6>
			<y6>292.117647</y6>
			<x7>157.699346</x7>
			<y7>299.637255</y7>
			<x8>163.477124</x8>
			<y8>306.647059</y8>
			<x9>165.006536</x9>
			<y9>313.147059</y9>
			<x10>166.875817</x10>
			<y10>315.568627</y10>
			<x11>174.862745</x11>
			<y11>314.166667</y11>
			<x12>171.633987</x12>
			<y12>309.45098</y12>
		</polygon>
	</object>
	<object>
		<name>Plastic film</name>
		<pose>Unspecified</pose>
		<truncated>0</truncated>
		<difficult>0</difficult>
		<occluded>0</occluded>
		<bndbox>
			<xmin>157</xmin>
			<xmax>211</xmax>
			<ymin>147</ymin>
			<ymax>189</ymax>
		</bndbox>
		<polygon>
			<x1>162.797386</x1>
			<y1>175.117647</y1>
			<x2>166.535948</x2>
			<y2>175.5</y2>
			<x3>193.555556</x3>
			<y3>181.235294</y3>
			<x4>207.150327</x4>
			<y4>182.764706</y4>
			<x5>201.372549</x5>
			<y5>175.882353</y5>
			<x6>210.039216</x6>
			<y6>164.539216</y6>
			<x7>207.830065</x7>
			<y7>157.147059</y7>
			<x8>195.594771</x8>
			<y8>153.578431</y8>
			<x9>166.196078</x9>
			<y9>145.931373</y9>
			<x10>165.346405</x10>
			<y10>154.598039</y10>
			<x11>167.385621</x11>
			<y11>160.205882</y11>
			<x12>162.627451</x12>
			<y12>169.892157</y12>
			<x13>159.228758</x13>
			<y13>179.45098</y13>
			<x14>155.830065</x14>
			<y14>188.372549</y14>
			<x15>160.588235</x15>
			<y15>186.843137</y15>
			<x16>162.797386</x16>
			<y16>175.117647</y16>
		</polygon>
	</object>
</annotation>
