<annotation>
	<folder></folder>
	<filename>000039_jpg.rf.b84053f04925f47ace99774c37c7cae9.jpg</filename>
	<path>000039_jpg.rf.b84053f04925f47ace99774c37c7cae9.jpg</path>
	<source>
		<database>roboflow.ai</database>
	</source>
	<size>
		<width>416</width>
		<height>416</height>
		<depth>3</depth>
	</size>
	<segmented>0</segmented>
	<object>
		<name>Other plastic wrapper</name>
		<pose>Unspecified</pose>
		<truncated>0</truncated>
		<difficult>0</difficult>
		<occluded>0</occluded>
		<bndbox>
			<xmin>174</xmin>
			<xmax>221</xmax>
			<ymin>233</ymin>
			<ymax>269</ymax>
		</bndbox>
		<polygon>
			<x1>192.730159</x1>
			<y1>267.738095</y1>
			<x2>219.830688</x2>
			<y2>244.626984</y2>
			<x3>217.216931</x3>
			<y3>241.944444</y3>
			<x4>215.015873</x4>
			<y4>241.325397</y4>
			<x5>212.952381</x5>
			<y5>239.674603</y5>
			<x6>208</x6>
			<y6>236.166667</y6>
			<x7>205.661376</x7>
			<y7>235.031746</y7>
			<x8>202.222222</x8>
			<y8>232.039683</y8>
			<x9>174.296296</x9>
			<y9>254.944444</y9>
			<x10>173.058201</x10>
			<y10>257.31746</y10>
			<x11>178.148148</x11>
			<y11>260.619048</y11>
			<x12>190.391534</x12>
			<y12>267.119048</y12>
			<x13>192.730159</x13>
			<y13>267.738095</y13>
		</polygon>
	</object>
</annotation>
