<annotation>
	<folder></folder>
	<filename>000094_jpg.rf.1945bdb51e4969a290a91584064d1fa7.jpg</filename>
	<path>000094_jpg.rf.1945bdb51e4969a290a91584064d1fa7.jpg</path>
	<source>
		<database>roboflow.ai</database>
	</source>
	<size>
		<width>416</width>
		<height>416</height>
		<depth>3</depth>
	</size>
	<segmented>0</segmented>
	<object>
		<name>Clear plastic bottle</name>
		<pose>Unspecified</pose>
		<truncated>0</truncated>
		<difficult>0</difficult>
		<occluded>0</occluded>
		<bndbox>
			<xmin>236</xmin>
			<xmax>274</xmax>
			<ymin>176</ymin>
			<ymax>229</ymax>
		</bndbox>
		<polygon>
			<x1>234.832</x1>
			<y1>195.45614</y1>
			<x2>238.264</x2>
			<y2>206.859649</y2>
			<x3>243.984</x3>
			<y3>217.578947</y3>
			<x4>253.136</x4>
			<y4>226.701754</y4>
			<x5>260</x5>
			<y5>228.298246</y5>
			<x6>269.048</x6>
			<y6>224.649123</y6>
			<x7>272.584</x7>
			<y7>215.982456</y7>
			<x8>272.688</x8>
			<y8>208.45614</y8>
			<x9>249.496</x9>
			<y9>174.929825</y9>
			<x10>246.064</x10>
			<y10>174.701754</y10>
			<x11>241.488</x11>
			<y11>175.614035</y11>
			<x12>238.472</x12>
			<y12>182</y12>
			<x13>234.832</x13>
			<y13>195.45614</y13>
		</polygon>
	</object>
	<object>
		<name>Plastic film</name>
		<pose>Unspecified</pose>
		<truncated>0</truncated>
		<difficult>0</difficult>
		<occluded>0</occluded>
		<bndbox>
			<xmin>374</xmin>
			<xmax>394</xmax>
			<ymin>162</ymin>
			<ymax>180</ymax>
		</bndbox>
		<polygon>
			<x1>374.4</x1>
			<y1>165.122807</y1>
			<x2>373.36</x2>
			<y2>172.192982</y2>
			<x3>376.584</x3>
			<y3>176.526316</y3>
			<x4>383.552</x4>
			<y4>178.807018</y4>
			<x5>392.496</x5>
			<y5>176.526316</y5>
			<x6>393.432</x6>
			<y6>172.192982</y6>
			<x7>391.456</x7>
			<y7>166.719298</y7>
			<x8>390.312</x8>
			<y8>162.614035</y8>
			<x9>384.384</x9>
			<y9>164.210526</y9>
			<x10>377.728</x10>
			<y10>164.438596</y10>
			<x11>376.48</x11>
			<y11>162.842105</y11>
			<x12>375.856</x12>
			<y12>160.561404</y12>
			<x13>374.4</x13>
			<y13>165.122807</y13>
		</polygon>
	</object>
	<object>
		<name>Glass bottle</name>
		<pose>Unspecified</pose>
		<truncated>0</truncated>
		<difficult>0</difficult>
		<occluded>0</occluded>
		<bndbox>
			<xmin>153</xmin>
			<xmax>177</xmax>
			<ymin>251</ymin>
			<ymax>312</ymax>
		</bndbox>
		<polygon>
			<x1>152.984</x1>
			<y1>301.964912</y1>
			<x2>151.736</x2>
			<y2>307.210526</y2>
			<x3>155.792</x3>
			<y3>311.087719</y3>
			<x4>164.736</x4>
			<y4>290.105263</y4>
			<x5>167.544</x5>
			<y5>288.052632</y5>
			<x6>175.864</x6>
			<y6>263.649123</y6>
			<x7>175.76</x7>
			<y7>257.491228</y7>
			<x8>174.2</x8>
			<y8>252.929825</y8>
			<x9>171.6</x9>
			<y9>249.508772</y9>
			<x10>168.896</x10>
			<y10>249.964912</y10>
			<x11>159.64</x11>
			<y11>273.45614</y11>
			<x12>158.912</x12>
			<y12>277.105263</y12>
			<x13>159.224</x13>
			<y13>282.350877</y13>
			<x14>152.984</x14>
			<y14>301.964912</y14>
		</polygon>
	</object>
</annotation>
