<annotation>
	<folder></folder>
	<filename>000011_jpg.rf.fd3337fbf72eacc8b02d10e273697484.jpg</filename>
	<path>000011_jpg.rf.fd3337fbf72eacc8b02d10e273697484.jpg</path>
	<source>
		<database>roboflow.ai</database>
	</source>
	<size>
		<width>416</width>
		<height>416</height>
		<depth>3</depth>
	</size>
	<segmented>0</segmented>
	<object>
		<name>Plastic film</name>
		<pose>Unspecified</pose>
		<truncated>0</truncated>
		<difficult>0</difficult>
		<occluded>0</occluded>
		<bndbox>
			<xmin>149</xmin>
			<xmax>177</xmax>
			<ymin>167</ymin>
			<ymax>220</ymax>
		</bndbox>
		<polygon>
			<x1>158.931373</x1>
			<y1>215.647059</y1>
			<x2>162.372549</x2>
			<y2>213.607843</y2>
			<x3>167.980392</x3>
			<y3>212.928105</y3>
			<x4>176.264706</x4>
			<y4>215.137255</y4>
			<x5>176.009804</x5>
			<y5>213.098039</y5>
			<x6>175.245098</x6>
			<y6>211.738562</y6>
			<x7>175.372549</x7>
			<y7>209.359477</y7>
			<x8>175.117647</x8>
			<y8>205.111111</y8>
			<x9>174.22549</x9>
			<y9>200.522876</y9>
			<x10>170.911765</x10>
			<y10>179.620915</y10>
			<x11>169.764706</x11>
			<y11>171.294118</y11>
			<x12>167.72549</x12>
			<y12>172.143791</y12>
			<x13>165.04902</x13>
			<y13>171.633987</y13>
			<x14>164.794118</x14>
			<y14>169.934641</y14>
			<x15>163.264706</x15>
			<y15>170.104575</y15>
			<x16>162.245098</x16>
			<y16>168.575163</y16>
			<x17>148.990196</x17>
			<y17>166.366013</y17>
			<x18>149.372549</x18>
			<y18>175.202614</y18>
			<x19>149.754902</x19>
			<y19>178.941176</y19>
			<x20>149.754902</x20>
			<y20>187.098039</y20>
			<x21>148.22549</x21>
			<y21>192.875817</y21>
			<x22>148.607843</x22>
			<y22>196.614379</y22>
			<x23>151.411765</x23>
			<y23>207.320261</y23>
			<x24>150.137255</x24>
			<y24>210.718954</y24>
			<x25>148.862745</x25>
			<y25>218.196078</y25>
			<x26>149.882353</x26>
			<y26>219.385621</y26>
			<x27>153.833333</x27>
			<y27>217.51634</y27>
			<x28>158.931373</x28>
			<y28>215.647059</y28>
		</polygon>
	</object>
	<object>
		<name>Cigarette</name>
		<pose>Unspecified</pose>
		<truncated>0</truncated>
		<difficult>0</difficult>
		<occluded>0</occluded>
		<bndbox>
			<xmin>254</xmin>
			<xmax>264</xmax>
			<ymin>247</ymin>
			<ymax>259</ymax>
		</bndbox>
		<polygon>
			<x1>256.558824</x1>
			<y1>257.620915</y1>
			<x2>263.441176</x2>
			<y2>251.333333</y2>
			<x3>261.784314</x3>
			<y3>245.895425</y3>
			<x4>253.117647</x4>
			<y4>252.183007</y4>
			<x5>256.558824</x5>
			<y5>257.620915</y5>
		</polygon>
	</object>
	<object>
		<name>Cigarette</name>
		<pose>Unspecified</pose>
		<truncated>0</truncated>
		<difficult>0</difficult>
		<occluded>0</occluded>
		<bndbox>
			<xmin>211</xmin>
			<xmax>215</xmax>
			<ymin>180</ymin>
			<ymax>193</ymax>
		</bndbox>
		<polygon>
			<x1>209.784314</x1>
			<y1>186.248366</y1>
			<x2>209.529412</x2>
			<y2>191.51634</y2>
			<x3>212.588235</x3>
			<y3>192.196078</y3>
			<x4>213.098039</x4>
			<y4>186.418301</y4>
			<x5>214.372549</x5>
			<y5>179.281046</y5>
			<x6>211.95098</x6>
			<y6>178.601307</y6>
			<x7>209.784314</x7>
			<y7>186.248366</y7>
		</polygon>
	</object>
	<object>
		<name>Plastic film</name>
		<pose>Unspecified</pose>
		<truncated>0</truncated>
		<difficult>0</difficult>
		<occluded>0</occluded>
		<bndbox>
			<xmin>216</xmin>
			<xmax>229</xmax>
			<ymin>69</ymin>
			<ymax>84</ymax>
		</bndbox>
		<polygon>
			<x1>227.627451</x1>
			<y1>73.24183</y1>
			<x2>226.607843</x2>
			<y2>67.973856</y2>
			<x3>220.362745</x3>
			<y3>68.653595</y3>
			<x4>214.627451</x4>
			<y4>72.222222</y4>
			<x5>217.558824</x5>
			<y5>83.437908</y5>
			<x6>223.421569</x6>
			<y6>77.490196</y6>
			<x7>227.627451</x7>
			<y7>73.24183</y7>
		</polygon>
	</object>
</annotation>
