<annotation>
	<folder></folder>
	<filename>000028_JPG.rf.4465a5d3bed9038d4ca996364e7d0ad5.jpg</filename>
	<path>000028_JPG.rf.4465a5d3bed9038d4ca996364e7d0ad5.jpg</path>
	<source>
		<database>roboflow.ai</database>
	</source>
	<size>
		<width>416</width>
		<height>416</height>
		<depth>3</depth>
	</size>
	<segmented>0</segmented>
	<object>
		<name>Clear plastic bottle</name>
		<pose>Unspecified</pose>
		<truncated>0</truncated>
		<difficult>0</difficult>
		<occluded>0</occluded>
		<bndbox>
			<xmin>180</xmin>
			<xmax>238</xmax>
			<ymin>221</ymin>
			<ymax>305</ymax>
		</bndbox>
		<polygon>
			<x1>197.464052</x1>
			<y1>290.715686</y1>
			<x2>203.24183</x2>
			<y2>293.519608</y2>
			<x3>210.039216</x3>
			<y3>297.215686</y3>
			<x4>213.607843</x4>
			<y4>301.54902</y4>
			<x5>214.96732</x5>
			<y5>303.970588</y5>
			<x6>224.823529</x6>
			<y6>302.823529</y6>
			<x7>224.993464</x7>
			<y7>296.196078</y7>
			<x8>228.901961</x8>
			<y8>289.186275</y8>
			<x9>237.228758</x9>
			<y9>272.235294</y9>
			<x10>226.862745</x10>
			<y10>250.823529</y10>
			<x11>214.457516</x11>
			<y11>224.696078</y11>
			<x12>211.738562</x12>
			<y12>222.784314</y12>
			<x13>204.091503</x13>
			<y13>221.892157</y13>
			<x14>199.333333</x14>
			<y14>219.72549</y14>
			<x15>196.104575</x15>
			<y15>221.637255</y15>
			<x16>191.686275</x16>
			<y16>222.401961</y16>
			<x17>186.75817</x17>
			<y17>221.127451</y17>
			<x18>181.660131</x18>
			<y18>225.333333</y18>
			<x19>179.45098</x19>
			<y19>231.068627</y19>
			<x20>179.281046</x20>
			<y20>236.166667</y20>
			<x21>182.339869</x21>
			<y21>258.088235</y21>
			<x22>186.248366</x22>
			<y22>277.205882</y22>
			<x23>191.686275</x23>
			<y23>283.705882</y23>
			<x24>197.464052</x24>
			<y24>290.715686</y24>
		</polygon>
	</object>
	<object>
		<name>Cigarette</name>
		<pose>Unspecified</pose>
		<truncated>0</truncated>
		<difficult>0</difficult>
		<occluded>0</occluded>
		<bndbox>
			<xmin>87</xmin>
			<xmax>93</xmax>
			<ymin>250</ymin>
			<ymax>257</ymax>
		</bndbox>
		<polygon>
			<x1>90.405229</x1>
			<y1>249.039216</y1>
			<x2>85.986928</x2>
			<y2>255.921569</y2>
			<x3>88.366013</x3>
			<y3>256.431373</y3>
			<x4>92.444444</x4>
			<y4>249.54902</y4>
			<x5>90.405229</x5>
			<y5>249.039216</y5>
		</polygon>
	</object>
	<object>
		<name>Cigarette</name>
		<pose>Unspecified</pose>
		<truncated>0</truncated>
		<difficult>0</difficult>
		<occluded>0</occluded>
		<bndbox>
			<xmin>34</xmin>
			<xmax>41</xmax>
			<ymin>343</ymin>
			<ymax>354</ymax>
		</bndbox>
		<polygon>
			<x1>37.385621</x1>
			<y1>342.333333</y1>
			<x2>32.627451</x2>
			<y2>353.294118</y2>
			<x3>36.026144</x3>
			<y3>353.294118</y3>
			<x4>40.444444</x4>
			<y4>343.607843</y4>
			<x5>37.385621</x5>
			<y5>342.333333</y5>
		</polygon>
	</object>
</annotation>
