<annotation>
	<folder></folder>
	<filename>000097_jpg.rf.a5e175956ad7b77fea34538199f5d4ce.jpg</filename>
	<path>000097_jpg.rf.a5e175956ad7b77fea34538199f5d4ce.jpg</path>
	<source>
		<database>roboflow.ai</database>
	</source>
	<size>
		<width>416</width>
		<height>416</height>
		<depth>3</depth>
	</size>
	<segmented>0</segmented>
	<object>
		<name>Other plastic</name>
		<pose>Unspecified</pose>
		<truncated>0</truncated>
		<difficult>0</difficult>
		<occluded>0</occluded>
		<bndbox>
			<xmin>134</xmin>
			<xmax>195</xmax>
			<ymin>130</ymin>
			<ymax>359</ymax>
		</bndbox>
		<polygon>
			<x1>154.8</x1>
			<y1>294.266667</y1>
			<x2>160.1</x2>
			<y2>286.8</y2>
			<x3>156.4</x3>
			<y3>271.466667</y3>
			<x4>168.4</x4>
			<y4>252.4</y4>
			<x5>175.7</x5>
			<y5>238.133333</y5>
			<x6>179.9</x6>
			<y6>224</y6>
			<x7>186.2</x7>
			<y7>198.666667</y7>
			<x8>192.7</x8>
			<y8>164.266667</y8>
			<x9>193.3</x9>
			<y9>158.266667</y9>
			<x10>193.5</x10>
			<y10>138.8</y10>
			<x11>192.5</x11>
			<y11>132.133333</y11>
			<x12>186.3</x12>
			<y12>128.533333</y12>
			<x13>182.2</x13>
			<y13>129.866667</y13>
			<x14>180.4</x14>
			<y14>175.333333</y14>
			<x15>179.2</x15>
			<y15>184.933333</y15>
			<x16>171.4</x16>
			<y16>216.4</y16>
			<x17>164.6</x17>
			<y17>236.533333</y17>
			<x18>155.1</x18>
			<y18>257.333333</y18>
			<x19>146</x19>
			<y19>269.733333</y19>
			<x20>143</x20>
			<y20>270.666667</y20>
			<x21>132.9</x21>
			<y21>286.133333</y21>
			<x22>140.7</x22>
			<y22>300.266667</y22>
			<x23>145.6</x23>
			<y23>298.266667</y23>
			<x24>150</x24>
			<y24>337.6</y24>
			<x25>151.8</x25>
			<y25>345.6</y25>
			<x26>153.1</x26>
			<y26>358.266667</y26>
			<x27>158.5</x27>
			<y27>357.6</y27>
			<x28>161.4</x28>
			<y28>353.466667</y28>
			<x29>154.8</x29>
			<y29>294.266667</y29>
		</polygon>
	</object>
	<object>
		<name>Other plastic</name>
		<pose>Unspecified</pose>
		<truncated>0</truncated>
		<difficult>0</difficult>
		<occluded>0</occluded>
		<bndbox>
			<xmin>130</xmin>
			<xmax>286</xmax>
			<ymin>133</ymin>
			<ymax>209</ymax>
		</bndbox>
		<polygon>
			<x1>180.8</x1>
			<y1>176.266667</y1>
			<x2>197.3</x2>
			<y2>182.266667</y2>
			<x3>213.3</x3>
			<y3>188.4</y3>
			<x4>219.4</x4>
			<y4>189.466667</y4>
			<x5>222.8</x5>
			<y5>199.466667</y5>
			<x6>234.3</x6>
			<y6>201.066667</y6>
			<x7>236.4</x7>
			<y7>199.733333</y7>
			<x8>237.2</x8>
			<y8>195.2</y8>
			<x9>276.1</x9>
			<y9>207.733333</y9>
			<x10>285.4</x10>
			<y10>191.333333</y10>
			<x11>268.7</x11>
			<y11>187.066667</y11>
			<x12>241.2</x12>
			<y12>178.266667</y12>
			<x13>239.1</x13>
			<y13>170</y13>
			<x14>225.8</x14>
			<y14>164.8</y14>
			<x15>221.7</x15>
			<y15>167.466667</y15>
			<x16>220.8</x16>
			<y16>171.866667</y16>
			<x17>211.8</x17>
			<y17>170.4</y17>
			<x18>192.9</x18>
			<y18>163.333333</y18>
			<x19>178</x19>
			<y19>156.933333</y19>
			<x20>163.9</x20>
			<y20>151.2</y20>
			<x21>149.7</x21>
			<y21>143.866667</y21>
			<x22>131.6</x22>
			<y22>131.866667</y22>
			<x23>130.5</x23>
			<y23>133.066667</y23>
			<x24>129.3</x24>
			<y24>146</y24>
			<x25>129.8</x25>
			<y25>149.2</y25>
			<x26>141</x26>
			<y26>156.266667</y26>
			<x27>154.2</x27>
			<y27>163.6</y27>
			<x28>172.9</x28>
			<y28>172.666667</y28>
			<x29>180.8</x29>
			<y29>176.266667</y29>
		</polygon>
	</object>
</annotation>
