<annotation>
	<folder></folder>
	<filename>000024_jpg.rf.7ed00943dc14a480fa4eb3b4a1ca405e.jpg</filename>
	<path>000024_jpg.rf.7ed00943dc14a480fa4eb3b4a1ca405e.jpg</path>
	<source>
		<database>roboflow.ai</database>
	</source>
	<size>
		<width>416</width>
		<height>416</height>
		<depth>3</depth>
	</size>
	<segmented>0</segmented>
	<object>
		<name>Clear plastic bottle</name>
		<pose>Unspecified</pose>
		<truncated>0</truncated>
		<difficult>0</difficult>
		<occluded>0</occluded>
		<bndbox>
			<xmin>169</xmin>
			<xmax>241</xmax>
			<ymin>248</ymin>
			<ymax>266</ymax>
		</bndbox>
		<polygon>
			<x1>168.878179</x1>
			<y1>253.73494</y1>
			<x2>168.182062</x2>
			<y2>256.39759</y2>
			<x3>168.738956</x3>
			<y3>263.837349</y3>
			<x4>171.24498</x4>
			<y4>264.542169</y4>
			<x5>173.472557</x5>
			<y5>262.819277</y5>
			<x6>182.522088</x6>
			<y6>262.114458</y6>
			<x7>195.330656</x7>
			<y7>258.903614</y7>
			<x8>199.925033</x8>
			<y8>258.042169</y8>
			<x9>200.899598</x9>
			<y9>258.825301</y9>
			<x10>198.532798</x10>
			<y10>260.783133</y10>
			<x11>208</x11>
			<y11>260.783133</y11>
			<x12>220.669344</x12>
			<y12>259.295181</y12>
			<x13>228.187416</x13>
			<y13>258.120482</y13>
			<x14>233.477912</x14>
			<y14>254.283133</y14>
			<x15>240.43909</x15>
			<y15>252.951807</y15>
			<x16>238.072289</x16>
			<y16>247.704819</y16>
			<x17>234.034806</x17>
			<y17>247.704819</y17>
			<x18>230.832664</x18>
			<y18>248.566265</y18>
			<x19>224.42838</x19>
			<y19>246.686747</y19>
			<x20>218.302544</x20>
			<y20>246.76506</y20>
			<x21>211.480589</x21>
			<y21>248.331325</y21>
			<x22>207.721553</x22>
			<y22>249.506024</y22>
			<x23>201.874163</x23>
			<y23>249.740964</y23>
			<x24>194.077644</x24>
			<y24>249.89759</y24>
			<x25>179.876841</x25>
			<y25>251.150602</y25>
			<x26>175.839357</x26>
			<y26>251.698795</y26>
			<x27>168.878179</x27>
			<y27>253.73494</y27>
		</polygon>
	</object>
	<object>
		<name>Cigarette</name>
		<pose>Unspecified</pose>
		<truncated>0</truncated>
		<difficult>0</difficult>
		<occluded>0</occluded>
		<bndbox>
			<xmin>207</xmin>
			<xmax>217</xmax>
			<ymin>210</ymin>
			<ymax>212</ymax>
		</bndbox>
		<polygon>
			<x1>216.353414</x1>
			<y1>209.174699</y1>
			<x2>207.303882</x2>
			<y2>208.548193</y2>
			<x3>206.468541</x3>
			<y3>210.114458</y3>
			<x4>215.935743</x4>
			<y4>210.89759</y4>
			<x5>216.353414</x5>
			<y5>209.174699</y5>
		</polygon>
	</object>
	<object>
		<name>Cigarette</name>
		<pose>Unspecified</pose>
		<truncated>0</truncated>
		<difficult>0</difficult>
		<occluded>0</occluded>
		<bndbox>
			<xmin>234</xmin>
			<xmax>244</xmax>
			<ymin>231</ymin>
			<ymax>233</ymax>
		</bndbox>
		<polygon>
			<x1>241.552878</x1>
			<y1>229.536145</y1>
			<x2>232.503347</x2>
			<y2>230.475904</y2>
			<x3>232.64257</x3>
			<y3>232.198795</y3>
			<x4>242.527443</x4>
			<y4>230.789157</y4>
			<x5>241.552878</x5>
			<y5>229.536145</y5>
		</polygon>
	</object>
	<object>
		<name>Cigarette</name>
		<pose>Unspecified</pose>
		<truncated>0</truncated>
		<difficult>0</difficult>
		<occluded>0</occluded>
		<bndbox>
			<xmin>342</xmin>
			<xmax>351</xmax>
			<ymin>169</ymin>
			<ymax>171</ymax>
		</bndbox>
		<polygon>
			<x1>349.590361</x1>
			<y1>167.903614</y1>
			<x2>341.236948</x2>
			<y2>169.078313</y2>
			<x3>341.933066</x3>
			<y3>170.096386</y3>
			<x4>350.425703</x4>
			<y4>169</y4>
			<x5>349.590361</x5>
			<y5>167.903614</y5>
		</polygon>
	</object>
	<object>
		<name>Cigarette</name>
		<pose>Unspecified</pose>
		<truncated>0</truncated>
		<difficult>0</difficult>
		<occluded>0</occluded>
		<bndbox>
			<xmin>265</xmin>
			<xmax>269</xmax>
			<ymin>174</ymin>
			<ymax>178</ymax>
		</bndbox>
		<polygon>
			<x1>268.283802</x1>
			<y1>173.542169</y1>
			<x2>265.777778</x2>
			<y2>173.463855</y2>
			<x3>263.689424</x3>
			<y3>176.518072</y3>
			<x4>265.360107</x4>
			<y4>177.222892</y4>
			<x5>268.283802</x5>
			<y5>173.542169</y5>
		</polygon>
	</object>
	<object>
		<name>Cigarette</name>
		<pose>Unspecified</pose>
		<truncated>0</truncated>
		<difficult>0</difficult>
		<occluded>0</occluded>
		<bndbox>
			<xmin>101</xmin>
			<xmax>114</xmax>
			<ymin>266</ymin>
			<ymax>268</ymax>
		</bndbox>
		<polygon>
			<x1>112.771084</x1>
			<y1>266.656627</y1>
			<x2>113.188755</x2>
			<y2>265.560241</y2>
			<x3>101.215529</x3>
			<y3>264.777108</y3>
			<x4>100.240964</x4>
			<y4>266.891566</y4>
			<x5>108.872825</x5>
			<y5>266.891566</y5>
			<x6>112.771084</x6>
			<y6>266.656627</y6>
		</polygon>
	</object>
	<object>
		<name>Cigarette</name>
		<pose>Unspecified</pose>
		<truncated>0</truncated>
		<difficult>0</difficult>
		<occluded>0</occluded>
		<bndbox>
			<xmin>207</xmin>
			<xmax>216</xmax>
			<ymin>337</ymin>
			<ymax>342</ymax>
		</bndbox>
		<polygon>
			<x1>212.31593</x1>
			<y1>338.939759</y1>
			<x2>214.961178</x2>
			<y2>336.668675</y2>
			<x3>212.733601</x3>
			<y3>335.963855</y3>
			<x4>206.190094</x4>
			<y4>339.487952</y4>
			<x5>207.164659</x5>
			<y5>340.740964</y5>
			<x6>209.392236</x6>
			<y6>340.740964</y6>
			<x7>212.31593</x7>
			<y7>338.939759</y7>
		</polygon>
	</object>
	<object>
		<name>Cigarette</name>
		<pose>Unspecified</pose>
		<truncated>0</truncated>
		<difficult>0</difficult>
		<occluded>0</occluded>
		<bndbox>
			<xmin>395</xmin>
			<xmax>399</xmax>
			<ymin>152</ymin>
			<ymax>155</ymax>
		</bndbox>
		<polygon>
			<x1>397.065596</x1>
			<y1>150.831325</y1>
			<x2>393.585007</x2>
			<y2>152.86747</y2>
			<x3>395.812584</x3>
			<y3>153.807229</y3>
			<x4>398.457831</x4>
			<y4>151.771084</y4>
			<x5>397.065596</x5>
			<y5>150.831325</y5>
		</polygon>
	</object>
	<object>
		<name>Cigarette</name>
		<pose>Unspecified</pose>
		<truncated>0</truncated>
		<difficult>0</difficult>
		<occluded>0</occluded>
		<bndbox>
			<xmin>397</xmin>
			<xmax>402</xmax>
			<ymin>84</ymin>
			<ymax>86</ymax>
		</bndbox>
		<polygon>
			<x1>396.369478</x1>
			<y1>83.403614</y1>
			<x2>396.508701</x2>
			<y2>84.5</y2>
			<x3>401.103079</x3>
			<y3>82.855422</y3>
			<x4>396.369478</x4>
			<y4>83.403614</y4>
		</polygon>
	</object>
	<object>
		<name>Cigarette</name>
		<pose>Unspecified</pose>
		<truncated>0</truncated>
		<difficult>0</difficult>
		<occluded>0</occluded>
		<bndbox>
			<xmin>392</xmin>
			<xmax>398</xmax>
			<ymin>99</ymin>
			<ymax>101</ymax>
		</bndbox>
		<polygon>
			<x1>397.065596</x1>
			<y1>98.831325</y1>
			<x2>391.35743</x2>
			<y2>98.126506</y2>
			<x3>390.522088</x3>
			<y3>98.909639</y3>
			<x4>395.67336</x4>
			<y4>99.692771</y4>
			<x5>397.065596</x5>
			<y5>98.831325</y5>
		</polygon>
	</object>
	<object>
		<name>Cigarette</name>
		<pose>Unspecified</pose>
		<truncated>0</truncated>
		<difficult>0</difficult>
		<occluded>0</occluded>
		<bndbox>
			<xmin>325</xmin>
			<xmax>331</xmax>
			<ymin>101</ymin>
			<ymax>102</ymax>
		</bndbox>
		<polygon>
			<x1>329.124498</x1>
			<y1>99.927711</y1>
			<x2>324.11245</x2>
			<y2>100.554217</y2>
			<x3>324.251673</x3>
			<y3>101.493976</y3>
			<x4>329.681392</x4>
			<y4>100.789157</y4>
			<x5>329.124498</x5>
			<y5>99.927711</y5>
		</polygon>
	</object>
	<object>
		<name>Cigarette</name>
		<pose>Unspecified</pose>
		<truncated>0</truncated>
		<difficult>0</difficult>
		<occluded>0</occluded>
		<bndbox>
			<xmin>330</xmin>
			<xmax>335</xmax>
			<ymin>105</ymin>
			<ymax>107</ymax>
		</bndbox>
		<polygon>
			<x1>334.136546</x1>
			<y1>104.313253</y1>
			<x2>332.187416</x2>
			<y2>104</y2>
			<x3>329.402945</x3>
			<y3>105.566265</y3>
			<x4>331.908969</x4>
			<y4>105.722892</y4>
			<x5>334.136546</x5>
			<y5>104.313253</y5>
		</polygon>
	</object>
	<object>
		<name>Cigarette</name>
		<pose>Unspecified</pose>
		<truncated>0</truncated>
		<difficult>0</difficult>
		<occluded>0</occluded>
		<bndbox>
			<xmin>170</xmin>
			<xmax>177</xmax>
			<ymin>129</ymin>
			<ymax>130</ymax>
		</bndbox>
		<polygon>
			<x1>176.396252</x1>
			<y1>127.572289</y1>
			<x2>169.156627</x2>
			<y2>127.728916</y2>
			<x3>169.156627</x3>
			<y3>128.668675</y3>
			<x4>175.839357</x4>
			<y4>128.590361</y4>
			<x5>176.396252</x5>
			<y5>127.572289</y5>
		</polygon>
	</object>
	<object>
		<name>Cigarette</name>
		<pose>Unspecified</pose>
		<truncated>0</truncated>
		<difficult>0</difficult>
		<occluded>0</occluded>
		<bndbox>
			<xmin>182</xmin>
			<xmax>189</xmax>
			<ymin>122</ymin>
			<ymax>124</ymax>
		</bndbox>
		<polygon>
			<x1>188.091031</x1>
			<y1>121.072289</y1>
			<x2>180.990629</x2>
			<y2>122.246988</y2>
			<x3>181.4083</x3>
			<y3>123.03012</y3>
			<x4>187.812584</x4>
			<y4>122.325301</y4>
			<x5>188.091031</x5>
			<y5>121.072289</y5>
		</polygon>
	</object>
	<object>
		<name>Cigarette</name>
		<pose>Unspecified</pose>
		<truncated>0</truncated>
		<difficult>0</difficult>
		<occluded>0</occluded>
		<bndbox>
			<xmin>261</xmin>
			<xmax>268</xmax>
			<ymin>120</ymin>
			<ymax>122</ymax>
		</bndbox>
		<polygon>
			<x1>266.613119</x1>
			<y1>119.271084</y1>
			<x2>259.512718</x2>
			<y2>119.89759</y2>
			<x3>259.651941</x3>
			<y3>121.463855</y3>
			<x4>266.473896</x4>
			<y4>120.445783</y4>
			<x5>266.613119</x5>
			<y5>119.271084</y5>
		</polygon>
	</object>
	<object>
		<name>Cigarette</name>
		<pose>Unspecified</pose>
		<truncated>0</truncated>
		<difficult>0</difficult>
		<occluded>0</occluded>
		<bndbox>
			<xmin>246</xmin>
			<xmax>250</xmax>
			<ymin>115</ymin>
			<ymax>118</ymax>
		</bndbox>
		<polygon>
			<x1>245.033467</x1>
			<y1>114.259036</y1>
			<x2>246.982597</x2>
			<y2>117.156627</y2>
			<x3>249.488621</x3>
			<y3>116.53012</y3>
			<x4>247.817938</x4>
			<y4>114.024096</y4>
			<x5>245.033467</x5>
			<y5>114.259036</y5>
		</polygon>
	</object>
	<object>
		<name>Cigarette</name>
		<pose>Unspecified</pose>
		<truncated>0</truncated>
		<difficult>0</difficult>
		<occluded>0</occluded>
		<bndbox>
			<xmin>201</xmin>
			<xmax>204</xmax>
			<ymin>119</ymin>
			<ymax>122</ymax>
		</bndbox>
		<polygon>
			<x1>201.178046</x1>
			<y1>118.174699</y1>
			<x2>200.342704</x2>
			<y2>120.36747</y2>
			<x3>202.570281</x3>
			<y3>120.759036</y3>
			<x4>202.709505</x4>
			<y4>118.409639</y4>
			<x5>201.178046</x5>
			<y5>118.174699</y5>
		</polygon>
	</object>
	<object>
		<name>Cigarette</name>
		<pose>Unspecified</pose>
		<truncated>0</truncated>
		<difficult>0</difficult>
		<occluded>0</occluded>
		<bndbox>
			<xmin>102</xmin>
			<xmax>109</xmax>
			<ymin>140</ymin>
			<ymax>142</ymax>
		</bndbox>
		<polygon>
			<x1>102.468541</x1>
			<y1>141.198795</y1>
			<x2>107.89826</x2>
			<y2>140.10241</y2>
			<x3>107.341365</x3>
			<y3>139.162651</y3>
			<x4>101.493976</x4>
			<y4>140.024096</y4>
			<x5>102.468541</x5>
			<y5>141.198795</y5>
		</polygon>
	</object>
	<object>
		<name>Cigarette</name>
		<pose>Unspecified</pose>
		<truncated>0</truncated>
		<difficult>0</difficult>
		<occluded>0</occluded>
		<bndbox>
			<xmin>21</xmin>
			<xmax>27</xmax>
			<ymin>186</ymin>
			<ymax>189</ymax>
		</bndbox>
		<polygon>
			<x1>20.465863</x1>
			<y1>187.951807</y1>
			<x2>25.756359</x2>
			<y2>185.054217</y2>
			<x3>24.085676</x3>
			<y3>184.740964</y3>
			<x4>19.908969</x4>
			<y4>187.012048</y4>
			<x5>20.465863</x5>
			<y5>187.951807</y5>
		</polygon>
	</object>
	<object>
		<name>Cigarette</name>
		<pose>Unspecified</pose>
		<truncated>0</truncated>
		<difficult>0</difficult>
		<occluded>0</occluded>
		<bndbox>
			<xmin>49</xmin>
			<xmax>53</xmax>
			<ymin>195</ymin>
			<ymax>198</ymax>
		</bndbox>
		<polygon>
			<x1>51.651941</x1>
			<y1>196.957831</y1>
			<x2>52.208835</x2>
			<y2>196.174699</y2>
			<x3>49.145917</x3>
			<y3>194.451807</y3>
			<x4>47.614458</x4>
			<y4>195.704819</y4>
			<x5>49.285141</x5>
			<y5>196.566265</y5>
			<x6>51.651941</x6>
			<y6>196.957831</y6>
		</polygon>
	</object>
	<object>
		<name>Cigarette</name>
		<pose>Unspecified</pose>
		<truncated>0</truncated>
		<difficult>0</difficult>
		<occluded>0</occluded>
		<bndbox>
			<xmin>152</xmin>
			<xmax>160</xmax>
			<ymin>267</ymin>
			<ymax>270</ymax>
		</bndbox>
		<polygon>
			<x1>158.575636</x1>
			<y1>265.951807</y1>
			<x2>150.91834</x2>
			<y2>267.439759</y2>
			<x3>151.614458</x3>
			<y3>269.319277</y3>
			<x4>157.461847</x4>
			<y4>268.144578</y4>
			<x5>158.575636</x5>
			<y5>265.951807</y5>
		</polygon>
	</object>
	<object>
		<name>Cigarette</name>
		<pose>Unspecified</pose>
		<truncated>0</truncated>
		<difficult>0</difficult>
		<occluded>0</occluded>
		<bndbox>
			<xmin>206</xmin>
			<xmax>214</xmax>
			<ymin>298</ymin>
			<ymax>303</ymax>
		</bndbox>
		<polygon>
			<x1>212.594378</x1>
			<y1>296.572289</y1>
			<x2>205.215529</x2>
			<y2>301.506024</y2>
			<x3>208.417671</x3>
			<y3>301.506024</y3>
			<x4>213.429719</x4>
			<y4>298.921687</y4>
			<x5>212.594378</x5>
			<y5>296.572289</y5>
		</polygon>
	</object>
	<object>
		<name>Unlabeled litter</name>
		<pose>Unspecified</pose>
		<truncated>0</truncated>
		<difficult>0</difficult>
		<occluded>0</occluded>
		<bndbox>
			<xmin>301</xmin>
			<xmax>306</xmax>
			<ymin>150</ymin>
			<ymax>152</ymax>
		</bndbox>
		<polygon>
			<x1>304.481928</x1>
			<y1>149.26506</y1>
			<x2>300.444444</x2>
			<y2>150.204819</y2>
			<x3>300.444444</x3>
			<y3>151.379518</y3>
			<x4>305.178046</x4>
			<y4>150.909639</y4>
			<x5>304.481928</x5>
			<y5>149.26506</y5>
		</polygon>
	</object>
	<object>
		<name>Cigarette</name>
		<pose>Unspecified</pose>
		<truncated>0</truncated>
		<difficult>0</difficult>
		<occluded>0</occluded>
		<bndbox>
			<xmin>93</xmin>
			<xmax>99</xmax>
			<ymin>222</ymin>
			<ymax>225</ymax>
		</bndbox>
		<polygon>
			<x1>94.950469</x1>
			<y1>220.843373</y1>
			<x2>92.165997</x2>
			<y2>224.054217</y2>
			<x3>95.925033</x3>
			<y3>223.819277</y3>
			<x4>97.73494</x4>
			<y4>221</y4>
			<x5>94.950469</x5>
			<y5>220.843373</y5>
		</polygon>
	</object>
	<object>
		<name>Cigarette</name>
		<pose>Unspecified</pose>
		<truncated>0</truncated>
		<difficult>0</difficult>
		<occluded>0</occluded>
		<bndbox>
			<xmin>17</xmin>
			<xmax>20</xmax>
			<ymin>177</ymin>
			<ymax>180</ymax>
		</bndbox>
		<polygon>
			<x1>18.795181</x1>
			<y1>175.656627</y1>
			<x2>16.846051</x2>
			<y2>175.813253</y2>
			<x3>16.42838</x3>
			<y3>178.554217</y3>
			<x4>18.655957</x4>
			<y4>178.63253</y4>
			<x5>17.681392</x5>
			<y5>177.301205</y5>
			<x6>18.795181</x6>
			<y6>175.656627</y6>
		</polygon>
	</object>
</annotation>
