<annotation>
	<folder></folder>
	<filename>000061_JPG.rf.cf1b77b2a076a307fd5a80562b84905b.jpg</filename>
	<path>000061_JPG.rf.cf1b77b2a076a307fd5a80562b84905b.jpg</path>
	<source>
		<database>roboflow.ai</database>
	</source>
	<size>
		<width>416</width>
		<height>416</height>
		<depth>3</depth>
	</size>
	<segmented>0</segmented>
	<object>
		<name>Pizza box</name>
		<pose>Unspecified</pose>
		<truncated>0</truncated>
		<difficult>0</difficult>
		<occluded>0</occluded>
		<bndbox>
			<xmin>139</xmin>
			<xmax>380</xmax>
			<ymin>94</ymin>
			<ymax>186</ymax>
		</bndbox>
		<polygon>
			<x1>373.176471</x1>
			<y1>137.009804</y1>
			<x2>379.294118</x2>
			<y2>122.607843</y2>
			<x3>261.529412</x3>
			<y3>96.607843</y3>
			<x4>243.51634</x4>
			<y4>92.784314</y4>
			<x5>138.326797</x5>
			<y5>125.539216</y5>
			<x6>139.176471</x6>
			<y6>140.578431</y6>
			<x7>280.732026</x7>
			<y7>184.803922</y7>
			<x8>373.176471</x8>
			<y8>137.009804</y8>
		</polygon>
	</object>
	<object>
		<name>Disposable food container</name>
		<pose>Unspecified</pose>
		<truncated>0</truncated>
		<difficult>0</difficult>
		<occluded>0</occluded>
		<bndbox>
			<xmin>183</xmin>
			<xmax>244</xmax>
			<ymin>76</ymin>
			<ymax>105</ymax>
		</bndbox>
		<polygon>
			<x1>188.96732</x1>
			<y1>100.558824</y1>
			<x2>191.006536</x2>
			<y2>102.343137</y2>
			<x3>195.594771</x3>
			<y3>103.490196</y3>
			<x4>206.980392</x4>
			<y4>104</y4>
			<x5>220.065359</x5>
			<y5>99.921569</y5>
			<x6>232.300654</x6>
			<y6>95.843137</y6>
			<x7>237.568627</x7>
			<y7>91.764706</y7>
			<x8>238.588235</x8>
			<y8>85.77451</y8>
			<x9>242.836601</x9>
			<y9>82.205882</y9>
			<x10>241.986928</x10>
			<y10>80.931373</y10>
			<x11>239.607843</x11>
			<y11>79.27451</y11>
			<x12>237.568627</x12>
			<y12>77.617647</y12>
			<x13>234</x13>
			<y13>75.705882</y13>
			<x14>204.261438</x14>
			<y14>74.558824</y14>
			<x15>202.052288</x15>
			<y15>75.578431</y15>
			<x16>199.503268</x16>
			<y16>76.980392</y16>
			<x17>189.816993</x17>
			<y17>83.862745</y17>
			<x18>189.477124</x18>
			<y18>85.009804</y18>
			<x19>181.660131</x19>
			<y19>92.147059</y19>
			<x20>183.359477</x20>
			<y20>92.911765</y20>
			<x21>187.777778</x21>
			<y21>94.823529</y21>
			<x22>188.96732</x22>
			<y22>100.558824</y22>
		</polygon>
	</object>
</annotation>
