<annotation>
	<folder></folder>
	<filename>000079_jpg.rf.34e3ecad0715f994fa48c7756daa0681.jpg</filename>
	<path>000079_jpg.rf.34e3ecad0715f994fa48c7756daa0681.jpg</path>
	<source>
		<database>roboflow.ai</database>
	</source>
	<size>
		<width>416</width>
		<height>416</height>
		<depth>3</depth>
	</size>
	<segmented>0</segmented>
	<object>
		<name>Plastic bottle cap</name>
		<pose>Unspecified</pose>
		<truncated>0</truncated>
		<difficult>0</difficult>
		<occluded>0</occluded>
		<bndbox>
			<xmin>178</xmin>
			<xmax>183</xmax>
			<ymin>141</ymin>
			<ymax>144</ymax>
		</bndbox>
		<polygon>
			<x1>179.035088</x1>
			<y1>140.4</y1>
			<x2>176.754386</x2>
			<y2>141.648</y2>
			<x3>178.807018</x3>
			<y3>142.584</y3>
			<x4>182.45614</x4>
			<y4>142.168</y4>
			<x5>182</x5>
			<y5>140.816</y5>
			<x6>179.035088</x6>
			<y6>140.4</y6>
		</polygon>
	</object>
	<object>
		<name>Clear plastic bottle</name>
		<pose>Unspecified</pose>
		<truncated>0</truncated>
		<difficult>0</difficult>
		<occluded>0</occluded>
		<bndbox>
			<xmin>223</xmin>
			<xmax>242</xmax>
			<ymin>170</ymin>
			<ymax>181</ymax>
		</bndbox>
		<polygon>
			<x1>236.736842</x1>
			<y1>180.336</y1>
			<x2>241.298246</x2>
			<y2>178.88</y2>
			<x3>238.561404</x3>
			<y3>172.12</y3>
			<x4>235.140351</x4>
			<y4>171.184</y4>
			<x5>234.684211</x5>
			<y5>169.312</y5>
			<x6>231.719298</x6>
			<y6>169.104</y6>
			<x7>227.157895</x7>
			<y7>169.416</y7>
			<x8>226.473684</x8>
			<y8>171.08</y8>
			<x9>222.140351</x9>
			<y9>173.68</y9>
			<x10>221.912281</x10>
			<y10>179.192</y10>
			<x11>224.649123</x11>
			<y11>179.192</y11>
			<x12>226.929825</x12>
			<y12>180.024</y12>
			<x13>236.736842</x13>
			<y13>180.336</y13>
		</polygon>
	</object>
</annotation>
