<annotation>
	<folder></folder>
	<filename>000095_jpg.rf.7337cd720a04ccde492560fd12818ec3.jpg</filename>
	<path>000095_jpg.rf.7337cd720a04ccde492560fd12818ec3.jpg</path>
	<source>
		<database>roboflow.ai</database>
	</source>
	<size>
		<width>416</width>
		<height>416</height>
		<depth>3</depth>
	</size>
	<segmented>0</segmented>
	<object>
		<name>Drink carton</name>
		<pose>Unspecified</pose>
		<truncated>0</truncated>
		<difficult>0</difficult>
		<occluded>0</occluded>
		<bndbox>
			<xmin>228</xmin>
			<xmax>274</xmax>
			<ymin>105</ymin>
			<ymax>121</ymax>
		</bndbox>
		<polygon>
			<x1>271.859649</x1>
			<y1>112.112</y1>
			<x2>273</x2>
			<y2>107.536</y2>
			<x3>262.280702</x3>
			<y3>103.584</y3>
			<x4>230.578947</x4>
			<y4>112.112</y4>
			<x5>226.929825</x5>
			<y5>116.792</y5>
			<x6>236.508772</x6>
			<y6>119.496</y6>
			<x7>242.894737</x7>
			<y7>119.6</y7>
			<x8>271.859649</x8>
			<y8>112.112</y8>
		</polygon>
	</object>
	<object>
		<name>Drink carton</name>
		<pose>Unspecified</pose>
		<truncated>0</truncated>
		<difficult>0</difficult>
		<occluded>0</occluded>
		<bndbox>
			<xmin>198</xmin>
			<xmax>240</xmax>
			<ymin>163</ymin>
			<ymax>186</ymax>
		</bndbox>
		<polygon>
			<x1>210.280702</x1>
			<y1>162.032</y1>
			<x2>198.421053</x2>
			<y2>165.36</y2>
			<x3>196.824561</x3>
			<y3>170.04</y3>
			<x4>225.105263</x4>
			<y4>184.912</y4>
			<x5>236.280702</x5>
			<y5>182.312</y5>
			<x6>239.017544</x6>
			<y6>177.528</y6>
			<x7>210.280702</x7>
			<y7>162.032</y7>
		</polygon>
	</object>
	<object>
		<name>Plastic straw</name>
		<pose>Unspecified</pose>
		<truncated>0</truncated>
		<difficult>0</difficult>
		<occluded>0</occluded>
		<bndbox>
			<xmin>202</xmin>
			<xmax>209</xmax>
			<ymin>159</ymin>
			<ymax>164</ymax>
		</bndbox>
		<polygon>
			<x1>200.929825</x1>
			<y1>157.768</y1>
			<x2>204.807018</x2>
			<y2>163.488</y2>
			<x3>207.77193</x3>
			<y3>163.384</y3>
			<x4>203.210526</x4>
			<y4>158.184</y4>
			<x5>200.929825</x5>
			<y5>157.768</y5>
		</polygon>
	</object>
	<object>
		<name>Unlabeled litter</name>
		<pose>Unspecified</pose>
		<truncated>0</truncated>
		<difficult>0</difficult>
		<occluded>0</occluded>
		<bndbox>
			<xmin>100</xmin>
			<xmax>118</xmax>
			<ymin>151</ymin>
			<ymax>156</ymax>
		</bndbox>
		<polygon>
			<x1>117.22807</x1>
			<y1>151.32</y1>
			<x2>114.035088</x2>
			<y2>149.656</y2>
			<x3>108.333333</x3>
			<y3>150.28</y3>
			<x4>99.210526</x4>
			<y4>150.176</y4>
			<x5>103.315789</x5>
			<y5>155.272</y5>
			<x6>110.385965</x6>
			<y6>155.168</y6>
			<x7>116.087719</x7>
			<y7>153.92</y7>
			<x8>117.22807</x8>
			<y8>151.32</y8>
		</polygon>
	</object>
	<object>
		<name>Unlabeled litter</name>
		<pose>Unspecified</pose>
		<truncated>0</truncated>
		<difficult>0</difficult>
		<occluded>0</occluded>
		<bndbox>
			<xmin>92</xmin>
			<xmax>132</xmax>
			<ymin>193</ymin>
			<ymax>203</ymax>
		</bndbox>
		<polygon>
			<x1>128.631579</x1>
			<y1>201.656</y1>
			<x2>131.368421</x2>
			<y2>196.768</y2>
			<x3>109.017544</x3>
			<y3>192.088</y3>
			<x4>96.017544</x4>
			<y4>191.984</y4>
			<x5>91.45614</x5>
			<y5>197.184</y5>
			<x6>100.578947</x6>
			<y6>197.288</y6>
			<x7>111.526316</x7>
			<y7>198.952</y7>
			<x8>128.631579</x8>
			<y8>201.656</y8>
		</polygon>
	</object>
	<object>
		<name>Other plastic wrapper</name>
		<pose>Unspecified</pose>
		<truncated>0</truncated>
		<difficult>0</difficult>
		<occluded>0</occluded>
		<bndbox>
			<xmin>44</xmin>
			<xmax>78</xmax>
			<ymin>290</ymin>
			<ymax>299</ymax>
		</bndbox>
		<polygon>
			<x1>68.192982</x1>
			<y1>295.776</y1>
			<x2>76.631579</x2>
			<y2>293.384</y2>
			<x3>71.614035</x3>
			<y3>290.264</y3>
			<x4>66.596491</x4>
			<y4>290.992</y4>
			<x5>59.982456</x5>
			<y5>289.328</y5>
			<x6>54.736842</x6>
			<y6>290.16</y6>
			<x7>49.947368</x7>
			<y7>291.824</y7>
			<x8>45.385965</x8>
			<y8>292.656</y8>
			<x9>43.105263</x9>
			<y9>294.944</y9>
			<x10>46.982456</x10>
			<y10>298.168</y10>
			<x11>56.333333</x11>
			<y11>297.752</y11>
			<x12>61.350877</x12>
			<y12>297.128</y12>
			<x13>68.192982</x13>
			<y13>295.776</y13>
		</polygon>
	</object>
	<object>
		<name>Other plastic wrapper</name>
		<pose>Unspecified</pose>
		<truncated>0</truncated>
		<difficult>0</difficult>
		<occluded>0</occluded>
		<bndbox>
			<xmin>126</xmin>
			<xmax>144</xmax>
			<ymin>383</ymin>
			<ymax>401</ymax>
		</bndbox>
		<polygon>
			<x1>143.45614</x1>
			<y1>396.552</y1>
			<x2>140.035088</x2>
			<y2>392.392</y2>
			<x3>142.54386</x3>
			<y3>387.816</y3>
			<x4>143</x4>
			<y4>385.424</y4>
			<x5>132.052632</x5>
			<y5>382.2</y5>
			<x6>124.982456</x6>
			<y6>382.928</y6>
			<x7>124.982456</x7>
			<y7>386.88</y7>
			<x8>129.54386</x8>
			<y8>399.048</y8>
			<x9>137.298246</x9>
			<y9>400.088</y9>
			<x10>141.403509</x10>
			<y10>399.776</y10>
			<x11>143.45614</x11>
			<y11>396.552</y11>
		</polygon>
	</object>
	<object>
		<name>Unlabeled litter</name>
		<pose>Unspecified</pose>
		<truncated>0</truncated>
		<difficult>0</difficult>
		<occluded>0</occluded>
		<bndbox>
			<xmin>141</xmin>
			<xmax>162</xmax>
			<ymin>387</ymin>
			<ymax>404</ymax>
		</bndbox>
		<polygon>
			<x1>161.245614</x1>
			<y1>394.264</y1>
			<x2>159.877193</x2>
			<y2>389.064</y2>
			<x3>148.245614</x3>
			<y3>386.464</y3>
			<x4>150.298246</x4>
			<y4>388.44</y4>
			<x5>153.491228</x5>
			<y5>395.2</y5>
			<x6>152.350877</x6>
			<y6>396.864</y6>
			<x7>148.701754</x7>
			<y7>391.664</y7>
			<x8>144.140351</x8>
			<y8>386.048</y8>
			<x9>140.035088</x9>
			<y9>392.08</y9>
			<x10>143.45614</x10>
			<y10>396.448</y10>
			<x11>145.280702</x11>
			<y11>402.584</y11>
			<x12>154.403509</x12>
			<y12>402.064</y12>
			<x13>161.245614</x13>
			<y13>398.84</y13>
			<x14>161.245614</x14>
			<y14>394.264</y14>
		</polygon>
	</object>
	<object>
		<name>Unlabeled litter</name>
		<pose>Unspecified</pose>
		<truncated>0</truncated>
		<difficult>0</difficult>
		<occluded>0</occluded>
		<bndbox>
			<xmin>239</xmin>
			<xmax>267</xmax>
			<ymin>122</ymin>
			<ymax>130</ymax>
		</bndbox>
		<polygon>
			<x1>260.45614</x1>
			<y1>125.216</y1>
			<x2>255.894737</x2>
			<y2>123.552</y2>
			<x3>244.491228</x3>
			<y3>122.096</y3>
			<x4>237.649123</x4>
			<y4>121.16</y4>
			<x5>241.754386</x5>
			<y5>123.864</y5>
			<x6>257.491228</x6>
			<y6>126.776</y6>
			<x7>261.596491</x7>
			<y7>128.648</y7>
			<x8>266.157895</x8>
			<y8>126.776</y8>
			<x9>260.45614</x9>
			<y9>125.216</y9>
		</polygon>
	</object>
</annotation>
