<annotation>
	<folder></folder>
	<filename>000072_jpg.rf.df360d63b94f900582d09fdb2eb514f1.jpg</filename>
	<path>000072_jpg.rf.df360d63b94f900582d09fdb2eb514f1.jpg</path>
	<source>
		<database>roboflow.ai</database>
	</source>
	<size>
		<width>416</width>
		<height>416</height>
		<depth>3</depth>
	</size>
	<segmented>0</segmented>
	<object>
		<name>Drink can</name>
		<pose>Unspecified</pose>
		<truncated>0</truncated>
		<difficult>0</difficult>
		<occluded>0</occluded>
		<bndbox>
			<xmin>94</xmin>
			<xmax>131</xmax>
			<ymin>375</ymin>
			<ymax>405</ymax>
		</bndbox>
		<polygon>
			<x1>95.503268</x1>
			<y1>397.392157</y1>
			<x2>100.431373</x2>
			<y2>400.960784</y2>
			<x3>105.019608</x3>
			<y3>403.509804</y3>
			<x4>110.287582</x4>
			<y4>403.637255</y4>
			<x5>115.385621</x5>
			<y5>403.382353</y5>
			<x6>121.333333</x6>
			<y6>401.088235</y6>
			<x7>125.921569</x7>
			<y7>397.392157</y7>
			<x8>128.640523</x8>
			<y8>393.568627</y8>
			<x9>130</x9>
			<y9>388.72549</y9>
			<x10>129.320261</x10>
			<y10>382.862745</y10>
			<x11>126.261438</x11>
			<y11>378.784314</y11>
			<x12>120.823529</x12>
			<y12>375.088235</y12>
			<x13>113.51634</x13>
			<y13>373.813725</y13>
			<x14>107.568627</x14>
			<y14>374.323529</y14>
			<x15>100.601307</x15>
			<y15>378.147059</y15>
			<x16>96.352941</x16>
			<y16>382.22549</y16>
			<x17>93.633987</x17>
			<y17>385.794118</y17>
			<x18>93.294118</x18>
			<y18>392.039216</y18>
			<x19>95.503268</x19>
			<y19>397.392157</y19>
		</polygon>
	</object>
	<object>
		<name>Pop tab</name>
		<pose>Unspecified</pose>
		<truncated>0</truncated>
		<difficult>0</difficult>
		<occluded>0</occluded>
		<bndbox>
			<xmin>108</xmin>
			<xmax>116</xmax>
			<ymin>384</ymin>
			<ymax>393</ymax>
		</bndbox>
		<polygon>
			<x1>115.385621</x1>
			<y1>390</y1>
			<x2>114.705882</x2>
			<y2>385.029412</y2>
			<x3>113.51634</x3>
			<y3>383.245098</y3>
			<x4>110.457516</x4>
			<y4>382.607843</y4>
			<x5>107.228758</x5>
			<y5>384.264706</y5>
			<x6>107.568627</x6>
			<y6>391.019608</y6>
			<x7>109.947712</x7>
			<y7>392.166667</y7>
			<x8>112.836601</x8>
			<y8>392.039216</y8>
			<x9>115.385621</x9>
			<y9>390</y9>
		</polygon>
	</object>
	<object>
		<name>Disposable plastic cup</name>
		<pose>Unspecified</pose>
		<truncated>0</truncated>
		<difficult>0</difficult>
		<occluded>0</occluded>
		<bndbox>
			<xmin>368</xmin>
			<xmax>416</xmax>
			<ymin>235</ymin>
			<ymax>271</ymax>
		</bndbox>
		<polygon>
			<x1>373.346405</x1>
			<y1>267.264706</y1>
			<x2>379.294118</x2>
			<y2>270.196078</y2>
			<x3>383.03268</x3>
			<y3>270.45098</y3>
			<x4>414.980392</x4>
			<y4>257.323529</y4>
			<x5>415.150327</x5>
			<y5>242.794118</y5>
			<x6>411.751634</x6>
			<y6>239.22549</y6>
			<x7>403.084967</x7>
			<y7>234.892157</y7>
			<x8>396.457516</x8>
			<y8>234.382353</y8>
			<x9>396.117647</x9>
			<y9>236.803922</y9>
			<x10>367.228758</x10>
			<y10>257.578431</y10>
			<x11>366.888889</x11>
			<y11>260.127451</y11>
			<x12>369.607843</x12>
			<y12>263.696078</y12>
			<x13>373.346405</x13>
			<y13>267.264706</y13>
		</polygon>
	</object>
</annotation>
