<annotation>
	<folder></folder>
	<filename>000012_jpg.rf.5da839bba92f2a18f3e36e4e527b8661.jpg</filename>
	<path>000012_jpg.rf.5da839bba92f2a18f3e36e4e527b8661.jpg</path>
	<source>
		<database>roboflow.ai</database>
	</source>
	<size>
		<width>416</width>
		<height>416</height>
		<depth>3</depth>
	</size>
	<segmented>0</segmented>
	<object>
		<name>Plastic film</name>
		<pose>Unspecified</pose>
		<truncated>0</truncated>
		<difficult>0</difficult>
		<occluded>0</occluded>
		<bndbox>
			<xmin>176</xmin>
			<xmax>211</xmax>
			<ymin>217</ymin>
			<ymax>260</ymax>
		</bndbox>
		<polygon>
			<x1>176.77451</x1>
			<y1>226.183007</y1>
			<x2>184.166667</x2>
			<y2>237.398693</y2>
			<x3>189.77451</x3>
			<y3>242.326797</y3>
			<x4>197.931373</x4>
			<y4>248.444444</y4>
			<x5>198.186275</x5>
			<y5>252.862745</y5>
			<x6>202.519608</x6>
			<y6>258.470588</y6>
			<x7>207.107843</x7>
			<y7>258.810458</y7>
			<x8>209.529412</x8>
			<y8>255.411765</y8>
			<x9>207.617647</x9>
			<y9>253.712418</y9>
			<x10>209.019608</x10>
			<y10>251.333333</y10>
			<x11>202.647059</x11>
			<y11>247.084967</y11>
			<x12>194.107843</x12>
			<y12>237.738562</y12>
			<x13>187.098039</x13>
			<y13>228.901961</y13>
			<x14>182.254902</x14>
			<y14>220.405229</y14>
			<x15>177.666667</x15>
			<y15>215.816993</y15>
			<x16>175.117647</x16>
			<y16>222.444444</y16>
			<x17>176.77451</x17>
			<y17>226.183007</y17>
		</polygon>
	</object>
</annotation>
