<annotation>
	<folder></folder>
	<filename>000025_jpg.rf.c33aa98142931d309ed96b73da0d758c.jpg</filename>
	<path>000025_jpg.rf.c33aa98142931d309ed96b73da0d758c.jpg</path>
	<source>
		<database>roboflow.ai</database>
	</source>
	<size>
		<width>416</width>
		<height>416</height>
		<depth>3</depth>
	</size>
	<segmented>0</segmented>
	<object>
		<name>Pop tab</name>
		<pose>Unspecified</pose>
		<truncated>0</truncated>
		<difficult>0</difficult>
		<occluded>0</occluded>
		<bndbox>
			<xmin>234</xmin>
			<xmax>239</xmax>
			<ymin>193</ymin>
			<ymax>198</ymax>
		</bndbox>
		<polygon>
			<x1>235.625</x1>
			<y1>191.75</y1>
			<x2>232.916667</x2>
			<y2>194.1875</y2>
			<x3>234.541667</x3>
			<y3>196.625</y3>
			<x4>237.791667</x4>
			<y4>192.96875</y4>
			<x5>235.625</x5>
			<y5>191.75</y5>
		</polygon>
	</object>
	<object>
		<name>Cigarette</name>
		<pose>Unspecified</pose>
		<truncated>0</truncated>
		<difficult>0</difficult>
		<occluded>0</occluded>
		<bndbox>
			<xmin>181</xmin>
			<xmax>187</xmax>
			<ymin>202</ymin>
			<ymax>208</ymax>
		</bndbox>
		<polygon>
			<x1>184.166667</x1>
			<y1>201.296875</y1>
			<x2>180.375</x2>
			<y2>204.546875</y2>
			<x3>181.458333</x3>
			<y3>206.578125</y3>
			<x4>186.0625</x4>
			<y4>203.53125</y4>
			<x5>184.166667</x5>
			<y5>201.296875</y5>
		</polygon>
	</object>
	<object>
		<name>Cigarette</name>
		<pose>Unspecified</pose>
		<truncated>0</truncated>
		<difficult>0</difficult>
		<occluded>0</occluded>
		<bndbox>
			<xmin>299</xmin>
			<xmax>305</xmax>
			<ymin>218</ymin>
			<ymax>222</ymax>
		</bndbox>
		<polygon>
			<x1>304.416667</x1>
			<y1>218.359375</y1>
			<x2>299.8125</x2>
			<y2>216.53125</y2>
			<x3>298.1875</x3>
			<y3>218.765625</y3>
			<x4>303.333333</x4>
			<y4>220.59375</y4>
			<x5>304.416667</x5>
			<y5>218.359375</y5>
		</polygon>
	</object>
	<object>
		<name>Cigarette</name>
		<pose>Unspecified</pose>
		<truncated>0</truncated>
		<difficult>0</difficult>
		<occluded>0</occluded>
		<bndbox>
			<xmin>334</xmin>
			<xmax>338</xmax>
			<ymin>249</ymin>
			<ymax>256</ymax>
		</bndbox>
		<polygon>
			<x1>333.395833</x1>
			<y1>249.03125</y1>
			<x2>333.666667</x2>
			<y2>253.296875</y2>
			<x3>336.375</x3>
			<y3>254.515625</y3>
			<x4>336.645833</x4>
			<y4>248.421875</y4>
			<x5>333.395833</x5>
			<y5>249.03125</y5>
		</polygon>
	</object>
	<object>
		<name>Cigarette</name>
		<pose>Unspecified</pose>
		<truncated>0</truncated>
		<difficult>0</difficult>
		<occluded>0</occluded>
		<bndbox>
			<xmin>201</xmin>
			<xmax>208</xmax>
			<ymin>45</ymin>
			<ymax>50</ymax>
		</bndbox>
		<polygon>
			<x1>206.916667</x1>
			<y1>46.71875</y1>
			<x2>201.770833</x2>
			<y2>43.875</y2>
			<x3>199.604167</x3>
			<y3>46.921875</y3>
			<x4>206.916667</x4>
			<y4>49.359375</y4>
			<x5>206.916667</x5>
			<y5>46.71875</y5>
		</polygon>
	</object>
</annotation>
