<annotation>
	<folder></folder>
	<filename>000056_jpg.rf.991d485459ed4435b2bc245e44502c2b.jpg</filename>
	<path>000056_jpg.rf.991d485459ed4435b2bc245e44502c2b.jpg</path>
	<source>
		<database>roboflow.ai</database>
	</source>
	<size>
		<width>416</width>
		<height>416</height>
		<depth>3</depth>
	</size>
	<segmented>0</segmented>
	<object>
		<name>Tissues</name>
		<pose>Unspecified</pose>
		<truncated>0</truncated>
		<difficult>0</difficult>
		<occluded>0</occluded>
		<bndbox>
			<xmin>89</xmin>
			<xmax>143</xmax>
			<ymin>374</ymin>
			<ymax>408</ymax>
		</bndbox>
		<polygon>
			<x1>111.6</x1>
			<y1>406.4</y1>
			<x2>110.4</x2>
			<y2>398.3</y2>
			<x3>113.866667</x3>
			<y3>392.8</y3>
			<x4>120</x4>
			<y4>393.8</y4>
			<x5>130.266667</x5>
			<y5>395.4</y5>
			<x6>132.666667</x6>
			<y6>398.9</y6>
			<x7>140.266667</x7>
			<y7>396.4</y7>
			<x8>141.2</x8>
			<y8>393</y8>
			<x9>142.133333</x9>
			<y9>386.6</y9>
			<x10>138.933333</x10>
			<y10>382.1</y10>
			<x11>135.066667</x11>
			<y11>383.3</y11>
			<x12>128.133333</x12>
			<y12>379.4</y12>
			<x13>112.8</x13>
			<y13>376.3</y13>
			<x14>99.066667</x14>
			<y14>373.4</y14>
			<x15>93.466667</x15>
			<y15>385.1</y15>
			<x16>93.2</x16>
			<y16>387.7</y16>
			<x17>92.666667</x17>
			<y17>393.5</y17>
			<x18>87.866667</x18>
			<y18>395.3</y18>
			<x19>90.4</x19>
			<y19>399.9</y19>
			<x20>96.8</x20>
			<y20>405.3</y20>
			<x21>102.666667</x21>
			<y21>406.5</y21>
			<x22>111.6</x22>
			<y22>406.4</y22>
		</polygon>
	</object>
	<object>
		<name>Disposable plastic cup</name>
		<pose>Unspecified</pose>
		<truncated>0</truncated>
		<difficult>0</difficult>
		<occluded>0</occluded>
		<bndbox>
			<xmin>204</xmin>
			<xmax>276</xmax>
			<ymin>89</ymin>
			<ymax>184</ymax>
		</bndbox>
		<polygon>
			<x1>221.866667</x1>
			<y1>181.8</y1>
			<x2>234.266667</x2>
			<y2>182.6</y2>
			<x3>241.866667</x3>
			<y3>181.6</y3>
			<x4>245.333333</x4>
			<y4>179.5</y4>
			<x5>247.6</x5>
			<y5>174.1</y5>
			<x6>258.933333</x6>
			<y6>136.9</y6>
			<x7>264.266667</x7>
			<y7>120.2</y7>
			<x8>266.8</x8>
			<y8>110.6</y8>
			<x9>268.133333</x9>
			<y9>109</y9>
			<x10>268.666667</x10>
			<y10>106.6</y10>
			<x11>274.666667</x11>
			<y11>105.1</y11>
			<x12>274</x12>
			<y12>103.7</y12>
			<x13>270.8</x13>
			<y13>102</y13>
			<x14>267.466667</x14>
			<y14>100.1</y14>
			<x15>261.6</x15>
			<y15>93.5</y15>
			<x16>257.466667</x16>
			<y16>91.2</y16>
			<x17>241.066667</x17>
			<y17>88.6</y17>
			<x18>226.133333</x18>
			<y18>88.3</y18>
			<x19>211.2</x19>
			<y19>89.1</y19>
			<x20>204</x20>
			<y20>93.4</y20>
			<x21>202.933333</x21>
			<y21>98.4</y21>
			<x22>209.2</x22>
			<y22>102.2</y22>
			<x23>209.2</x23>
			<y23>159.9</y23>
			<x24>209.333333</x24>
			<y24>176.6</y24>
			<x25>213.866667</x25>
			<y25>179.8</y25>
			<x26>221.866667</x26>
			<y26>181.8</y26>
		</polygon>
	</object>
	<object>
		<name>Plastic straw</name>
		<pose>Unspecified</pose>
		<truncated>0</truncated>
		<difficult>0</difficult>
		<occluded>0</occluded>
		<bndbox>
			<xmin>230</xmin>
			<xmax>247</xmax>
			<ymin>81</ymin>
			<ymax>183</ymax>
		</bndbox>
		<polygon>
			<x1>246.266667</x1>
			<y1>81</y1>
			<x2>242.133333</x2>
			<y2>80.2</y2>
			<x3>239.733333</x3>
			<y3>97</y3>
			<x4>228.933333</x4>
			<y4>180.6</y4>
			<x5>232.133333</x5>
			<y5>182.4</y5>
			<x6>234</x6>
			<y6>181.2</y6>
			<x7>246.266667</x7>
			<y7>81</y7>
		</polygon>
	</object>
	<object>
		<name>Plastic lid</name>
		<pose>Unspecified</pose>
		<truncated>0</truncated>
		<difficult>0</difficult>
		<occluded>0</occluded>
		<bndbox>
			<xmin>204</xmin>
			<xmax>276</xmax>
			<ymin>89</ymin>
			<ymax>108</ymax>
		</bndbox>
		<polygon>
			<x1>250</x1>
			<y1>106.7</y1>
			<x2>262.933333</x2>
			<y2>107.1</y2>
			<x3>275.333333</x3>
			<y3>105.6</y3>
			<x4>274.533333</x4>
			<y4>103.8</y4>
			<x5>270.266667</x5>
			<y5>101.5</y5>
			<x6>267.066667</x6>
			<y6>99.3</y6>
			<x7>263.6</x7>
			<y7>95.3</y7>
			<x8>260.8</x8>
			<y8>92.6</y8>
			<x9>257.733333</x9>
			<y9>91.3</y9>
			<x10>246.133333</x10>
			<y10>89.4</y10>
			<x11>240.4</x11>
			<y11>88.7</y11>
			<x12>229.866667</x12>
			<y12>88.3</y12>
			<x13>220</x13>
			<y13>88.6</y13>
			<x14>211.066667</x14>
			<y14>89.3</y14>
			<x15>203.6</x15>
			<y15>93.5</y15>
			<x16>202.8</x16>
			<y16>98.4</y16>
			<x17>208.266667</x17>
			<y17>101.7</y17>
			<x18>217.333333</x18>
			<y18>103.8</y18>
			<x19>234.666667</x19>
			<y19>105.6</y19>
			<x20>250</x20>
			<y20>106.7</y20>
		</polygon>
	</object>
	<object>
		<name>Normal paper</name>
		<pose>Unspecified</pose>
		<truncated>0</truncated>
		<difficult>0</difficult>
		<occluded>0</occluded>
		<bndbox>
			<xmin>108</xmin>
			<xmax>173</xmax>
			<ymin>1</ymin>
			<ymax>49</ymax>
		</bndbox>
		<polygon>
			<x1>146.044444</x1>
			<y1>0</y1>
			<x2>129.066667</x2>
			<y2>0.2</y2>
			<x3>121.466667</x3>
			<y3>4.1</y3>
			<x4>113.066667</x4>
			<y4>9.8</y4>
			<x5>112.666667</x5>
			<y5>12.6</y5>
			<x6>106.533333</x6>
			<y6>13.5</y6>
			<x7>108</x7>
			<y7>21.1</y7>
			<x8>110.133333</x8>
			<y8>27.6</y8>
			<x9>112.933333</x9>
			<y9>33.1</y9>
			<x10>119.2</x10>
			<y10>35.9</y10>
			<x11>126.666667</x11>
			<y11>32.6</y11>
			<x12>126.133333</x12>
			<y12>39.3</y12>
			<x13>120.533333</x13>
			<y13>40.3</y13>
			<x14>119.2</x14>
			<y14>45.2</y14>
			<x15>127.866667</x15>
			<y15>48.3</y15>
			<x16>142.666667</x16>
			<y16>43.2</y16>
			<x17>147.6</x17>
			<y17>34.3</y17>
			<x18>158.666667</x18>
			<y18>31</y18>
			<x19>162.933333</x19>
			<y19>29</y19>
			<x20>172.133333</x20>
			<y20>21.9</y20>
			<x21>164.8</x21>
			<y21>13.5</y21>
			<x22>160.4</x22>
			<y22>9.6</y22>
			<x23>164.133333</x23>
			<y23>3.9</y23>
			<x24>154.773333</x24>
			<y24>0</y24>
			<x25>146.044444</x25>
			<y25>0</y25>
		</polygon>
	</object>
	<object>
		<name>Cigarette</name>
		<pose>Unspecified</pose>
		<truncated>0</truncated>
		<difficult>0</difficult>
		<occluded>0</occluded>
		<bndbox>
			<xmin>98</xmin>
			<xmax>112</xmax>
			<ymin>7</ymin>
			<ymax>17</ymax>
		</bndbox>
		<polygon>
			<x1>110.8</x1>
			<y1>11</y1>
			<x2>108.666667</x2>
			<y2>6.9</y2>
			<x3>106.8</x3>
			<y3>6</y3>
			<x4>101.6</x4>
			<y4>9.1</y4>
			<x5>96.533333</x5>
			<y5>10.8</y5>
			<x6>96.666667</x6>
			<y6>13.8</y6>
			<x7>99.2</x7>
			<y7>15.5</y7>
			<x8>110.8</x8>
			<y8>11</y8>
		</polygon>
	</object>
	<object>
		<name>Other carton</name>
		<pose>Unspecified</pose>
		<truncated>0</truncated>
		<difficult>0</difficult>
		<occluded>0</occluded>
		<bndbox>
			<xmin>15</xmin>
			<xmax>82</xmax>
			<ymin>1</ymin>
			<ymax>95</ymax>
		</bndbox>
		<polygon>
			<x1>80.533333</x1>
			<y1>74.1</y1>
			<x2>81.333333</x2>
			<y2>70.3</y2>
			<x3>79.2</x3>
			<y3>66.8</y3>
			<x4>80.533333</x4>
			<y4>61.5</y4>
			<x5>80.666667</x5>
			<y5>48.1</y5>
			<x6>73.866667</x6>
			<y6>44.5</y6>
			<x7>59.6</x7>
			<y7>22.7</y7>
			<x8>45.866667</x8>
			<y8>1.3</y8>
			<x9>31.2</x9>
			<y9>0.3</y9>
			<x10>24</x10>
			<y10>8.6</y10>
			<x11>17.466667</x11>
			<y11>17.3</y11>
			<x12>14.133333</x12>
			<y12>23.6</y12>
			<x13>18.133333</x13>
			<y13>46.5</y13>
			<x14>34.933333</x14>
			<y14>67.5</y14>
			<x15>48.4</x15>
			<y15>85.9</y15>
			<x16>62</x16>
			<y16>93.8</y16>
			<x17>69.6</x17>
			<y17>78.4</y17>
			<x18>73.066667</x18>
			<y18>76.5</y18>
			<x19>80.533333</x19>
			<y19>74.1</y19>
		</polygon>
	</object>
	<object>
		<name>Paper bag</name>
		<pose>Unspecified</pose>
		<truncated>0</truncated>
		<difficult>0</difficult>
		<occluded>0</occluded>
		<bndbox>
			<xmin>68</xmin>
			<xmax>180</xmax>
			<ymin>120</ymin>
			<ymax>179</ymax>
		</bndbox>
		<polygon>
			<x1>125.6</x1>
			<y1>158.5</y1>
			<x2>128.933333</x2>
			<y2>159.1</y2>
			<x3>137.6</x3>
			<y3>164.8</y3>
			<x4>142</x4>
			<y4>169.6</y4>
			<x5>147.333333</x5>
			<y5>177.5</y5>
			<x6>149.2</x6>
			<y6>176.6</y6>
			<x7>154.133333</x7>
			<y7>168</y7>
			<x8>158.4</x8>
			<y8>167.4</y8>
			<x9>163.6</x9>
			<y9>163.5</y9>
			<x10>175.333333</x10>
			<y10>161.6</y10>
			<x11>176.266667</x11>
			<y11>158.9</y11>
			<x12>174.8</x12>
			<y12>154.1</y12>
			<x13>177.466667</x13>
			<y13>150.2</y13>
			<x14>179.466667</x14>
			<y14>137.9</y14>
			<x15>151.866667</x15>
			<y15>127.8</y15>
			<x16>130.8</x16>
			<y16>122</y16>
			<x17>120.266667</x17>
			<y17>120.6</y17>
			<x18>114.8</x18>
			<y18>121.8</y18>
			<x19>115.333333</x19>
			<y19>119.4</y19>
			<x20>111.066667</x20>
			<y20>122</y20>
			<x21>100.666667</x21>
			<y21>124.8</y21>
			<x22>99.2</x22>
			<y22>125.4</y22>
			<x23>95.466667</x23>
			<y23>122.8</y23>
			<x24>85.733333</x24>
			<y24>124.8</y24>
			<x25>80.8</x25>
			<y25>125.7</y25>
			<x26>76.8</x26>
			<y26>128.5</y26>
			<x27>72.666667</x27>
			<y27>131.4</y27>
			<x28>70.8</x28>
			<y28>134.6</y28>
			<x29>67.2</x29>
			<y29>138.2</y29>
			<x30>103.6</x30>
			<y30>154.2</y30>
			<x31>114.8</x31>
			<y31>150.1</y31>
			<x32>116.266667</x32>
			<y32>152.3</y32>
			<x33>125.6</x33>
			<y33>158.5</y33>
		</polygon>
	</object>
</annotation>
