<annotation>
	<folder></folder>
	<filename>000043_JPG.rf.72e6005c23ac5a97204b84d74e08d6e1.jpg</filename>
	<path>000043_JPG.rf.72e6005c23ac5a97204b84d74e08d6e1.jpg</path>
	<source>
		<database>roboflow.ai</database>
	</source>
	<size>
		<width>416</width>
		<height>416</height>
		<depth>3</depth>
	</size>
	<segmented>0</segmented>
	<object>
		<name>Paper cup</name>
		<pose>Unspecified</pose>
		<truncated>0</truncated>
		<difficult>0</difficult>
		<occluded>0</occluded>
		<bndbox>
			<xmin>219</xmin>
			<xmax>260</xmax>
			<ymin>129</ymin>
			<ymax>151</ymax>
		</bndbox>
		<polygon>
			<x1>219.72549</x1>
			<y1>130.764706</y1>
			<x2>217.51634</x2>
			<y2>133.568627</y2>
			<x3>217.51634</x3>
			<y3>135.480392</y3>
			<x4>221.594771</x4>
			<y4>139.176471</y4>
			<x5>227.542484</x5>
			<y5>143</y5>
			<x6>234.679739</x6>
			<y6>147.460784</y6>
			<x7>239.437908</x7>
			<y7>150.264706</y7>
			<x8>242.496732</x8>
			<y8>150.264706</y8>
			<x9>246.745098</x9>
			<y9>148.607843</y9>
			<x10>251.333333</x10>
			<y10>146.313725</y10>
			<x11>254.901961</x11>
			<y11>143.127451</y11>
			<x12>259.490196</x12>
			<y12>137.77451</y12>
			<x13>259.490196</x13>
			<y13>136.245098</y13>
			<x14>257.79085</x14>
			<y14>135.352941</y14>
			<x15>236.718954</x15>
			<y15>130.254902</y15>
			<x16>226.352941</x16>
			<y16>127.705882</y16>
			<x17>224.993464</x17>
			<y17>127.578431</y17>
			<x18>221.934641</x18>
			<y18>128.980392</y18>
			<x19>219.72549</x19>
			<y19>130.764706</y19>
		</polygon>
	</object>
	<object>
		<name>Other plastic</name>
		<pose>Unspecified</pose>
		<truncated>0</truncated>
		<difficult>0</difficult>
		<occluded>0</occluded>
		<bndbox>
			<xmin>155</xmin>
			<xmax>185</xmax>
			<ymin>368</ymin>
			<ymax>393</ymax>
		</bndbox>
		<polygon>
			<x1>154.980392</x1>
			<y1>369.607843</y1>
			<x2>153.960784</x2>
			<y2>369.735294</y2>
			<x3>153.960784</x3>
			<y3>371.009804</y3>
			<x4>155.830065</x4>
			<y4>373.558824</y4>
			<x5>159.228758</x5>
			<y5>376.235294</y5>
			<x6>162.287582</x6>
			<y6>378.784314</y6>
			<x7>163.30719</x7>
			<y7>378.784314</y7>
			<x8>167.555556</x8>
			<y8>382.480392</y8>
			<x9>170.27451</x9>
			<y9>384.137255</y9>
			<x10>173.843137</x10>
			<y10>387.45098</y10>
			<x11>175.882353</x11>
			<y11>389.107843</y11>
			<x12>178.941176</x12>
			<y12>389.235294</y12>
			<x13>179.281046</x13>
			<y13>388.980392</y13>
			<x14>180.640523</x14>
			<y14>389.872549</y14>
			<x15>184.20915</x15>
			<y15>391.911765</y15>
			<x16>184.039216</x16>
			<y16>390</y16>
			<x17>162.457516</x17>
			<y17>370.627451</y17>
			<x18>159.058824</x18>
			<y18>367.568627</y18>
			<x19>156.849673</x19>
			<y19>367.313725</y19>
			<x20>156.849673</x20>
			<y20>368.588235</y20>
			<x21>156.169935</x21>
			<y21>368.715686</y21>
			<x22>154.980392</x22>
			<y22>369.607843</y22>
		</polygon>
	</object>
	<object>
		<name>Other plastic</name>
		<pose>Unspecified</pose>
		<truncated>0</truncated>
		<difficult>0</difficult>
		<occluded>0</occluded>
		<bndbox>
			<xmin>160</xmin>
			<xmax>178</xmax>
			<ymin>387</ymin>
			<ymax>398</ymax>
		</bndbox>
		<polygon>
			<x1>160.75817</x1>
			<y1>390.127451</y1>
			<x2>164.156863</x2>
			<y2>390.892157</y2>
			<x3>167.385621</x3>
			<y3>392.166667</y3>
			<x4>174.862745</x4>
			<y4>396.5</y4>
			<x5>177.411765</x5>
			<y5>393.823529</y5>
			<x6>173.843137</x6>
			<y6>391.911765</y6>
			<x7>167.215686</x7>
			<y7>388.852941</y7>
			<x8>163.477124</x8>
			<y8>386.303922</y8>
			<x9>160.078431</x9>
			<y9>387.705882</y9>
			<x10>159.228758</x10>
			<y10>389.235294</y10>
			<x11>160.75817</x11>
			<y11>390.127451</y11>
		</polygon>
	</object>
	<object>
		<name>Unlabeled litter</name>
		<pose>Unspecified</pose>
		<truncated>0</truncated>
		<difficult>0</difficult>
		<occluded>0</occluded>
		<bndbox>
			<xmin>242</xmin>
			<xmax>253</xmax>
			<ymin>288</ymin>
			<ymax>296</ymax>
		</bndbox>
		<polygon>
			<x1>250.143791</x1>
			<y1>295.431373</y1>
			<x2>251.163399</x2>
			<y2>294.794118</y2>
			<x3>251.333333</x3>
			<y3>291.352941</y3>
			<x4>251.503268</x4>
			<y4>289.441176</y4>
			<x5>249.294118</x5>
			<y5>288.166667</y5>
			<x6>246.065359</x6>
			<y6>287.656863</y6>
			<x7>243.346405</x7>
			<y7>287.019608</y7>
			<x8>240.627451</x8>
			<y8>289.058824</y8>
			<x9>240.797386</x9>
			<y9>290.588235</y9>
			<x10>245.72549</x10>
			<y10>294.284314</y10>
			<x11>250.143791</x11>
			<y11>295.431373</y11>
		</polygon>
	</object>
	<object>
		<name>Cigarette</name>
		<pose>Unspecified</pose>
		<truncated>0</truncated>
		<difficult>0</difficult>
		<occluded>0</occluded>
		<bndbox>
			<xmin>226</xmin>
			<xmax>237</xmax>
			<ymin>347</ymin>
			<ymax>353</ymax>
		</bndbox>
		<polygon>
			<x1>225.333333</x1>
			<y1>351.254902</y1>
			<x2>227.03268</x2>
			<y2>352.019608</y2>
			<x3>235.869281</x3>
			<y3>348.705882</y3>
			<x4>234.169935</x4>
			<y4>346.156863</y4>
			<x5>224.993464</x5>
			<y5>349.215686</y5>
			<x6>225.333333</x6>
			<y6>351.254902</y6>
		</polygon>
	</object>
	<object>
		<name>Cigarette</name>
		<pose>Unspecified</pose>
		<truncated>0</truncated>
		<difficult>0</difficult>
		<occluded>0</occluded>
		<bndbox>
			<xmin>260</xmin>
			<xmax>265</xmax>
			<ymin>325</ymin>
			<ymax>333</ymax>
		</bndbox>
		<polygon>
			<x1>264.418301</x1>
			<y1>331.627451</y1>
			<x2>262.379085</x2>
			<y2>323.980392</y2>
			<x3>258.640523</x3>
			<y3>325</y3>
			<x4>260.679739</x4>
			<y4>331.882353</y4>
			<x5>262.039216</x5>
			<y5>332.137255</y5>
			<x6>264.078431</x6>
			<y6>332.392157</y6>
			<x7>264.418301</x7>
			<y7>331.627451</y7>
		</polygon>
	</object>
	<object>
		<name>Cigarette</name>
		<pose>Unspecified</pose>
		<truncated>0</truncated>
		<difficult>0</difficult>
		<occluded>0</occluded>
		<bndbox>
			<xmin>356</xmin>
			<xmax>365</xmax>
			<ymin>281</ymin>
			<ymax>287</ymax>
		</bndbox>
		<polygon>
			<x1>354.823529</x1>
			<y1>281.666667</y1>
			<x2>362.300654</x2>
			<y2>285.745098</y2>
			<x3>364.339869</x3>
			<y3>283.705882</y3>
			<x4>357.202614</x4>
			<y4>279.627451</y4>
			<x5>354.823529</x5>
			<y5>281.666667</y5>
		</polygon>
	</object>
	<object>
		<name>Cigarette</name>
		<pose>Unspecified</pose>
		<truncated>0</truncated>
		<difficult>0</difficult>
		<occluded>0</occluded>
		<bndbox>
			<xmin>387</xmin>
			<xmax>399</xmax>
			<ymin>272</ymin>
			<ymax>279</ymax>
		</bndbox>
		<polygon>
			<x1>389.490196</x1>
			<y1>278.098039</y1>
			<x2>397.647059</x2>
			<y2>272.745098</y2>
			<x3>394.588235</x3>
			<y3>270.705882</y3>
			<x4>386.431373</x4>
			<y4>276.058824</y4>
			<x5>389.490196</x5>
			<y5>278.098039</y5>
		</polygon>
	</object>
	<object>
		<name>Cigarette</name>
		<pose>Unspecified</pose>
		<truncated>0</truncated>
		<difficult>0</difficult>
		<occluded>0</occluded>
		<bndbox>
			<xmin>41</xmin>
			<xmax>50</xmax>
			<ymin>209</ymin>
			<ymax>216</ymax>
		</bndbox>
		<polygon>
			<x1>41.803922</x1>
			<y1>214.882353</y1>
			<x2>49.281046</x2>
			<y2>209.019608</y2>
			<x3>47.24183</x3>
			<y3>208</y3>
			<x4>40.104575</x4>
			<y4>213.607843</y4>
			<x5>41.803922</x5>
			<y5>214.882353</y5>
		</polygon>
	</object>
	<object>
		<name>Cigarette</name>
		<pose>Unspecified</pose>
		<truncated>0</truncated>
		<difficult>0</difficult>
		<occluded>0</occluded>
		<bndbox>
			<xmin>2</xmin>
			<xmax>12</xmax>
			<ymin>202</ymin>
			<ymax>206</ymax>
		</bndbox>
		<polygon>
			<x1>2.039216</x1>
			<y1>205.196078</y1>
			<x2>10.535948</x2>
			<y2>203.156863</y2>
			<x3>9.856209</x3>
			<y3>201.117647</y3>
			<x4>1.359477</x4>
			<y4>203.156863</y4>
			<x5>2.039216</x5>
			<y5>205.196078</y5>
		</polygon>
	</object>
	<object>
		<name>Cigarette</name>
		<pose>Unspecified</pose>
		<truncated>0</truncated>
		<difficult>0</difficult>
		<occluded>0</occluded>
		<bndbox>
			<xmin>103</xmin>
			<xmax>106</xmax>
			<ymin>146</ymin>
			<ymax>153</ymax>
		</bndbox>
		<polygon>
			<x1>105.019608</x1>
			<y1>152.431373</y1>
			<x2>104.339869</x2>
			<y2>145.039216</y2>
			<x3>101.960784</x3>
			<y3>145.294118</y3>
			<x4>101.960784</x4>
			<y4>152.431373</y4>
			<x5>105.019608</x5>
			<y5>152.431373</y5>
		</polygon>
	</object>
</annotation>
