<annotation>
	<folder></folder>
	<filename>000080_jpg.rf.e531ff42e087769f56273261de8ced28.jpg</filename>
	<path>000080_jpg.rf.e531ff42e087769f56273261de8ced28.jpg</path>
	<source>
		<database>roboflow.ai</database>
	</source>
	<size>
		<width>416</width>
		<height>416</height>
		<depth>3</depth>
	</size>
	<segmented>0</segmented>
	<object>
		<name>Cigarette</name>
		<pose>Unspecified</pose>
		<truncated>0</truncated>
		<difficult>0</difficult>
		<occluded>0</occluded>
		<bndbox>
			<xmin>33</xmin>
			<xmax>45</xmax>
			<ymin>40</ymin>
			<ymax>42</ymax>
		</bndbox>
		<polygon>
			<x1>33.015873</x1>
			<y1>38.793651</y1>
			<x2>31.731922</x2>
			<y2>40.134921</y2>
			<x3>42.737213</x3>
			<y3>41.373016</y3>
			<x4>44.388007</x4>
			<y4>39.619048</y4>
			<x5>33.015873</x5>
			<y5>38.793651</y5>
		</polygon>
	</object>
	<object>
		<name>Other plastic cup</name>
		<pose>Unspecified</pose>
		<truncated>0</truncated>
		<difficult>0</difficult>
		<occluded>0</occluded>
		<bndbox>
			<xmin>135</xmin>
			<xmax>183</xmax>
			<ymin>251</ymin>
			<ymax>282</ymax>
		</bndbox>
		<polygon>
			<x1>168.014109</x1>
			<y1>281.047619</y1>
			<x2>170.948854</x2>
			<y2>279.396825</y2>
			<x3>178.652557</x3>
			<y3>276.714286</y3>
			<x4>179.753086</x4>
			<y4>273.309524</y4>
			<x5>181.220459</x5>
			<y5>266.293651</y5>
			<x6>181.587302</x6>
			<y6>262.579365</y6>
			<x7>180.119929</x7>
			<y7>251.642857</y7>
			<x8>181.587302</x8>
			<y8>250.920635</y8>
			<x9>179.0194</x9>
			<y9>250.095238</y9>
			<x10>161.777778</x10>
			<y10>250.198413</y10>
			<x11>143.802469</x11>
			<y11>251.642857</y11>
			<x12>134.26455</x12>
			<y12>255.666667</y12>
			<x13>146.003527</x13>
			<y13>280.119048</y13>
			<x14>159.209877</x14>
			<y14>281.357143</y14>
			<x15>168.014109</x15>
			<y15>281.047619</y15>
		</polygon>
	</object>
</annotation>
