<annotation>
	<folder></folder>
	<filename>000030_jpg.rf.ffe30c34aad39dc4a15b4b51a706b999.jpg</filename>
	<path>000030_jpg.rf.ffe30c34aad39dc4a15b4b51a706b999.jpg</path>
	<source>
		<database>roboflow.ai</database>
	</source>
	<size>
		<width>416</width>
		<height>416</height>
		<depth>3</depth>
	</size>
	<segmented>0</segmented>
	<object>
		<name>Cigarette</name>
		<pose>Unspecified</pose>
		<truncated>0</truncated>
		<difficult>0</difficult>
		<occluded>0</occluded>
		<bndbox>
			<xmin>17</xmin>
			<xmax>39</xmax>
			<ymin>65</ymin>
			<ymax>77</ymax>
		</bndbox>
		<polygon>
			<x1>15.708333</x1>
			<y1>68.25</y1>
			<x2>34.9375</x2>
			<y2>75.5625</y2>
			<x3>38.1875</x3>
			<y3>71.296875</y3>
			<x4>18.6875</x4>
			<y4>63.78125</y4>
			<x5>15.708333</x5>
			<y5>68.25</y5>
		</polygon>
	</object>
	<object>
		<name>Drink can</name>
		<pose>Unspecified</pose>
		<truncated>0</truncated>
		<difficult>0</difficult>
		<occluded>0</occluded>
		<bndbox>
			<xmin>188</xmin>
			<xmax>251</xmax>
			<ymin>165</ymin>
			<ymax>221</ymax>
		</bndbox>
		<polygon>
			<x1>203.666667</x1>
			<y1>219.171875</y1>
			<x2>213.6875</x2>
			<y2>220.1875</y2>
			<x3>241.041667</x3>
			<y3>196.828125</y3>
			<x4>249.979167</x4>
			<y4>176.71875</y4>
			<x5>247.8125</x5>
			<y5>173.46875</y5>
			<x6>239.145833</x6>
			<y6>167.78125</y6>
			<x7>229.666667</x7>
			<y7>164.53125</y7>
			<x8>221.541667</x8>
			<y8>163.921875</y8>
			<x9>200.145833</x9>
			<y9>180.78125</y9>
			<x10>196.354167</x10>
			<y10>187.6875</y10>
			<x11>186.604167</x11>
			<y11>200.078125</y11>
			<x12>187.6875</x12>
			<y12>208</y12>
			<x13>195.8125</x13>
			<y13>215.109375</y13>
			<x14>203.666667</x14>
			<y14>219.171875</y14>
		</polygon>
	</object>
</annotation>
