<annotation>
	<folder></folder>
	<filename>000001_jpg.rf.3546a8d9dee772c931eaffb9014cde54.jpg</filename>
	<path>000001_jpg.rf.3546a8d9dee772c931eaffb9014cde54.jpg</path>
	<source>
		<database>roboflow.ai</database>
	</source>
	<size>
		<width>416</width>
		<height>416</height>
		<depth>3</depth>
	</size>
	<segmented>0</segmented>
	<object>
		<name>Other plastic bottle</name>
		<pose>Unspecified</pose>
		<truncated>0</truncated>
		<difficult>0</difficult>
		<occluded>0</occluded>
		<bndbox>
			<xmin>27</xmin>
			<xmax>74</xmax>
			<ymin>24</ymin>
			<ymax>115</ymax>
		</bndbox>
		<polygon>
			<x1>27.56</x1>
			<y1>111.982456</y1>
			<x2>30.992</x2>
			<y2>113.122807</y2>
			<x3>36.088</x3>
			<y3>110.842105</y3>
			<x4>41.912</x4>
			<y4>113.807018</y4>
			<x5>44.512</x5>
			<y5>112.210526</y5>
			<x6>49.712</x6>
			<y6>101.947368</y6>
			<x7>58.864</x7>
			<y7>83.701754</y7>
			<x8>68.224</x8>
			<y8>64.54386</y8>
			<x9>73.32</x9>
			<y9>50.403509</y9>
			<x10>71.24</x10>
			<y10>44.473684</y10>
			<x11>70.72</x11>
			<y11>39</y11>
			<x12>67.6</x12>
			<y12>34.894737</y12>
			<x13>58.032</x13>
			<y13>23.035088</y13>
			<x14>56.368</x14>
			<y14>23.263158</y14>
			<x15>26.416</x15>
			<y15>78.45614</y15>
			<x16>27.56</x16>
			<y16>97.157895</y16>
			<x17>25.688</x17>
			<y17>103.54386</y17>
			<x18>27.56</x18>
			<y18>111.982456</y18>
		</polygon>
	</object>
	<object>
		<name>Plastic bottle cap</name>
		<pose>Unspecified</pose>
		<truncated>0</truncated>
		<difficult>0</difficult>
		<occluded>0</occluded>
		<bndbox>
			<xmin>27</xmin>
			<xmax>35</xmax>
			<ymin>98</ymin>
			<ymax>114</ymax>
		</bndbox>
		<polygon>
			<x1>30.472</x1>
			<y1>113.350877</y1>
			<x2>33.696</x2>
			<y2>111.982456</y2>
			<x3>33.384</x3>
			<y3>109.017544</y3>
			<x4>32.344</x4>
			<y4>103.77193</y4>
			<x5>30.368</x5>
			<y5>99.894737</y5>
			<x6>27.768</x6>
			<y6>97.385965</y6>
			<x7>25.688</x7>
			<y7>103.54386</y7>
			<x8>27.56</x8>
			<y8>112.666667</y8>
			<x9>30.472</x9>
			<y9>113.350877</y9>
		</polygon>
	</object>
	<object>
		<name>Unlabeled litter</name>
		<pose>Unspecified</pose>
		<truncated>0</truncated>
		<difficult>0</difficult>
		<occluded>0</occluded>
		<bndbox>
			<xmin>32</xmin>
			<xmax>53</xmax>
			<ymin>18</ymin>
			<ymax>47</ymax>
		</bndbox>
		<polygon>
			<x1>50.44</x1>
			<y1>32.842105</y1>
			<x2>51.792</x2>
			<y2>22.122807</y2>
			<x3>48.672</x3>
			<y3>17.105263</y3>
			<x4>42.536</x4>
			<y4>18.245614</y4>
			<x5>38.376</x5>
			<y5>25.315789</y5>
			<x6>40.664</x6>
			<y6>31.701754</y6>
			<x7>35.256</x7>
			<y7>34.210526</y7>
			<x8>30.992</x8>
			<y8>40.140351</y8>
			<x9>30.68</x9>
			<y9>46.298246</y9>
			<x10>37.544</x10>
			<y10>43.789474</y10>
			<x11>40.976</x11>
			<y11>39</y11>
			<x12>47.216</x12>
			<y12>39</y12>
			<x13>50.44</x13>
			<y13>32.842105</y13>
		</polygon>
	</object>
	<object>
		<name>Unlabeled litter</name>
		<pose>Unspecified</pose>
		<truncated>0</truncated>
		<difficult>0</difficult>
		<occluded>0</occluded>
		<bndbox>
			<xmin>91</xmin>
			<xmax>136</xmax>
			<ymin>165</ymin>
			<ymax>221</ymax>
		</bndbox>
		<polygon>
			<x1>130.104</x1>
			<y1>218.263158</y1>
			<x2>132.808</x2>
			<y2>214.157895</y2>
			<x3>134.68</x3>
			<y3>205.947368</y3>
			<x4>134.472</x4>
			<y4>198.877193</y4>
			<x5>127.4</x5>
			<y5>192.263158</y5>
			<x6>117.312</x6>
			<y6>187.929825</y6>
			<x7>108.888</x7>
			<y7>174.473684</y7>
			<x8>102.232</x8>
			<y8>167.175439</y8>
			<x9>96.616</x9>
			<y9>163.754386</y9>
			<x10>92.04</x10>
			<y10>168.315789</y10>
			<x11>90.376</x11>
			<y11>178.807018</y11>
			<x12>92.664</x12>
			<y12>188.614035</y12>
			<x13>103.584</x13>
			<y13>205.719298</y13>
			<x14>111.072</x14>
			<y14>212.333333</y14>
			<x15>118.872</x15>
			<y15>215.754386</y15>
			<x16>126.568</x16>
			<y16>220.315789</y16>
			<x17>130.104</x17>
			<y17>218.263158</y17>
		</polygon>
	</object>
	<object>
		<name>Unlabeled litter</name>
		<pose>Unspecified</pose>
		<truncated>0</truncated>
		<difficult>0</difficult>
		<occluded>0</occluded>
		<bndbox>
			<xmin>90</xmin>
			<xmax>109</xmax>
			<ymin>172</ymin>
			<ymax>215</ymax>
		</bndbox>
		<polygon>
			<x1>108.368</x1>
			<y1>185.649123</y1>
			<x2>102.336</x2>
			<y2>171.280702</y2>
			<x3>88.504</x3>
			<y3>197.508772</y3>
			<x4>96.2</x4>
			<y4>213.701754</y4>
			<x5>106.392</x5>
			<y5>195.22807</y5>
			<x6>108.368</x6>
			<y6>185.649123</y6>
		</polygon>
	</object>
	<object>
		<name>Squeezable tube</name>
		<pose>Unspecified</pose>
		<truncated>0</truncated>
		<difficult>0</difficult>
		<occluded>0</occluded>
		<bndbox>
			<xmin>233</xmin>
			<xmax>260</xmax>
			<ymin>192</ymin>
			<ymax>239</ymax>
		</bndbox>
		<polygon>
			<x1>254.8</x1>
			<y1>200.929825</y1>
			<x2>251.68</x2>
			<y2>190.666667</y2>
			<x3>246.896</x3>
			<y3>194.77193</y3>
			<x4>242.008</x4>
			<y4>200.701754</y4>
			<x5>233.688</x5>
			<y5>213.017544</y5>
			<x6>233.272</x6>
			<y6>220.77193</y6>
			<x7>235.04</x7>
			<y7>223.964912</y7>
			<x8>234.208</x8>
			<y8>227.842105</y8>
			<x9>232.856</x9>
			<y9>226.701754</y9>
			<x10>232.024</x10>
			<y10>229.210526</y10>
			<x11>234.624</x11>
			<y11>237.421053</y11>
			<x12>236.184</x12>
			<y12>237.649123</y12>
			<x13>237.848</x13>
			<y13>235.140351</y13>
			<x14>240.344</x14>
			<y14>237.649123</y14>
			<x15>245.648</x15>
			<y15>236.964912</y15>
			<x16>250.224</x16>
			<y16>228.298246</y16>
			<x17>256.984</x17>
			<y17>216.438596</y17>
			<x18>259.376</x18>
			<y18>210.280702</y18>
			<x19>254.8</x19>
			<y19>200.929825</y19>
		</polygon>
	</object>
	<object>
		<name>Unlabeled litter</name>
		<pose>Unspecified</pose>
		<truncated>0</truncated>
		<difficult>0</difficult>
		<occluded>0</occluded>
		<bndbox>
			<xmin>254</xmin>
			<xmax>263</xmax>
			<ymin>200</ymin>
			<ymax>224</ymax>
		</bndbox>
		<polygon>
			<x1>253.448</x1>
			<y1>223.280702</y1>
			<x2>257.816</x2>
			<y2>219.175439</y2>
			<x3>261.248</x3>
			<y3>212.105263</y3>
			<x4>262.08</x4>
			<y4>199.105263</y4>
			<x5>259.064</x5>
			<y5>199.105263</y5>
			<x6>255.632</x6>
			<y6>201.385965</y6>
			<x7>259.688</x7>
			<y7>209.368421</y7>
			<x8>257.088</x8>
			<y8>216.438596</y8>
			<x9>253.448</x9>
			<y9>223.280702</y9>
		</polygon>
	</object>
	<object>
		<name>Clear plastic bottle</name>
		<pose>Unspecified</pose>
		<truncated>0</truncated>
		<difficult>0</difficult>
		<occluded>0</occluded>
		<bndbox>
			<xmin>269</xmin>
			<xmax>286</xmax>
			<ymin>97</ymin>
			<ymax>129</ymax>
		</bndbox>
		<polygon>
			<x1>269.776</x1>
			<y1>121.561404</y1>
			<x2>273.104</x2>
			<y2>128.175439</y2>
			<x3>277.472</x3>
			<y3>124.754386</y3>
			<x4>281.528</x4>
			<y4>118.368421</y4>
			<x5>285.48</x5>
			<y5>106.052632</y5>
			<x6>283.192</x6>
			<y6>100.350877</y6>
			<x7>280.384</x7>
			<y7>97.842105</y7>
			<x8>276.64</x8>
			<y8>96.473684</y8>
			<x9>272.064</x9>
			<y9>100.122807</y9>
			<x10>269.36</x10>
			<y10>104.684211</y10>
			<x11>268.008</x11>
			<y11>122.929825</y11>
			<x12>269.776</x12>
			<y12>121.561404</y12>
		</polygon>
	</object>
	<object>
		<name>Unlabeled litter</name>
		<pose>Unspecified</pose>
		<truncated>0</truncated>
		<difficult>0</difficult>
		<occluded>0</occluded>
		<bndbox>
			<xmin>314</xmin>
			<xmax>320</xmax>
			<ymin>200</ymin>
			<ymax>215</ymax>
		</bndbox>
		<polygon>
			<x1>312.728</x1>
			<y1>203.666667</y1>
			<x2>317.304</x2>
			<y2>214.157895</y2>
			<x3>319.384</x3>
			<y3>210.052632</y3>
			<x4>315.224</x4>
			<y4>199.333333</y4>
			<x5>312.728</x5>
			<y5>203.666667</y5>
		</polygon>
	</object>
	<object>
		<name>Unlabeled litter</name>
		<pose>Unspecified</pose>
		<truncated>0</truncated>
		<difficult>0</difficult>
		<occluded>0</occluded>
		<bndbox>
			<xmin>308</xmin>
			<xmax>312</xmax>
			<ymin>199</ymin>
			<ymax>202</ymax>
		</bndbox>
		<polygon>
			<x1>307.32</x1>
			<y1>200.473684</y1>
			<x2>310.648</x2>
			<y2>200.701754</y2>
			<x3>309.92</x3>
			<y3>197.964912</y3>
			<x4>307.32</x4>
			<y4>200.473684</y4>
		</polygon>
	</object>
	<object>
		<name>Unlabeled litter</name>
		<pose>Unspecified</pose>
		<truncated>0</truncated>
		<difficult>0</difficult>
		<occluded>0</occluded>
		<bndbox>
			<xmin>142</xmin>
			<xmax>148</xmax>
			<ymin>365</ymin>
			<ymax>378</ymax>
		</bndbox>
		<polygon>
			<x1>140.816</x1>
			<y1>375.403509</y1>
			<x2>141.96</x2>
			<y2>377.22807</y2>
			<x3>146.64</x3>
			<y3>365.596491</y3>
			<x4>145.08</x4>
			<y4>364.45614</y4>
			<x5>140.816</x5>
			<y5>375.403509</y5>
		</polygon>
	</object>
	<object>
		<name>Unlabeled litter</name>
		<pose>Unspecified</pose>
		<truncated>0</truncated>
		<difficult>0</difficult>
		<occluded>0</occluded>
		<bndbox>
			<xmin>111</xmin>
			<xmax>117</xmax>
			<ymin>152</ymin>
			<ymax>165</ymax>
		</bndbox>
		<polygon>
			<x1>116.376</x1>
			<y1>151.894737</y1>
			<x2>111.8</x2>
			<y2>150.754386</y2>
			<x3>110.448</x3>
			<y3>164.210526</y3>
			<x4>114.92</x4>
			<y4>156.45614</y4>
			<x5>116.376</x5>
			<y5>151.894737</y5>
		</polygon>
	</object>
	<object>
		<name>Unlabeled litter</name>
		<pose>Unspecified</pose>
		<truncated>0</truncated>
		<difficult>0</difficult>
		<occluded>0</occluded>
		<bndbox>
			<xmin>344</xmin>
			<xmax>350</xmax>
			<ymin>105</ymin>
			<ymax>109</ymax>
		</bndbox>
		<polygon>
			<x1>348.088</x1>
			<y1>106.964912</y1>
			<x2>349.44</x2>
			<y2>105.140351</y2>
			<x3>348.608</x3>
			<y3>103.77193</y3>
			<x4>347.152</x4>
			<y4>105.368421</y4>
			<x5>343.72</x5>
			<y5>103.77193</y5>
			<x6>342.888</x6>
			<y6>106.052632</y6>
			<x7>345.904</x7>
			<y7>108.105263</y7>
			<x8>348.088</x8>
			<y8>106.964912</y8>
		</polygon>
	</object>
</annotation>
