<annotation>
	<folder></folder>
	<filename>000018_jpg.rf.9e21a07a212dba149ca004c6b305baa8.jpg</filename>
	<path>000018_jpg.rf.9e21a07a212dba149ca004c6b305baa8.jpg</path>
	<source>
		<database>roboflow.ai</database>
	</source>
	<size>
		<width>416</width>
		<height>416</height>
		<depth>3</depth>
	</size>
	<segmented>0</segmented>
	<object>
		<name>Glass bottle</name>
		<pose>Unspecified</pose>
		<truncated>0</truncated>
		<difficult>0</difficult>
		<occluded>0</occluded>
		<bndbox>
			<xmin>157</xmin>
			<xmax>280</xmax>
			<ymin>204</ymin>
			<ymax>235</ymax>
		</bndbox>
		<polygon>
			<x1>222.895833</x1>
			<y1>228.71875</y1>
			<x2>234.541667</x2>
			<y2>225.875</y2>
			<x3>239.416667</x3>
			<y3>222.421875</y3>
			<x4>262.166667</x4>
			<y4>217.75</y4>
			<x5>277.0625</x5>
			<y5>216.328125</y5>
			<x6>279.229167</x6>
			<y6>210.03125</y6>
			<x7>275.166667</x7>
			<y7>205.5625</y7>
			<x8>252.6875</x8>
			<y8>206.78125</y8>
			<x9>237.25</x9>
			<y9>206.171875</y9>
			<x10>227.770833</x10>
			<y10>202.515625</y10>
			<x11>161.6875</x11>
			<y11>208.609375</y11>
			<x12>156.541667</x12>
			<y12>213.078125</y12>
			<x13>156</x13>
			<y13>219.578125</y13>
			<x14>160.604167</x14>
			<y14>232.578125</y14>
			<x15>166.833333</x15>
			<y15>234.40625</y15>
			<x16>222.895833</x16>
			<y16>228.71875</y16>
		</polygon>
	</object>
	<object>
		<name>Unlabeled litter</name>
		<pose>Unspecified</pose>
		<truncated>0</truncated>
		<difficult>0</difficult>
		<occluded>0</occluded>
		<bndbox>
			<xmin>150</xmin>
			<xmax>164</xmax>
			<ymin>282</ymin>
			<ymax>293</ymax>
		</bndbox>
		<polygon>
			<x1>154.104167</x1>
			<y1>280.515625</y1>
			<x2>150.3125</x2>
			<y2>280.515625</y2>
			<x3>151.9375</x3>
			<y3>284.578125</y3>
			<x4>148.6875</x4>
			<y4>291.6875</y4>
			<x5>161.6875</x5>
			<y5>291.890625</y5>
			<x6>162.770833</x6>
			<y6>287.015625</y6>
			<x7>154.104167</x7>
			<y7>280.515625</y7>
		</polygon>
	</object>
</annotation>
