<annotation>
	<folder></folder>
	<filename>000016_jpg.rf.be927bdcb16f3d6a841b06a126bf8b51.jpg</filename>
	<path>000016_jpg.rf.be927bdcb16f3d6a841b06a126bf8b51.jpg</path>
	<source>
		<database>roboflow.ai</database>
	</source>
	<size>
		<width>416</width>
		<height>416</height>
		<depth>3</depth>
	</size>
	<segmented>0</segmented>
	<object>
		<name>Plastic film</name>
		<pose>Unspecified</pose>
		<truncated>0</truncated>
		<difficult>0</difficult>
		<occluded>0</occluded>
		<bndbox>
			<xmin>263</xmin>
			<xmax>288</xmax>
			<ymin>291</ymin>
			<ymax>350</ymax>
		</bndbox>
		<polygon>
			<x1>285.272</x1>
			<y1>337.315789</y1>
			<x2>283.296</x2>
			<y2>326.596491</y2>
			<x3>282.88</x3>
			<y3>307.438596</y3>
			<x4>280.072</x4>
			<y4>304.701754</y4>
			<x5>276.848</x5>
			<y5>303.561404</y5>
			<x6>275.184</x6>
			<y6>300.824561</y6>
			<x7>273.312</x7>
			<y7>299.22807</y7>
			<x8>270.192</x8>
			<y8>291.245614</y8>
			<x9>268.008</x9>
			<y9>290.105263</y9>
			<x10>264.576</x10>
			<y10>293.070175</y10>
			<x11>261.768</x11>
			<y11>301.964912</y11>
			<x12>261.56</x12>
			<y12>310.631579</y12>
			<x13>264.576</x13>
			<y13>326.824561</y13>
			<x14>276.328</x14>
			<y14>341.877193</y14>
			<x15>286</x15>
			<y15>349.403509</y15>
			<x16>286.728</x16>
			<y16>343.473684</y16>
			<x17>285.272</x17>
			<y17>337.315789</y17>
		</polygon>
	</object>
</annotation>
