<annotation>
	<folder></folder>
	<filename>000040_jpg.rf.73131c58c088659ce33c484def58a808.jpg</filename>
	<path>000040_jpg.rf.73131c58c088659ce33c484def58a808.jpg</path>
	<source>
		<database>roboflow.ai</database>
	</source>
	<size>
		<width>416</width>
		<height>416</height>
		<depth>3</depth>
	</size>
	<segmented>0</segmented>
	<object>
		<name>Metal bottle cap</name>
		<pose>Unspecified</pose>
		<truncated>0</truncated>
		<difficult>0</difficult>
		<occluded>0</occluded>
		<bndbox>
			<xmin>144</xmin>
			<xmax>188</xmax>
			<ymin>223</ymin>
			<ymax>254</ymax>
		</bndbox>
		<polygon>
			<x1>145.544974</x1>
			<y1>232.761905</y1>
			<x2>142.931217</x2>
			<y2>238.02381</y2>
			<x3>145.544974</x3>
			<y3>243.904762</y3>
			<x4>151.460317</x4>
			<y4>249.269841</y4>
			<x5>158.201058</x5>
			<y5>251.746032</y5>
			<x6>164.116402</x6>
			<y6>253.293651</y6>
			<x7>171.68254</x7>
			<y7>251.539683</y7>
			<x8>181.587302</x8>
			<y8>245.039683</y8>
			<x9>186.814815</x9>
			<y9>239.468254</y9>
			<x10>186.26455</x10>
			<y10>232.555556</y10>
			<x11>178.835979</x11>
			<y11>224.714286</y11>
			<x12>169.343915</x12>
			<y12>221.619048</y12>
			<x13>168.793651</x13>
			<y13>222.650794</y13>
			<x14>162.878307</x14>
			<y14>222.444444</y14>
			<x15>157.513228</x15>
			<y15>223.166667</y15>
			<x16>154.486772</x16>
			<y16>224.507937</y16>
			<x17>150.497354</x17>
			<y17>227.603175</y17>
			<x18>145.544974</x18>
			<y18>232.761905</y18>
		</polygon>
	</object>
</annotation>
