<annotation>
	<folder></folder>
	<filename>000044_jpg.rf.bebfcbebaf81ce70fca4b279eb9c7e09.jpg</filename>
	<path>000044_jpg.rf.bebfcbebaf81ce70fca4b279eb9c7e09.jpg</path>
	<source>
		<database>roboflow.ai</database>
	</source>
	<size>
		<width>416</width>
		<height>416</height>
		<depth>3</depth>
	</size>
	<segmented>0</segmented>
	<object>
		<name>Paper cup</name>
		<pose>Unspecified</pose>
		<truncated>0</truncated>
		<difficult>0</difficult>
		<occluded>0</occluded>
		<bndbox>
			<xmin>308</xmin>
			<xmax>336</xmax>
			<ymin>166</ymin>
			<ymax>196</ymax>
		</bndbox>
		<polygon>
			<x1>334.686275</x1>
			<y1>171.803922</y1>
			<x2>330.862745</x2>
			<y2>166.535948</y2>
			<x3>327.931373</x3>
			<y3>165.006536</y3>
			<x4>326.147059</x4>
			<y4>165.51634</y4>
			<x5>324.617647</x5>
			<y5>168.065359</y5>
			<x6>306.519608</x6>
			<y6>183.359477</y6>
			<x7>307.029412</x7>
			<y7>188.627451</y7>
			<x8>308.176471</x8>
			<y8>191.51634</y8>
			<x9>310.215686</x9>
			<y9>194.235294</y9>
			<x10>312.127451</x10>
			<y10>195.084967</y10>
			<x11>333.921569</x11>
			<y11>184.039216</y11>
			<x12>335.068627</x12>
			<y12>182</y12>
			<x13>335.323529</x13>
			<y13>177.581699</y13>
			<x14>334.686275</x14>
			<y14>171.803922</y14>
		</polygon>
	</object>
	<object>
		<name>Other carton</name>
		<pose>Unspecified</pose>
		<truncated>0</truncated>
		<difficult>0</difficult>
		<occluded>0</occluded>
		<bndbox>
			<xmin>204</xmin>
			<xmax>225</xmax>
			<ymin>232</ymin>
			<ymax>262</ymax>
		</bndbox>
		<polygon>
			<x1>213.22549</x1>
			<y1>234.679739</y1>
			<x2>208.892157</x2>
			<y2>231.281046</y2>
			<x3>203.284314</x3>
			<y3>239.947712</y3>
			<x4>205.196078</x4>
			<y4>252.69281</y4>
			<x5>215.264706</x5>
			<y5>261.189542</y5>
			<x6>221.637255</x6>
			<y6>248.27451</y6>
			<x7>223.931373</x7>
			<y7>245.72549</y7>
			<x8>213.22549</x8>
			<y8>234.679739</y8>
		</polygon>
	</object>
	<object>
		<name>Other plastic wrapper</name>
		<pose>Unspecified</pose>
		<truncated>0</truncated>
		<difficult>0</difficult>
		<occluded>0</occluded>
		<bndbox>
			<xmin>178</xmin>
			<xmax>226</xmax>
			<ymin>265</ymin>
			<ymax>299</ymax>
		</bndbox>
		<polygon>
			<x1>177.029412</x1>
			<y1>273.594771</y1>
			<x2>178.176471</x2>
			<y2>278.69281</y2>
			<x3>182</x3>
			<y3>289.398693</y3>
			<x4>186.333333</x4>
			<y4>298.065359</y4>
			<x5>193.852941</x5>
			<y5>295.346405</y5>
			<x6>197.421569</x6>
			<y6>294.836601</y6>
			<x7>210.676471</x7>
			<y7>296.026144</y7>
			<x8>225.460784</x8>
			<y8>295.856209</y8>
			<x9>223.54902</x9>
			<y9>283.281046</y9>
			<x10>216.539216</x10>
			<y10>276.313725</y10>
			<x11>197.039216</x11>
			<y11>263.908497</y11>
			<x12>193.343137</x12>
			<y12>264.588235</y12>
			<x13>184.803922</x13>
			<y13>270.026144</y13>
			<x14>177.029412</x14>
			<y14>273.594771</y14>
		</polygon>
	</object>
	<object>
		<name>Cigarette</name>
		<pose>Unspecified</pose>
		<truncated>0</truncated>
		<difficult>0</difficult>
		<occluded>0</occluded>
		<bndbox>
			<xmin>182</xmin>
			<xmax>185</xmax>
			<ymin>290</ymin>
			<ymax>297</ymax>
		</bndbox>
		<polygon>
			<x1>182.127451</x1>
			<y1>288.888889</y1>
			<x2>180.72549</x2>
			<y2>289.738562</y2>
			<x3>181.235294</x3>
			<y3>294.496732</y3>
			<x4>182.764706</x4>
			<y4>295.51634</y4>
			<x5>183.911765</x5>
			<y5>293.647059</y5>
			<x6>182.127451</x6>
			<y6>288.888889</y6>
		</polygon>
	</object>
	<object>
		<name>Unlabeled litter</name>
		<pose>Unspecified</pose>
		<truncated>0</truncated>
		<difficult>0</difficult>
		<occluded>0</occluded>
		<bndbox>
			<xmin>80</xmin>
			<xmax>101</xmax>
			<ymin>258</ymin>
			<ymax>282</ymax>
		</bndbox>
		<polygon>
			<x1>87.303922</x1>
			<y1>279.372549</y1>
			<x2>91.127451</x2>
			<y2>275.803922</y2>
			<x3>96.735294</x3>
			<y3>273.084967</y3>
			<x4>99.921569</x4>
			<y4>264.928105</y4>
			<x5>99.539216</x5>
			<y5>257.960784</y5>
			<x6>97.627451</x6>
			<y6>256.601307</y6>
			<x7>92.911765</x7>
			<y7>259.660131</y7>
			<x8>86.411765</x8>
			<y8>264.078431</y8>
			<x9>82.205882</x9>
			<y9>267.816993</y9>
			<x10>79.147059</x10>
			<y10>274.104575</y10>
			<x11>79.019608</x11>
			<y11>279.542484</y11>
			<x12>84.372549</x12>
			<y12>281.24183</y12>
			<x13>87.303922</x13>
			<y13>279.372549</y13>
		</polygon>
	</object>
	<object>
		<name>Other plastic bottle</name>
		<pose>Unspecified</pose>
		<truncated>0</truncated>
		<difficult>0</difficult>
		<occluded>0</occluded>
		<bndbox>
			<xmin>239</xmin>
			<xmax>256</xmax>
			<ymin>15</ymin>
			<ymax>32</ymax>
		</bndbox>
		<polygon>
			<x1>255.411765</x1>
			<y1>14.444444</y1>
			<x2>249.676471</x2>
			<y2>13.594771</y2>
			<x3>249.039216</x3>
			<y3>15.973856</y3>
			<x4>250.441176</x4>
			<y4>19.202614</y4>
			<x5>244.833333</x5>
			<y5>22.261438</y5>
			<x6>240.245098</x6>
			<y6>23.620915</y6>
			<x7>237.95098</x7>
			<y7>28.20915</y7>
			<x8>238.588235</x8>
			<y8>30.75817</y8>
			<x9>245.72549</x9>
			<y9>29.228758</y9>
			<x10>247.382353</x10>
			<y10>26.509804</y10>
			<x11>253.117647</x11>
			<y11>20.392157</y11>
			<x12>255.411765</x12>
			<y12>14.444444</y12>
		</polygon>
	</object>
	<object>
		<name>Unlabeled litter</name>
		<pose>Unspecified</pose>
		<truncated>0</truncated>
		<difficult>0</difficult>
		<occluded>0</occluded>
		<bndbox>
			<xmin>161</xmin>
			<xmax>166</xmax>
			<ymin>21</ymin>
			<ymax>25</ymax>
		</bndbox>
		<polygon>
			<x1>163.137255</x1>
			<y1>19.712418</y1>
			<x2>160.460784</x2>
			<y2>19.882353</y2>
			<x3>162.117647</x3>
			<y3>24.130719</y3>
			<x4>164.539216</x4>
			<y4>22.601307</y4>
			<x5>163.137255</x5>
			<y5>19.712418</y5>
		</polygon>
	</object>
</annotation>
