<annotation>
	<folder></folder>
	<filename>000011_jpg.rf.df06ec87b267df91aa0e1fff9deb2b30.jpg</filename>
	<path>000011_jpg.rf.df06ec87b267df91aa0e1fff9deb2b30.jpg</path>
	<source>
		<database>roboflow.ai</database>
	</source>
	<size>
		<width>416</width>
		<height>416</height>
		<depth>3</depth>
	</size>
	<segmented>0</segmented>
	<object>
		<name>Cigarette</name>
		<pose>Unspecified</pose>
		<truncated>0</truncated>
		<difficult>0</difficult>
		<occluded>0</occluded>
		<bndbox>
			<xmin>126</xmin>
			<xmax>290</xmax>
			<ymin>76</ymin>
			<ymax>214</ymax>
		</bndbox>
		<polygon>
			<x1>134</x1>
			<y1>188.933333</y1>
			<x2>136.6</x2>
			<y2>197.2</y2>
			<x3>144.2</x3>
			<y3>208.133333</y3>
			<x4>150.4</x4>
			<y4>213.066667</y4>
			<x5>183.9</x5>
			<y5>190.533333</y5>
			<x6>196.7</x6>
			<y6>184.533333</y6>
			<x7>210.8</x7>
			<y7>179.866667</y7>
			<x8>219.5</x8>
			<y8>172.8</y8>
			<x9>234.4</x9>
			<y9>169.066667</y9>
			<x10>247.8</x10>
			<y10>163.6</y10>
			<x11>259.5</x11>
			<y11>154.666667</y11>
			<x12>255.9</x12>
			<y12>149.733333</y12>
			<x13>258.1</x13>
			<y13>147.6</y13>
			<x14>263.4</x14>
			<y14>146.933333</y14>
			<x15>265.6</x15>
			<y15>142.8</y15>
			<x16>275.8</x16>
			<y16>134.666667</y16>
			<x17>276.7</x17>
			<y17>128.266667</y17>
			<x18>278.8</x18>
			<y18>128.533333</y18>
			<x19>282</x19>
			<y19>127.333333</y19>
			<x20>285.9</x20>
			<y20>124.266667</y20>
			<x21>288.7</x21>
			<y21>120.8</y21>
			<x22>285.2</x22>
			<y22>118.933333</y22>
			<x23>280.2</x23>
			<y23>106.133333</y23>
			<x24>274.2</x24>
			<y24>104</y24>
			<x25>272.7</x25>
			<y25>101.333333</y25>
			<x26>270.6</x26>
			<y26>103.333333</y26>
			<x27>266</x27>
			<y27>97.6</y27>
			<x28>259.1</x28>
			<y28>92.666667</y28>
			<x29>258.8</x29>
			<y29>90.666667</y29>
			<x30>255</x30>
			<y30>87.066667</y30>
			<x31>250.9</x31>
			<y31>80</y31>
			<x32>248</x32>
			<y32>78.133333</y32>
			<x33>246.2</x33>
			<y33>74.666667</y33>
			<x34>241</x34>
			<y34>76</y34>
			<x35>175.4</x35>
			<y35>122.933333</y35>
			<x36>126</x36>
			<y36>155.733333</y36>
			<x37>124.6</x37>
			<y37>165.2</y37>
			<x38>127.2</x38>
			<y38>174</y38>
			<x39>134</x39>
			<y39>188.933333</y39>
		</polygon>
	</object>
</annotation>
