<annotation>
	<folder></folder>
	<filename>000099_jpg.rf.c82f2b7ed66c0a153c7f61c6a37ae67a.jpg</filename>
	<path>000099_jpg.rf.c82f2b7ed66c0a153c7f61c6a37ae67a.jpg</path>
	<source>
		<database>roboflow.ai</database>
	</source>
	<size>
		<width>416</width>
		<height>416</height>
		<depth>3</depth>
	</size>
	<segmented>0</segmented>
	<object>
		<name>Other plastic wrapper</name>
		<pose>Unspecified</pose>
		<truncated>0</truncated>
		<difficult>0</difficult>
		<occluded>0</occluded>
		<bndbox>
			<xmin>180</xmin>
			<xmax>290</xmax>
			<ymin>211</ymin>
			<ymax>251</ymax>
		</bndbox>
		<polygon>
			<x1>262.964912</x1>
			<y1>235.04</y1>
			<x2>282.578947</x2>
			<y2>221.416</y2>
			<x3>288.736842</x3>
			<y3>215.488</y3>
			<x4>280.070175</x4>
			<y4>213.928</y4>
			<x5>270.491228</x5>
			<y5>214.136</y5>
			<x6>258.859649</x6>
			<y6>212.888</y6>
			<x7>231.263158</x7>
			<y7>209.56</y7>
			<x8>200.473684</x8>
			<y8>226.928</y8>
			<x9>178.807018</x9>
			<y9>242.32</y9>
			<x10>219.631579</x10>
			<y10>248.04</y10>
			<x11>239.473684</x11>
			<y11>249.6</y11>
			<x12>262.964912</x12>
			<y12>235.04</y12>
		</polygon>
	</object>
</annotation>
