<annotation>
	<folder></folder>
	<filename>000014_jpg.rf.0da799071858b22e562e13f7db74925f.jpg</filename>
	<path>000014_jpg.rf.0da799071858b22e562e13f7db74925f.jpg</path>
	<source>
		<database>roboflow.ai</database>
	</source>
	<size>
		<width>416</width>
		<height>416</height>
		<depth>3</depth>
	</size>
	<segmented>0</segmented>
	<object>
		<name>Corrugated carton</name>
		<pose>Unspecified</pose>
		<truncated>0</truncated>
		<difficult>0</difficult>
		<occluded>0</occluded>
		<bndbox>
			<xmin>61</xmin>
			<xmax>375</xmax>
			<ymin>184</ymin>
			<ymax>300</ymax>
		</bndbox>
		<polygon>
			<x1>76.631579</x1>
			<y1>253.136</y1>
			<x2>80.280702</x2>
			<y2>247</y2>
			<x3>85.982456</x3>
			<y3>244.608</y3>
			<x4>169.912281</x4>
			<y4>266.864</y4>
			<x5>174.701754</x5>
			<y5>266.864</y5>
			<x6>195.45614</x6>
			<y6>273.104</y6>
			<x7>184.736842</x7>
			<y7>288.08</y7>
			<x8>221</x8>
			<y8>298.688</y8>
			<x9>226.701754</x9>
			<y9>299.208</y9>
			<x10>266.385965</x10>
			<y10>272.272</y10>
			<x11>314.964912</x11>
			<y11>292.968</y11>
			<x12>347.122807</x12>
			<y12>267.8</y12>
			<x13>373.807018</x13>
			<y13>245.96</y13>
			<x14>310.403509</x14>
			<y14>220.688</y14>
			<x15>311.087719</x15>
			<y15>219.336</y15>
			<x16>146.649123</x16>
			<y16>182.624</y16>
			<x17>111.982456</x17>
			<y17>195.624</y17>
			<x18>104.22807</x18>
			<y18>192.92</y18>
			<x19>60.438596</x19>
			<y19>217.568</y19>
			<x20>66.140351</x20>
			<y20>256.568</y20>
			<x21>68.649123</x21>
			<y21>257.504</y21>
			<x22>70.929825</x22>
			<y22>255.632</y22>
			<x23>76.631579</x23>
			<y23>253.136</y23>
		</polygon>
	</object>
	<object>
		<name>Styrofoam piece</name>
		<pose>Unspecified</pose>
		<truncated>0</truncated>
		<difficult>0</difficult>
		<occluded>0</occluded>
		<bndbox>
			<xmin>60</xmin>
			<xmax>196</xmax>
			<ymin>245</ymin>
			<ymax>304</ymax>
		</bndbox>
		<polygon>
			<x1>143.45614</x1>
			<y1>298.688</y1>
			<x2>147.105263</x2>
			<y2>299.624</y2>
			<x3>163.526316</x3>
			<y3>303.472</y3>
			<x4>174.701754</x4>
			<y4>298.896</y4>
			<x5>188.385965</x5>
			<y5>283.4</y5>
			<x6>194.77193</x6>
			<y6>272.896</y6>
			<x7>173.105263</x7>
			<y7>266.864</y7>
			<x8>170.368421</x8>
			<y8>267.384</y8>
			<x9>87.122807</x9>
			<y9>244.4</y9>
			<x10>80.508772</x10>
			<y10>246.688</y10>
			<x11>76.859649</x11>
			<y11>253.344</y11>
			<x12>72.298246</x12>
			<y12>255.528</y12>
			<x13>68.649123</x13>
			<y13>257.296</y13>
			<x14>58.614035</x14>
			<y14>272.584</y14>
			<x15>63.403509</x15>
			<y15>274.768</y15>
			<x16>76.403509</x16>
			<y16>278.616</y16>
			<x17>143.45614</x17>
			<y17>298.688</y17>
		</polygon>
	</object>
</annotation>
