<annotation>
	<folder></folder>
	<filename>000036_jpg.rf.44148a87f33b848b566d20498a2ff6dc.jpg</filename>
	<path>000036_jpg.rf.44148a87f33b848b566d20498a2ff6dc.jpg</path>
	<source>
		<database>roboflow.ai</database>
	</source>
	<size>
		<width>416</width>
		<height>416</height>
		<depth>3</depth>
	</size>
	<segmented>0</segmented>
	<object>
		<name>Plastic film</name>
		<pose>Unspecified</pose>
		<truncated>0</truncated>
		<difficult>0</difficult>
		<occluded>0</occluded>
		<bndbox>
			<xmin>212</xmin>
			<xmax>235</xmax>
			<ymin>136</ymin>
			<ymax>155</ymax>
		</bndbox>
		<polygon>
			<x1>229.921569</x1>
			<y1>142.745098</y1>
			<x2>233.830065</x2>
			<y2>139.813725</y2>
			<x3>225.673203</x3>
			<y3>134.970588</y3>
			<x4>223.124183</x4>
			<y4>138.666667</y4>
			<x5>214.96732</x5>
			<y5>143.509804</y5>
			<x6>210.718954</x6>
			<y6>152.176471</y6>
			<x7>222.27451</x7>
			<y7>154.215686</y7>
			<x8>225.673203</x8>
			<y8>144.019608</y8>
			<x9>229.921569</x9>
			<y9>142.745098</y9>
		</polygon>
	</object>
	<object>
		<name>Plastic film</name>
		<pose>Unspecified</pose>
		<truncated>0</truncated>
		<difficult>0</difficult>
		<occluded>0</occluded>
		<bndbox>
			<xmin>162</xmin>
			<xmax>176</xmax>
			<ymin>309</ymin>
			<ymax>345</ymax>
		</bndbox>
		<polygon>
			<x1>168.915033</x1>
			<y1>336.980392</y1>
			<x2>171.124183</x2>
			<y2>334.686275</y2>
			<x3>174.862745</x3>
			<y3>332.77451</y3>
			<x4>174.69281</x4>
			<y4>324.490196</y4>
			<x5>168.575163</x5>
			<y5>315.568627</y5>
			<x6>164.326797</x6>
			<y6>315.696078</y6>
			<x7>162.627451</x7>
			<y7>308.558824</y7>
			<x8>160.588235</x8>
			<y8>308.431373</y8>
			<x9>162.287582</x9>
			<y9>315.696078</y9>
			<x10>165.006536</x10>
			<y10>340.421569</y10>
			<x11>166.196078</x11>
			<y11>343.735294</y11>
			<x12>171.124183</x12>
			<y12>343.352941</y12>
			<x13>168.915033</x13>
			<y13>336.980392</y13>
		</polygon>
	</object>
</annotation>
