<annotation>
	<folder></folder>
	<filename>000020_jpg.rf.283a78e169184ba48ef3564f55761448.jpg</filename>
	<path>000020_jpg.rf.283a78e169184ba48ef3564f55761448.jpg</path>
	<source>
		<database>roboflow.ai</database>
	</source>
	<size>
		<width>416</width>
		<height>416</height>
		<depth>3</depth>
	</size>
	<segmented>0</segmented>
	<object>
		<name>Glass bottle</name>
		<pose>Unspecified</pose>
		<truncated>0</truncated>
		<difficult>0</difficult>
		<occluded>0</occluded>
		<bndbox>
			<xmin>180</xmin>
			<xmax>190</xmax>
			<ymin>60</ymin>
			<ymax>88</ymax>
		</bndbox>
		<polygon>
			<x1>187.607843</x1>
			<y1>86.794118</y1>
			<x2>189.30719</x2>
			<y2>75.196078</y2>
			<x3>188.96732</x3>
			<y3>71.117647</y3>
			<x4>188.287582</x4>
			<y4>69.588235</y4>
			<x5>188.457516</x5>
			<y5>60.539216</y5>
			<x6>185.908497</x6>
			<y6>59.137255</y6>
			<x7>184.039216</x7>
			<y7>59.901961</y7>
			<x8>182.169935</x8>
			<y8>69.205882</y8>
			<x9>180.130719</x9>
			<y9>71.245098</y9>
			<x10>178.771242</x10>
			<y10>84.5</y10>
			<x11>179.620915</x11>
			<y11>86.539216</y11>
			<x12>183.869281</x12>
			<y12>86.794118</y12>
			<x13>187.607843</x13>
			<y13>86.794118</y13>
		</polygon>
	</object>
	<object>
		<name>Drink can</name>
		<pose>Unspecified</pose>
		<truncated>0</truncated>
		<difficult>0</difficult>
		<occluded>0</occluded>
		<bndbox>
			<xmin>243</xmin>
			<xmax>262</xmax>
			<ymin>77</ymin>
			<ymax>87</ymax>
		</bndbox>
		<polygon>
			<x1>243.006536</x1>
			<y1>84.372549</y1>
			<x2>257.111111</x2>
			<y2>85.647059</y2>
			<x3>260</x3>
			<y3>85.264706</y3>
			<x4>261.019608</x4>
			<y4>80.166667</y4>
			<x5>259.490196</x5>
			<y5>77.872549</y5>
			<x6>243.686275</x6>
			<y6>75.833333</y6>
			<x7>242.326797</x7>
			<y7>78.382353</y7>
			<x8>241.816993</x8>
			<y8>80.803922</y8>
			<x9>243.006536</x9>
			<y9>84.372549</y9>
		</polygon>
	</object>
</annotation>
