<annotation>
	<folder></folder>
	<filename>000010_jpg.rf.111d3ffb88a6d2b832d6df6a4f5997bf.jpg</filename>
	<path>000010_jpg.rf.111d3ffb88a6d2b832d6df6a4f5997bf.jpg</path>
	<source>
		<database>roboflow.ai</database>
	</source>
	<size>
		<width>416</width>
		<height>416</height>
		<depth>3</depth>
	</size>
	<segmented>0</segmented>
	<object>
		<name>Other plastic</name>
		<pose>Unspecified</pose>
		<truncated>0</truncated>
		<difficult>0</difficult>
		<occluded>0</occluded>
		<bndbox>
			<xmin>384</xmin>
			<xmax>394</xmax>
			<ymin>230</ymin>
			<ymax>238</ymax>
		</bndbox>
		<polygon>
			<x1>386.973545</x1>
			<y1>236.888889</y1>
			<x2>391.238095</x2>
			<y2>236.166667</y2>
			<x3>393.164021</x3>
			<y3>234.309524</y3>
			<x4>392.613757</x4>
			<y4>232.142857</y4>
			<x5>390.962963</x5>
			<y5>230.595238</y5>
			<x6>387.936508</x6>
			<y6>228.634921</y6>
			<x7>385.047619</x7>
			<y7>228.84127</y7>
			<x8>382.571429</x8>
			<y8>230.285714</y8>
			<x9>383.534392</x9>
			<y9>234.515873</y9>
			<x10>382.846561</x10>
			<y10>236.166667</y10>
			<x11>386.973545</x11>
			<y11>236.888889</y11>
		</polygon>
	</object>
	<object>
		<name>Other plastic</name>
		<pose>Unspecified</pose>
		<truncated>0</truncated>
		<difficult>0</difficult>
		<occluded>0</occluded>
		<bndbox>
			<xmin>375</xmin>
			<xmax>384</xmax>
			<ymin>230</ymin>
			<ymax>237</ymax>
		</bndbox>
		<polygon>
			<x1>374.179894</x1>
			<y1>233.071429</y1>
			<x2>377.068783</x2>
			<y2>234.825397</y2>
			<x3>381.333333</x3>
			<y3>236.063492</y3>
			<x4>382.846561</x4>
			<y4>235.444444</y4>
			<x5>382.571429</x5>
			<y5>232.968254</y5>
			<x6>381.608466</x6>
			<y6>229.873016</y6>
			<x7>380.232804</x7>
			<y7>229.150794</y7>
			<x8>376.931217</x8>
			<y8>229.047619</y8>
			<x9>375.830688</x9>
			<y9>229.666667</y9>
			<x10>374.730159</x10>
			<y10>230.595238</y10>
			<x11>374.179894</x11>
			<y11>233.071429</y11>
		</polygon>
	</object>
	<object>
		<name>Other plastic</name>
		<pose>Unspecified</pose>
		<truncated>0</truncated>
		<difficult>0</difficult>
		<occluded>0</occluded>
		<bndbox>
			<xmin>124</xmin>
			<xmax>137</xmax>
			<ymin>252</ymin>
			<ymax>262</ymax>
		</bndbox>
		<polygon>
			<x1>122.846561</x1>
			<y1>259.071429</y1>
			<x2>124.222222</x2>
			<y2>260.412698</y2>
			<x3>127.248677</x3>
			<y3>261.34127</y3>
			<x4>132.063492</x4>
			<y4>261.34127</y4>
			<x5>136.465608</x5>
			<y5>260.206349</y5>
			<x6>133.989418</x6>
			<y6>254.944444</y6>
			<x7>130.550265</x7>
			<y7>251.02381</y7>
			<x8>126.148148</x8>
			<y8>252.984127</y8>
			<x9>124.359788</x9>
			<y9>254.84127</y9>
			<x10>122.571429</x10>
			<y10>257.214286</y10>
			<x11>122.846561</x11>
			<y11>259.071429</y11>
		</polygon>
	</object>
	<object>
		<name>Other plastic</name>
		<pose>Unspecified</pose>
		<truncated>0</truncated>
		<difficult>0</difficult>
		<occluded>0</occluded>
		<bndbox>
			<xmin>94</xmin>
			<xmax>108</xmax>
			<ymin>268</ymin>
			<ymax>279</ymax>
		</bndbox>
		<polygon>
			<x1>97.94709</x1>
			<y1>267.944444</y1>
			<x2>94.920635</x2>
			<y2>269.492063</y2>
			<x3>93.407407</x3>
			<y3>273</y3>
			<x4>94.095238</x4>
			<y4>275.888889</y4>
			<x5>96.846561</x5>
			<y5>277.642857</y5>
			<x6>100.560847</x6>
			<y6>278.055556</y6>
			<x7>103.862434</x7>
			<y7>277.539683</y7>
			<x8>106.613757</x8>
			<y8>274.960317</y8>
			<x9>107.439153</x9>
			<y9>272.484127</y9>
			<x10>106.888889</x10>
			<y10>270.31746</y10>
			<x11>105.925926</x11>
			<y11>268.769841</y11>
			<x12>103.449735</x12>
			<y12>267.325397</y12>
			<x13>97.94709</x13>
			<y13>267.944444</y13>
		</polygon>
	</object>
	<object>
		<name>Other plastic</name>
		<pose>Unspecified</pose>
		<truncated>0</truncated>
		<difficult>0</difficult>
		<occluded>0</occluded>
		<bndbox>
			<xmin>103</xmin>
			<xmax>118</xmax>
			<ymin>278</ymin>
			<ymax>289</ymax>
		</bndbox>
		<polygon>
			<x1>101.936508</x1>
			<y1>283.111111</y1>
			<x2>103.587302</x2>
			<y2>285.690476</y2>
			<x3>106.063492</x3>
			<y3>287.444444</y3>
			<x4>108.539683</x4>
			<y4>288.166667</y4>
			<x5>111.291005</x5>
			<y5>287.650794</y5>
			<x6>113.079365</x6>
			<y6>285.174603</y6>
			<x7>115.555556</x7>
			<y7>283.420635</y7>
			<x8>116.518519</x8>
			<y8>280.944444</y8>
			<x9>116.380952</x9>
			<y9>278.468254</y9>
			<x10>113.62963</x10>
			<y10>277.333333</y10>
			<x11>110.05291</x11>
			<y11>276.920635</y11>
			<x12>105.375661</x12>
			<y12>277.642857</y12>
			<x13>101.52381</x13>
			<y13>279.912698</y13>
			<x14>101.936508</x14>
			<y14>283.111111</y14>
		</polygon>
	</object>
	<object>
		<name>Paper bag</name>
		<pose>Unspecified</pose>
		<truncated>0</truncated>
		<difficult>0</difficult>
		<occluded>0</occluded>
		<bndbox>
			<xmin>83</xmin>
			<xmax>201</xmax>
			<ymin>107</ymin>
			<ymax>188</ymax>
		</bndbox>
		<polygon>
			<x1>119.544974</x1>
			<y1>105.650794</y1>
			<x2>111.153439</x2>
			<y2>106.269841</y2>
			<x3>107.164021</x3>
			<y3>110.809524</y3>
			<x4>101.248677</x4>
			<y4>111.738095</y4>
			<x5>97.259259</x5>
			<y5>119.68254</y5>
			<x6>88.179894</x6>
			<y6>123.706349</y6>
			<x7>85.291005</x7>
			<y7>130.722222</y7>
			<x8>82.952381</x8>
			<y8>143</y8>
			<x9>82.26455</x9>
			<y9>150.531746</y9>
			<x10>82.539683</x10>
			<y10>158.992063</y10>
			<x11>84.740741</x11>
			<y11>165.595238</y11>
			<x12>85.153439</x12>
			<y12>169.619048</y12>
			<x13>90.380952</x13>
			<y13>172.81746</y13>
			<x14>97.534392</x14>
			<y14>177.97619</y14>
			<x15>107.57672</x15>
			<y15>183.031746</y15>
			<x16>118.306878</x16>
			<y16>186.539683</y16>
			<x17>122.571429</x17>
			<y17>186.126984</y17>
			<x18>129.862434</x18>
			<y18>180.452381</y18>
			<x19>138.804233</x19>
			<y19>173.952381</y19>
			<x20>150.084656</x20>
			<y20>167.349206</y20>
			<x21>159.851852</x21>
			<y21>163.531746</y21>
			<x22>179.248677</x22>
			<y22>155.174603</y22>
			<x23>181.449735</x23>
			<y23>155.174603</y23>
			<x24>185.851852</x24>
			<y24>153.214286</y24>
			<x25>190.666667</x25>
			<y25>151.047619</y25>
			<x26>192.31746</x26>
			<y26>150.222222</y26>
			<x27>195.206349</x27>
			<y27>153.31746</y27>
			<x28>198.095238</x28>
			<y28>154.246032</y28>
			<x29>200.021164</x29>
			<y29>148.674603</y29>
			<x30>199.058201</x30>
			<y30>144.753968</y30>
			<x31>187.640212</x31>
			<y31>142.690476</y31>
			<x32>180.486772</x32>
			<y32>141.65873</y32>
			<x33>175.396825</x33>
			<y33>132.785714</y33>
			<x34>175.94709</x34>
			<y34>130.619048</y34>
			<x35>172.920635</x35>
			<y35>124.325397</y35>
			<x36>170.444444</x36>
			<y36>123.706349</y36>
			<x37>169.343915</x37>
			<y37>120.714286</y37>
			<x38>167.417989</x38>
			<y38>118.960317</y38>
			<x39>164.804233</x39>
			<y39>116.174603</y39>
			<x40>156</x40>
			<y40>116.380952</y40>
			<x41>141.555556</x41>
			<y41>113.698413</y41>
			<x42>129.449735</x42>
			<y42>111.634921</y42>
			<x43>126.010582</x43>
			<y43>110.087302</y43>
			<x44>119.544974</x44>
			<y44>105.650794</y44>
		</polygon>
	</object>
	<object>
		<name>Other plastic</name>
		<pose>Unspecified</pose>
		<truncated>0</truncated>
		<difficult>0</difficult>
		<occluded>0</occluded>
		<bndbox>
			<xmin>348</xmin>
			<xmax>354</xmax>
			<ymin>322</ymin>
			<ymax>327</ymax>
		</bndbox>
		<polygon>
			<x1>352.994709</x1>
			<y1>322.730159</y1>
			<x2>350.793651</x2>
			<y2>321.18254</y2>
			<x3>347.354497</x3>
			<y3>322.214286</y3>
			<x4>347.492063</x4>
			<y4>325.206349</y4>
			<x5>349.693122</x5>
			<y5>326.134921</y5>
			<x6>352.719577</x6>
			<y6>325.103175</y6>
			<x7>352.994709</x7>
			<y7>322.730159</y7>
		</polygon>
	</object>
	<object>
		<name>Unlabeled litter</name>
		<pose>Unspecified</pose>
		<truncated>0</truncated>
		<difficult>0</difficult>
		<occluded>0</occluded>
		<bndbox>
			<xmin>47</xmin>
			<xmax>67</xmax>
			<ymin>150</ymin>
			<ymax>158</ymax>
		</bndbox>
		<polygon>
			<x1>62.867725</x1>
			<y1>157.031746</y1>
			<x2>66.031746</x2>
			<y2>153.31746</y2>
			<x3>62.179894</x3>
			<y3>149.706349</y3>
			<x4>56.539683</x4>
			<y4>149.396825</y4>
			<x5>48.010582</x5>
			<y5>153.214286</y5>
			<x6>45.809524</x6>
			<y6>155.277778</y6>
			<x7>62.867725</x7>
			<y7>157.031746</y7>
		</polygon>
	</object>
</annotation>
