<annotation>
	<folder></folder>
	<filename>000042_jpg.rf.5aac1cbe65c83f4406e7487870f563c9.jpg</filename>
	<path>000042_jpg.rf.5aac1cbe65c83f4406e7487870f563c9.jpg</path>
	<source>
		<database>roboflow.ai</database>
	</source>
	<size>
		<width>416</width>
		<height>416</height>
		<depth>3</depth>
	</size>
	<segmented>0</segmented>
	<object>
		<name>Clear plastic bottle</name>
		<pose>Unspecified</pose>
		<truncated>0</truncated>
		<difficult>0</difficult>
		<occluded>0</occluded>
		<bndbox>
			<xmin>42</xmin>
			<xmax>54</xmax>
			<ymin>199</ymin>
			<ymax>204</ymax>
		</bndbox>
		<polygon>
			<x1>46.77451</x1>
			<y1>203.24183</y1>
			<x2>53.401961</x2>
			<y2>202.901961</y2>
			<x3>44.352941</x3>
			<y3>198.48366</y3>
			<x4>42.441176</x4>
			<y4>198.48366</y4>
			<x5>40.656863</x5>
			<y5>201.03268</y5>
			<x6>41.166667</x6>
			<y6>203.071895</y6>
			<x7>43.078431</x7>
			<y7>202.392157</y7>
			<x8>46.77451</x8>
			<y8>203.24183</y8>
		</polygon>
	</object>
	<object>
		<name>Clear plastic bottle</name>
		<pose>Unspecified</pose>
		<truncated>0</truncated>
		<difficult>0</difficult>
		<occluded>0</occluded>
		<bndbox>
			<xmin>214</xmin>
			<xmax>234</xmax>
			<ymin>199</ymin>
			<ymax>208</ymax>
		</bndbox>
		<polygon>
			<x1>214.882353</x1>
			<y1>205.111111</y1>
			<x2>217.303922</x2>
			<y2>207.150327</y2>
			<x3>221</x3>
			<y3>207.150327</y3>
			<x4>233.362745</x4>
			<y4>206.300654</y4>
			<x5>233.235294</x5>
			<y5>200.352941</y5>
			<x6>232.852941</x6>
			<y6>197.803922</y6>
			<x7>223.803922</x7>
			<y7>198.653595</y7>
			<x8>217.686275</x8>
			<y8>199.503268</y8>
			<x9>214.754902</x9>
			<y9>202.392157</y9>
			<x10>213.098039</x10>
			<y10>202.732026</y10>
			<x11>213.480392</x11>
			<y11>205.111111</y11>
			<x12>214.882353</x12>
			<y12>205.111111</y12>
		</polygon>
	</object>
	<object>
		<name>Other plastic wrapper</name>
		<pose>Unspecified</pose>
		<truncated>0</truncated>
		<difficult>0</difficult>
		<occluded>0</occluded>
		<bndbox>
			<xmin>311</xmin>
			<xmax>318</xmax>
			<ymin>199</ymin>
			<ymax>204</ymax>
		</bndbox>
		<polygon>
			<x1>311.872549</x1>
			<y1>197.633987</y1>
			<x2>309.833333</x2>
			<y2>200.862745</y2>
			<x3>315.696078</x3>
			<y3>202.562092</y3>
			<x4>316.970588</x4>
			<y4>200.352941</y4>
			<x5>311.872549</x5>
			<y5>197.633987</y5>
		</polygon>
	</object>
	<object>
		<name>Unlabeled litter</name>
		<pose>Unspecified</pose>
		<truncated>0</truncated>
		<difficult>0</difficult>
		<occluded>0</occluded>
		<bndbox>
			<xmin>326</xmin>
			<xmax>332</xmax>
			<ymin>202</ymin>
			<ymax>205</ymax>
		</bndbox>
		<polygon>
			<x1>330.098039</x1>
			<y1>200.862745</y1>
			<x2>324.617647</x2>
			<y2>201.202614</y2>
			<x3>328.186275</x3>
			<y3>203.581699</y3>
			<x4>330.862745</x4>
			<y4>203.24183</y4>
			<x5>330.098039</x5>
			<y5>200.862745</y5>
		</polygon>
	</object>
</annotation>
