<annotation>
	<folder></folder>
	<filename>000051_jpg.rf.de45b8c12c09e2886259b95145216652.jpg</filename>
	<path>000051_jpg.rf.de45b8c12c09e2886259b95145216652.jpg</path>
	<source>
		<database>roboflow.ai</database>
	</source>
	<size>
		<width>416</width>
		<height>416</height>
		<depth>3</depth>
	</size>
	<segmented>0</segmented>
	<object>
		<name>Other plastic</name>
		<pose>Unspecified</pose>
		<truncated>0</truncated>
		<difficult>0</difficult>
		<occluded>0</occluded>
		<bndbox>
			<xmin>306</xmin>
			<xmax>314</xmax>
			<ymin>95</ymin>
			<ymax>105</ymax>
		</bndbox>
		<polygon>
			<x1>305.185484</x1>
			<y1>103.860215</y1>
			<x2>306.967742</x2>
			<y2>104</y2>
			<x3>313.258065</x3>
			<y3>96.172043</y3>
			<x4>311.895161</x4>
			<y4>93.935484</y4>
			<x5>305.185484</x5>
			<y5>103.860215</y5>
		</polygon>
	</object>
	<object>
		<name>Cigarette</name>
		<pose>Unspecified</pose>
		<truncated>0</truncated>
		<difficult>0</difficult>
		<occluded>0</occluded>
		<bndbox>
			<xmin>37</xmin>
			<xmax>46</xmax>
			<ymin>52</ymin>
			<ymax>73</ymax>
		</bndbox>
		<polygon>
			<x1>42.983871</x1>
			<y1>51.72043</y1>
			<x2>40.677419</x2>
			<y2>50.88172</y2>
			<x3>35.854839</x3>
			<y3>52.55914</y3>
			<x4>39</x4>
			<y4>71.989247</y4>
			<x5>42.564516</x5>
			<y5>71.849462</y5>
			<x6>45.080645</x6>
			<y6>70.870968</y6>
			<x7>42.983871</x7>
			<y7>51.72043</y7>
		</polygon>
	</object>
	<object>
		<name>Cigarette</name>
		<pose>Unspecified</pose>
		<truncated>0</truncated>
		<difficult>0</difficult>
		<occluded>0</occluded>
		<bndbox>
			<xmin>11</xmin>
			<xmax>15</xmax>
			<ymin>182</ymin>
			<ymax>239</ymax>
		</bndbox>
		<polygon>
			<x1>12.266129</x1>
			<y1>181.021505</y1>
			<x2>10.483871</x2>
			<y2>237.774194</y2>
			<x3>13.104839</x3>
			<y3>236.516129</y3>
			<x4>14.258065</x4>
			<y4>181.021505</y4>
			<x5>12.266129</x5>
			<y5>181.021505</y5>
		</polygon>
	</object>
	<object>
		<name>Cigarette</name>
		<pose>Unspecified</pose>
		<truncated>0</truncated>
		<difficult>0</difficult>
		<occluded>0</occluded>
		<bndbox>
			<xmin>91</xmin>
			<xmax>103</xmax>
			<ymin>367</ymin>
			<ymax>388</ymax>
		</bndbox>
		<polygon>
			<x1>98.967742</x1>
			<y1>374.483871</y1>
			<x2>98.129032</x2>
			<y2>376.860215</y2>
			<x3>96.451613</x3>
			<y3>377.139785</y3>
			<x4>97.290323</x4>
			<y4>370.010753</y4>
			<x5>96.346774</x5>
			<y5>365.817204</y5>
			<x6>90.266129</x6>
			<y6>370.150538</y6>
			<x7>94.354839</x7>
			<y7>380.913978</y7>
			<x8>98.967742</x8>
			<y8>386.645161</y8>
			<x9>102.217742</x9>
			<y9>383.150538</y9>
			<x10>98.967742</x10>
			<y10>374.483871</y10>
		</polygon>
	</object>
	<object>
		<name>Other plastic</name>
		<pose>Unspecified</pose>
		<truncated>0</truncated>
		<difficult>0</difficult>
		<occluded>0</occluded>
		<bndbox>
			<xmin>303</xmin>
			<xmax>312</xmax>
			<ymin>377</ymin>
			<ymax>403</ymax>
		</bndbox>
		<polygon>
			<x1>307.072581</x1>
			<y1>376.44086</y1>
			<x2>301.935484</x2>
			<y2>377.55914</y2>
			<x3>306.33871</x3>
			<y3>400.763441</y3>
			<x4>308.854839</x4>
			<y4>402.301075</y4>
			<x5>311.266129</x5>
			<y5>400.903226</y5>
			<x6>307.072581</x6>
			<y6>376.44086</y6>
		</polygon>
	</object>
	<object>
		<name>Other plastic</name>
		<pose>Unspecified</pose>
		<truncated>0</truncated>
		<difficult>0</difficult>
		<occluded>0</occluded>
		<bndbox>
			<xmin>261</xmin>
			<xmax>264</xmax>
			<ymin>287</ymin>
			<ymax>292</ymax>
		</bndbox>
		<polygon>
			<x1>260.314516</x1>
			<y1>289.354839</y1>
			<x2>262.306452</x2>
			<y2>291.311828</y2>
			<x3>262.830645</x3>
			<y3>289.215054</y3>
			<x4>260.314516</x4>
			<y4>286.419355</y4>
			<x5>260.314516</x5>
			<y5>289.354839</y5>
		</polygon>
	</object>
	<object>
		<name>Other plastic</name>
		<pose>Unspecified</pose>
		<truncated>0</truncated>
		<difficult>0</difficult>
		<occluded>0</occluded>
		<bndbox>
			<xmin>193</xmin>
			<xmax>195</xmax>
			<ymin>295</ymin>
			<ymax>300</ymax>
		</bndbox>
		<polygon>
			<x1>191.75</x1>
			<y1>296.903226</y1>
			<x2>191.959677</x2>
			<y2>299</y2>
			<x3>194.266129</x3>
			<y3>298.16129</y3>
			<x4>193.322581</x4>
			<y4>294.107527</y4>
			<x5>191.75</x5>
			<y5>296.903226</y5>
		</polygon>
	</object>
	<object>
		<name>Other plastic</name>
		<pose>Unspecified</pose>
		<truncated>0</truncated>
		<difficult>0</difficult>
		<occluded>0</occluded>
		<bndbox>
			<xmin>175</xmin>
			<xmax>184</xmax>
			<ymin>258</ymin>
			<ymax>270</ymax>
		</bndbox>
		<polygon>
			<x1>182.629032</x1>
			<y1>262.236559</y1>
			<x2>177.491935</x2>
			<y2>257.064516</y2>
			<x3>174.346774</x3>
			<y3>264.053763</y3>
			<x4>173.927419</x4>
			<y4>266.010753</y4>
			<x5>177.701613</x5>
			<y5>269.365591</y5>
			<x6>182.629032</x6>
			<y6>262.236559</y6>
		</polygon>
	</object>
	<object>
		<name>Other plastic</name>
		<pose>Unspecified</pose>
		<truncated>0</truncated>
		<difficult>0</difficult>
		<occluded>0</occluded>
		<bndbox>
			<xmin>144</xmin>
			<xmax>146</xmax>
			<ymin>264</ymin>
			<ymax>268</ymax>
		</bndbox>
		<polygon>
			<x1>143.314516</x1>
			<y1>263.075269</y1>
			<x2>142.580645</x2>
			<y2>266.989247</y2>
			<x3>145.306452</x3>
			<y3>266.290323</y3>
			<x4>143.314516</x4>
			<y4>263.075269</y4>
		</polygon>
	</object>
	<object>
		<name>Other plastic</name>
		<pose>Unspecified</pose>
		<truncated>0</truncated>
		<difficult>0</difficult>
		<occluded>0</occluded>
		<bndbox>
			<xmin>111</xmin>
			<xmax>115</xmax>
			<ymin>386</ymin>
			<ymax>392</ymax>
		</bndbox>
		<polygon>
			<x1>111.862903</x1>
			<y1>385.247312</y1>
			<x2>110.395161</x2>
			<y2>388.462366</y2>
			<x3>112.282258</x3>
			<y3>390.698925</y3>
			<x4>113.959677</x4>
			<y4>387.903226</y4>
			<x5>111.862903</x5>
			<y5>385.247312</y5>
		</polygon>
	</object>
	<object>
		<name>Other plastic</name>
		<pose>Unspecified</pose>
		<truncated>0</truncated>
		<difficult>0</difficult>
		<occluded>0</occluded>
		<bndbox>
			<xmin>52</xmin>
			<xmax>62</xmax>
			<ymin>329</ymin>
			<ymax>350</ymax>
		</bndbox>
		<polygon>
			<x1>60.91129</x1>
			<y1>342.333333</y1>
			<x2>60.806452</x2>
			<y2>327.655914</y2>
			<x3>57.137097</x3>
			<y3>327.655914</y3>
			<x4>56.403226</x4>
			<y4>332.408602</y4>
			<x5>51.790323</x5>
			<y5>338.419355</y5>
			<x6>50.951613</x6>
			<y6>346.666667</y6>
			<x7>52.209677</x7>
			<y7>347.924731</y7>
			<x8>59.862903</x8>
			<y8>349.182796</y8>
			<x9>60.91129</x9>
			<y9>342.333333</y9>
		</polygon>
	</object>
	<object>
		<name>Other plastic</name>
		<pose>Unspecified</pose>
		<truncated>0</truncated>
		<difficult>0</difficult>
		<occluded>0</occluded>
		<bndbox>
			<xmin>301</xmin>
			<xmax>306</xmax>
			<ymin>122</ymin>
			<ymax>126</ymax>
		</bndbox>
		<polygon>
			<x1>302.774194</x1>
			<y1>121.333333</y1>
			<x2>299.83871</x2>
			<y2>124.688172</y2>
			<x3>302.459677</x3>
			<y3>125.387097</y3>
			<x4>304.766129</x4>
			<y4>122.032258</y4>
			<x5>302.774194</x5>
			<y5>121.333333</y5>
		</polygon>
	</object>
	<object>
		<name>Unlabeled litter</name>
		<pose>Unspecified</pose>
		<truncated>0</truncated>
		<difficult>0</difficult>
		<occluded>0</occluded>
		<bndbox>
			<xmin>156</xmin>
			<xmax>182</xmax>
			<ymin>217</ymin>
			<ymax>245</ymax>
		</bndbox>
		<polygon>
			<x1>170.258065</x1>
			<y1>216.247312</y1>
			<x2>155.790323</x2>
			<y2>224.075269</y2>
			<x3>155.266129</x3>
			<y3>226.591398</y3>
			<x4>156.629032</x4>
			<y4>226.451613</y4>
			<x5>156.419355</x5>
			<y5>233.72043</y5>
			<x6>156.83871</x6>
			<y6>243.505376</y6>
			<x7>159.25</x7>
			<y7>243.784946</y7>
			<x8>169.314516</x8>
			<y8>239.172043</y8>
			<x9>181.056452</x9>
			<y9>230.784946</y9>
			<x10>180.322581</x10>
			<y10>229.387097</y10>
			<x11>171.620968</x11>
			<y11>233.44086</y11>
			<x12>171.830645</x12>
			<y12>219.322581</y12>
			<x13>171.201613</x13>
			<y13>216.107527</y13>
			<x14>170.362903</x14>
			<y14>219.602151</y14>
			<x15>169.419355</x15>
			<y15>234.83871</y15>
			<x16>158.201613</x16>
			<y16>241.967742</y16>
			<x17>158.620968</x17>
			<y17>226.032258</y17>
			<x18>169.733871</x18>
			<y18>219.462366</y18>
			<x19>170.258065</x19>
			<y19>216.247312</y19>
		</polygon>
	</object>
	<object>
		<name>Cigarette</name>
		<pose>Unspecified</pose>
		<truncated>0</truncated>
		<difficult>0</difficult>
		<occluded>0</occluded>
		<bndbox>
			<xmin>40</xmin>
			<xmax>47</xmax>
			<ymin>221</ymin>
			<ymax>241</ymax>
		</bndbox>
		<polygon>
			<x1>45.185484</x1>
			<y1>233.16129</y1>
			<x2>45.814516</x2>
			<y2>230.086022</y2>
			<x3>45.185484</x3>
			<y3>220.860215</y3>
			<x4>42.564516</x4>
			<y4>220.44086</y4>
			<x5>39.209677</x5>
			<y5>221.139785</y5>
			<x6>40.572581</x6>
			<y6>239.731183</y6>
			<x7>45.709677</x7>
			<y7>239.451613</y7>
			<x8>44.451613</x8>
			<y8>237.354839</y8>
			<x9>45.185484</x9>
			<y9>233.16129</y9>
		</polygon>
	</object>
	<object>
		<name>Cigarette</name>
		<pose>Unspecified</pose>
		<truncated>0</truncated>
		<difficult>0</difficult>
		<occluded>0</occluded>
		<bndbox>
			<xmin>69</xmin>
			<xmax>85</xmax>
			<ymin>343</ymin>
			<ymax>357</ymax>
		</bndbox>
		<polygon>
			<x1>83.766129</x1>
			<y1>350.301075</y1>
			<x2>82.927419</x2>
			<y2>342.473118</y2>
			<x3>67.725806</x3>
			<y3>347.924731</y3>
			<x4>68.145161</x4>
			<y4>353.096774</y4>
			<x5>68.879032</x5>
			<y5>356.032258</y5>
			<x6>83.766129</x6>
			<y6>350.301075</y6>
		</polygon>
	</object>
	<object>
		<name>Cigarette</name>
		<pose>Unspecified</pose>
		<truncated>0</truncated>
		<difficult>0</difficult>
		<occluded>0</occluded>
		<bndbox>
			<xmin>93</xmin>
			<xmax>104</xmax>
			<ymin>395</ymin>
			<ymax>404</ymax>
		</bndbox>
		<polygon>
			<x1>94.669355</x1>
			<y1>394.053763</y1>
			<x2>92.153226</x2>
			<y2>399.365591</y2>
			<x3>102.427419</x3>
			<y3>402.580645</y3>
			<x4>102.951613</x4>
			<y4>396.430108</y4>
			<x5>94.669355</x5>
			<y5>394.053763</y5>
		</polygon>
	</object>
	<object>
		<name>Other plastic</name>
		<pose>Unspecified</pose>
		<truncated>0</truncated>
		<difficult>0</difficult>
		<occluded>0</occluded>
		<bndbox>
			<xmin>290</xmin>
			<xmax>293</xmax>
			<ymin>239</ymin>
			<ymax>243</ymax>
		</bndbox>
		<polygon>
			<x1>288.620968</x1>
			<y1>240.010753</y1>
			<x2>290.508065</x2>
			<y2>241.967742</y2>
			<x3>291.870968</x3>
			<y3>240.010753</y3>
			<x4>290.08871</x4>
			<y4>237.913978</y4>
			<x5>288.620968</x5>
			<y5>240.010753</y5>
		</polygon>
	</object>
</annotation>
