<annotation>
	<folder></folder>
	<filename>000068_JPG.rf.b2a0fc055396ea1c301885eb9d31d3e0.jpg</filename>
	<path>000068_JPG.rf.b2a0fc055396ea1c301885eb9d31d3e0.jpg</path>
	<source>
		<database>roboflow.ai</database>
	</source>
	<size>
		<width>416</width>
		<height>416</height>
		<depth>3</depth>
	</size>
	<segmented>0</segmented>
	<object>
		<name>Corrugated carton</name>
		<pose>Unspecified</pose>
		<truncated>0</truncated>
		<difficult>0</difficult>
		<occluded>0</occluded>
		<bndbox>
			<xmin>150</xmin>
			<xmax>288</xmax>
			<ymin>189</ymin>
			<ymax>248</ymax>
		</bndbox>
		<polygon>
			<x1>168.575163</x1>
			<y1>190.921569</y1>
			<x2>164.836601</x2>
			<y2>191.813725</y2>
			<x3>161.267974</x3>
			<y3>193.215686</y3>
			<x4>158.888889</x4>
			<y4>195.892157</y4>
			<x5>158.718954</x5>
			<y5>197.421569</y5>
			<x6>160.248366</x6>
			<y6>201.372549</y6>
			<x7>159.568627</x7>
			<y7>202.77451</y7>
			<x8>149.372549</x8>
			<y8>212.333333</y8>
			<x9>154.470588</x9>
			<y9>230.558824</y9>
			<x10>168.405229</x10>
			<y10>232.72549</y10>
			<x11>214.287582</x11>
			<y11>240.117647</y11>
			<x12>260.169935</x12>
			<y12>247.254902</y12>
			<x13>276.143791</x13>
			<y13>237.95098</y13>
			<x14>287.189542</x14>
			<y14>229.921569</y14>
			<x15>285.660131</x15>
			<y15>208.127451</y15>
			<x16>283.79085</x16>
			<y16>199.460784</y16>
			<x17>282.771242</x17>
			<y17>197.421569</y17>
			<x18>280.732026</x18>
			<y18>196.529412</y18>
			<x19>263.398693</x19>
			<y19>195.127451</y19>
			<x20>238.248366</x20>
			<y20>193.215686</y20>
			<x21>177.24183</x21>
			<y21>187.990196</y21>
			<x22>172.313725</x22>
			<y22>189.137255</y22>
			<x23>168.575163</x23>
			<y23>190.921569</y23>
		</polygon>
	</object>
	<object>
		<name>Cigarette</name>
		<pose>Unspecified</pose>
		<truncated>0</truncated>
		<difficult>0</difficult>
		<occluded>0</occluded>
		<bndbox>
			<xmin>54</xmin>
			<xmax>67</xmax>
			<ymin>224</ymin>
			<ymax>229</ymax>
		</bndbox>
		<polygon>
			<x1>53.359477</x1>
			<y1>223.294118</y1>
			<x2>53.359477</x2>
			<y2>225.588235</y2>
			<x3>58.797386</x3>
			<y3>226.098039</y3>
			<x4>63.895425</x4>
			<y4>227.882353</y4>
			<x5>65.934641</x5>
			<y5>226.098039</y5>
			<x6>60.156863</x6>
			<y6>224.313725</y6>
			<x7>53.359477</x7>
			<y7>223.294118</y7>
		</polygon>
	</object>
</annotation>
