<annotation>
	<folder></folder>
	<filename>000019_jpg.rf.8d04415b874e88c545e960b54f1cbc42.jpg</filename>
	<path>000019_jpg.rf.8d04415b874e88c545e960b54f1cbc42.jpg</path>
	<source>
		<database>roboflow.ai</database>
	</source>
	<size>
		<width>416</width>
		<height>416</height>
		<depth>3</depth>
	</size>
	<segmented>0</segmented>
	<object>
		<name>Scrap metal</name>
		<pose>Unspecified</pose>
		<truncated>0</truncated>
		<difficult>0</difficult>
		<occluded>0</occluded>
		<bndbox>
			<xmin>192</xmin>
			<xmax>221</xmax>
			<ymin>136</ymin>
			<ymax>284</ymax>
		</bndbox>
		<polygon>
			<x1>197.931373</x1>
			<y1>282.771242</y1>
			<x2>205.833333</x2>
			<y2>281.581699</y2>
			<x3>205.960784</x3>
			<y3>277.673203</y3>
			<x4>197.039216</x4>
			<y4>280.052288</y4>
			<x5>194.107843</x5>
			<y5>279.372549</y5>
			<x6>194.362745</x6>
			<y6>275.464052</y6>
			<x7>198.568627</x7>
			<y7>266.287582</y7>
			<x8>200.480392</x8>
			<y8>255.071895</y8>
			<x9>219.852941</x9>
			<y9>135.437908</y9>
			<x10>217.303922</x10>
			<y10>135.098039</y10>
			<x11>196.911765</x11>
			<y11>262.20915</y11>
			<x12>191.176471</x12>
			<y12>277.163399</y12>
			<x13>192.960784</x13>
			<y13>282.261438</y13>
			<x14>197.931373</x14>
			<y14>282.771242</y14>
		</polygon>
	</object>
</annotation>
