<annotation>
	<folder></folder>
	<filename>000049_jpg.rf.e5f8f3813377a6dbb6aca83daa8f3325.jpg</filename>
	<path>000049_jpg.rf.e5f8f3813377a6dbb6aca83daa8f3325.jpg</path>
	<source>
		<database>roboflow.ai</database>
	</source>
	<size>
		<width>416</width>
		<height>416</height>
		<depth>3</depth>
	</size>
	<segmented>0</segmented>
	<object>
		<name>Unlabeled litter</name>
		<pose>Unspecified</pose>
		<truncated>0</truncated>
		<difficult>0</difficult>
		<occluded>0</occluded>
		<bndbox>
			<xmin>169</xmin>
			<xmax>248</xmax>
			<ymin>216</ymin>
			<ymax>300</ymax>
		</bndbox>
		<polygon>
			<x1>173.333333</x1>
			<y1>298.915033</y1>
			<x2>190.921569</x2>
			<y2>281.071895</y2>
			<x3>200.22549</x3>
			<y3>282.771242</y3>
			<x4>209.019608</x4>
			<y4>277.163399</y4>
			<x5>210.54902</x5>
			<y5>269.346405</y5>
			<x6>217.686275</x6>
			<y6>269.176471</y6>
			<x7>225.588235</x7>
			<y7>263.398693</y7>
			<x8>246.745098</x8>
			<y8>228.562092</y8>
			<x9>228.77451</x9>
			<y9>214.96732</y9>
			<x10>208.509804</x10>
			<y10>244.026144</y10>
			<x11>190.921569</x11>
			<y11>251.673203</y11>
			<x12>171.676471</x12>
			<y12>260.509804</y12>
			<x13>168.107843</x13>
			<y13>277.163399</y13>
			<x14>169.127451</x14>
			<y14>282.431373</y14>
			<x15>173.333333</x15>
			<y15>298.915033</y15>
		</polygon>
	</object>
</annotation>
