<annotation>
	<folder></folder>
	<filename>000045_jpg.rf.ce2572f3a3ea4a25aa9aa90a145e67d9.jpg</filename>
	<path>000045_jpg.rf.ce2572f3a3ea4a25aa9aa90a145e67d9.jpg</path>
	<source>
		<database>roboflow.ai</database>
	</source>
	<size>
		<width>416</width>
		<height>416</height>
		<depth>3</depth>
	</size>
	<segmented>0</segmented>
	<object>
		<name>Cigarette</name>
		<pose>Unspecified</pose>
		<truncated>0</truncated>
		<difficult>0</difficult>
		<occluded>0</occluded>
		<bndbox>
			<xmin>162</xmin>
			<xmax>195</xmax>
			<ymin>239</ymin>
			<ymax>273</ymax>
		</bndbox>
		<polygon>
			<x1>167.693122</x1>
			<y1>271.865079</y1>
			<x2>171.544974</x2>
			<y2>269.285714</y2>
			<x3>194.380952</x3>
			<y3>241.944444</y3>
			<x4>186.126984</x4>
			<y4>237.920635</y4>
			<x5>160.952381</x5>
			<y5>265.15873</y5>
			<x6>162.328042</x6>
			<y6>266.809524</y6>
			<x7>161.502646</x7>
			<y7>267.84127</y7>
			<x8>167.693122</x8>
			<y8>271.865079</y8>
		</polygon>
	</object>
	<object>
		<name>Cigarette</name>
		<pose>Unspecified</pose>
		<truncated>0</truncated>
		<difficult>0</difficult>
		<occluded>0</occluded>
		<bndbox>
			<xmin>92</xmin>
			<xmax>130</xmax>
			<ymin>275</ymin>
			<ymax>309</ymax>
		</bndbox>
		<polygon>
			<x1>93.269841</x1>
			<y1>277.436508</y1>
			<x2>91.068783</x2>
			<y2>279.087302</y2>
			<x3>95.883598</x3>
			<y3>282.801587</y3>
			<x4>99.185185</x4>
			<y4>287.857143</y4>
			<x5>108.539683</x5>
			<y5>297.761905</y5>
			<x6>119.544974</x6>
			<y6>307.769841</y6>
			<x7>129.174603</x7>
			<y7>301.68254</y7>
			<x8>124.084656</x8>
			<y8>296.626984</y8>
			<x9>119.957672</x9>
			<y9>290.952381</y9>
			<x10>107.439153</x10>
			<y10>280.015873</y10>
			<x11>101.798942</x11>
			<y11>273.722222</y11>
			<x12>98.772487</x12>
			<y12>273.825397</y12>
			<x13>95.746032</x13>
			<y13>276.920635</y13>
			<x14>93.269841</x14>
			<y14>277.436508</y14>
		</polygon>
	</object>
</annotation>
