<annotation>
	<folder></folder>
	<filename>000053_jpg.rf.188349d286fdfcba93d0e06a31ee6600.jpg</filename>
	<path>000053_jpg.rf.188349d286fdfcba93d0e06a31ee6600.jpg</path>
	<source>
		<database>roboflow.ai</database>
	</source>
	<size>
		<width>416</width>
		<height>416</height>
		<depth>3</depth>
	</size>
	<segmented>0</segmented>
	<object>
		<name>Drink carton</name>
		<pose>Unspecified</pose>
		<truncated>0</truncated>
		<difficult>0</difficult>
		<occluded>0</occluded>
		<bndbox>
			<xmin>74</xmin>
			<xmax>98</xmax>
			<ymin>233</ymin>
			<ymax>263</ymax>
		</bndbox>
		<polygon>
			<x1>96.22549</x1>
			<y1>250.653595</y1>
			<x2>94.058824</x2>
			<y2>244.366013</y2>
			<x3>95.078431</x3>
			<y3>242.496732</y3>
			<x4>94.058824</x4>
			<y4>239.267974</y4>
			<x5>91.127451</x5>
			<y5>232.130719</y5>
			<x6>73.411765</x6>
			<y6>243.346405</y6>
			<x7>80.676471</x7>
			<y7>262.379085</y7>
			<x8>96.735294</x8>
			<y8>252.69281</y8>
			<x9>96.22549</x9>
			<y9>250.653595</y9>
		</polygon>
	</object>
	<object>
		<name>Plastic straw</name>
		<pose>Unspecified</pose>
		<truncated>0</truncated>
		<difficult>0</difficult>
		<occluded>0</occluded>
		<bndbox>
			<xmin>72</xmin>
			<xmax>79</xmax>
			<ymin>256</ymin>
			<ymax>259</ymax>
		</bndbox>
		<polygon>
			<x1>78.254902</x1>
			<y1>256.771242</y1>
			<x2>77.617647</x2>
			<y2>254.901961</y2>
			<x3>75.833333</x3>
			<y3>255.921569</y3>
			<x4>71.245098</x4>
			<y4>255.751634</y4>
			<x5>70.990196</x5>
			<y5>257.620915</y5>
			<x6>75.960784</x6>
			<y6>257.960784</y6>
			<x7>78.254902</x7>
			<y7>256.771242</y7>
		</polygon>
	</object>
	<object>
		<name>Cigarette</name>
		<pose>Unspecified</pose>
		<truncated>0</truncated>
		<difficult>0</difficult>
		<occluded>0</occluded>
		<bndbox>
			<xmin>95</xmin>
			<xmax>113</xmax>
			<ymin>229</ymin>
			<ymax>256</ymax>
		</bndbox>
		<polygon>
			<x1>95.843137</x1>
			<y1>241.137255</y1>
			<x2>94.696078</x2>
			<y2>244.026144</y2>
			<x3>96.735294</x3>
			<y3>251.333333</y3>
			<x4>99.921569</x4>
			<y4>254.901961</y4>
			<x5>103.745098</x5>
			<y5>254.562092</y5>
			<x6>107.313725</x6>
			<y6>253.03268</y6>
			<x7>108.843137</x7>
			<y7>250.48366</y7>
			<x8>108.970588</x8>
			<y8>246.575163</y8>
			<x9>108.843137</x9>
			<y9>243.176471</y9>
			<x10>111.009804</x10>
			<y10>239.777778</y10>
			<x11>112.156863</x11>
			<y11>236.20915</y11>
			<x12>112.029412</x12>
			<y12>233.320261</y12>
			<x13>110.245098</x13>
			<y13>234.679739</y13>
			<x14>107.313725</x14>
			<y14>231.111111</y14>
			<x15>105.019608</x15>
			<y15>231.111111</y15>
			<x16>103.235294</x16>
			<y16>228.392157</y16>
			<x17>101.068627</x17>
			<y17>230.261438</y17>
			<x18>100.04902</x18>
			<y18>234.849673</y18>
			<x19>95.333333</x19>
			<y19>235.019608</y19>
			<x20>93.931373</x20>
			<y20>236.20915</y20>
			<x21>93.931373</x21>
			<y21>238.418301</y21>
			<x22>95.843137</x22>
			<y22>241.137255</y22>
		</polygon>
	</object>
	<object>
		<name>Cigarette</name>
		<pose>Unspecified</pose>
		<truncated>0</truncated>
		<difficult>0</difficult>
		<occluded>0</occluded>
		<bndbox>
			<xmin>235</xmin>
			<xmax>249</xmax>
			<ymin>375</ymin>
			<ymax>380</ymax>
		</bndbox>
		<polygon>
			<x1>248.019608</x1>
			<y1>378.444444</y1>
			<x2>247.127451</x2>
			<y2>374.196078</y2>
			<x3>240.5</x3>
			<y3>375.555556</y3>
			<x4>234</x4>
			<y4>375.555556</y4>
			<x5>233.872549</x5>
			<y5>378.444444</y5>
			<x6>239.352941</x6>
			<y6>379.124183</y6>
			<x7>248.019608</x7>
			<y7>378.444444</y7>
		</polygon>
	</object>
	<object>
		<name>Cigarette</name>
		<pose>Unspecified</pose>
		<truncated>0</truncated>
		<difficult>0</difficult>
		<occluded>0</occluded>
		<bndbox>
			<xmin>252</xmin>
			<xmax>259</xmax>
			<ymin>353</ymin>
			<ymax>361</ymax>
		</bndbox>
		<polygon>
			<x1>256.176471</x1>
			<y1>352.104575</y1>
			<x2>253.372549</x2>
			<y2>352.784314</y2>
			<x3>250.568627</x3>
			<y3>356.862745</y3>
			<x4>252.352941</x4>
			<y4>360.091503</y4>
			<x5>257.833333</x5>
			<y5>355.163399</y5>
			<x6>256.176471</x6>
			<y6>352.104575</y6>
		</polygon>
	</object>
	<object>
		<name>Cigarette</name>
		<pose>Unspecified</pose>
		<truncated>0</truncated>
		<difficult>0</difficult>
		<occluded>0</occluded>
		<bndbox>
			<xmin>233</xmin>
			<xmax>240</xmax>
			<ymin>319</ymin>
			<ymax>323</ymax>
		</bndbox>
		<polygon>
			<x1>238.588235</x1>
			<y1>319.137255</y1>
			<x2>232.470588</x2>
			<y2>317.607843</y2>
			<x3>231.833333</x3>
			<y3>319.647059</y3>
			<x4>238.333333</x4>
			<y4>321.51634</y4>
			<x5>238.588235</x5>
			<y5>319.137255</y5>
		</polygon>
	</object>
	<object>
		<name>Plastic film</name>
		<pose>Unspecified</pose>
		<truncated>0</truncated>
		<difficult>0</difficult>
		<occluded>0</occluded>
		<bndbox>
			<xmin>266</xmin>
			<xmax>270</xmax>
			<ymin>313</ymin>
			<ymax>324</ymax>
		</bndbox>
		<polygon>
			<x1>267.392157</x1>
			<y1>312.169935</y1>
			<x2>264.715686</x2>
			<y2>320.836601</y2>
			<x3>267.137255</x3>
			<y3>322.535948</y3>
			<x4>269.04902</x4>
			<y4>313.019608</y4>
			<x5>267.392157</x5>
			<y5>312.169935</y5>
		</polygon>
	</object>
	<object>
		<name>Unlabeled litter</name>
		<pose>Unspecified</pose>
		<truncated>0</truncated>
		<difficult>0</difficult>
		<occluded>0</occluded>
		<bndbox>
			<xmin>229</xmin>
			<xmax>256</xmax>
			<ymin>345</ymin>
			<ymax>375</ymax>
		</bndbox>
		<polygon>
			<x1>247.637255</x1>
			<y1>353.294118</y1>
			<x2>245.343137</x2>
			<y2>353.124183</y2>
			<x3>244.068627</x3>
			<y3>351.594771</y3>
			<x4>238.333333</x4>
			<y4>344.287582</y4>
			<x5>235.147059</x5>
			<y5>345.816993</y5>
			<x6>235.656863</x6>
			<y6>352.444444</y6>
			<x7>231.833333</x7>
			<y7>351.084967</y7>
			<x8>229.029412</x8>
			<y8>350.575163</y8>
			<x9>228.009804</x9>
			<y9>353.973856</y9>
			<x10>228.647059</x10>
			<y10>356.183007</y10>
			<x11>228.392157</x11>
			<y11>359.411765</y11>
			<x12>233.235294</x12>
			<y12>359.071895</y12>
			<x13>237.313725</x13>
			<y13>357.712418</y13>
			<x14>237.696078</x14>
			<y14>369.437908</y14>
			<x15>250.823529</x15>
			<y15>373.856209</y15>
			<x16>254.647059</x16>
			<y16>370.627451</y16>
			<x17>247.637255</x17>
			<y17>353.294118</y17>
		</polygon>
	</object>
	<object>
		<name>Cigarette</name>
		<pose>Unspecified</pose>
		<truncated>0</truncated>
		<difficult>0</difficult>
		<occluded>0</occluded>
		<bndbox>
			<xmin>373</xmin>
			<xmax>379</xmax>
			<ymin>338</ymin>
			<ymax>351</ymax>
		</bndbox>
		<polygon>
			<x1>377.764706</x1>
			<y1>349.555556</y1>
			<x2>375.852941</x2>
			<y2>337.150327</y2>
			<x3>372.284314</x3>
			<y3>340.718954</y3>
			<x4>373.176471</x4>
			<y4>345.816993</y4>
			<x5>374.45098</x5>
			<y5>348.026144</y5>
			<x6>377.764706</x6>
			<y6>349.555556</y6>
		</polygon>
	</object>
	<object>
		<name>Cigarette</name>
		<pose>Unspecified</pose>
		<truncated>0</truncated>
		<difficult>0</difficult>
		<occluded>0</occluded>
		<bndbox>
			<xmin>232</xmin>
			<xmax>234</xmax>
			<ymin>282</ymin>
			<ymax>288</ymax>
		</bndbox>
		<polygon>
			<x1>231.833333</x1>
			<y1>280.562092</y1>
			<x2>231.196078</x2>
			<y2>287.019608</y2>
			<x3>233.235294</x3>
			<y3>287.359477</y3>
			<x4>233.362745</x4>
			<y4>280.901961</y4>
			<x5>231.833333</x5>
			<y5>280.562092</y5>
		</polygon>
	</object>
	<object>
		<name>Cigarette</name>
		<pose>Unspecified</pose>
		<truncated>0</truncated>
		<difficult>0</difficult>
		<occluded>0</occluded>
		<bndbox>
			<xmin>96</xmin>
			<xmax>103</xmax>
			<ymin>304</ymin>
			<ymax>310</ymax>
		</bndbox>
		<polygon>
			<x1>95.205882</x1>
			<y1>304.862745</y1>
			<x2>100.303922</x2>
			<y2>309.281046</y2>
			<x3>101.578431</x3>
			<y3>308.091503</y3>
			<x4>96.990196</x4>
			<y4>302.653595</y4>
			<x5>95.205882</x5>
			<y5>304.862745</y5>
		</polygon>
	</object>
	<object>
		<name>Cigarette</name>
		<pose>Unspecified</pose>
		<truncated>0</truncated>
		<difficult>0</difficult>
		<occluded>0</occluded>
		<bndbox>
			<xmin>386</xmin>
			<xmax>393</xmax>
			<ymin>412</ymin>
			<ymax>417</ymax>
		</bndbox>
		<polygon>
			<x1>386.04902</x1>
			<y1>410.901961</y1>
			<x2>384.77451</x2>
			<y2>413.960784</y2>
			<x3>386.941176</x3>
			<y3>415.660131</y3>
			<x4>391.529412</x4>
			<y4>415.660131</y4>
			<x5>386.04902</x5>
			<y5>410.901961</y5>
		</polygon>
	</object>
</annotation>
