<annotation>
	<folder></folder>
	<filename>000011_jpg.rf.f9ca50a42e5f097e89f6ae55d2ce5942.jpg</filename>
	<path>000011_jpg.rf.f9ca50a42e5f097e89f6ae55d2ce5942.jpg</path>
	<source>
		<database>roboflow.ai</database>
	</source>
	<size>
		<width>416</width>
		<height>416</height>
		<depth>3</depth>
	</size>
	<segmented>0</segmented>
	<object>
		<name>Clear plastic bottle</name>
		<pose>Unspecified</pose>
		<truncated>0</truncated>
		<difficult>0</difficult>
		<occluded>0</occluded>
		<bndbox>
			<xmin>178</xmin>
			<xmax>204</xmax>
			<ymin>215</ymin>
			<ymax>281</ymax>
		</bndbox>
		<polygon>
			<x1>187.607843</x1>
			<y1>270.068627</y1>
			<x2>187.607843</x2>
			<y2>273.509804</y2>
			<x3>187.777778</x3>
			<y3>278.735294</y3>
			<x4>193.045752</x4>
			<y4>279.5</y4>
			<x5>198.823529</x5>
			<y5>278.098039</y5>
			<x6>198.993464</x6>
			<y6>272.745098</y6>
			<x7>197.803922</x7>
			<y7>270.323529</y7>
			<x8>200.862745</x8>
			<y8>264.205882</y8>
			<x9>203.411765</x9>
			<y9>258.852941</y9>
			<x10>202.732026</x10>
			<y10>249.676471</y10>
			<x11>202.562092</x11>
			<y11>241.392157</y11>
			<x12>198.823529</x12>
			<y12>229.921569</y12>
			<x13>198.823529</x13>
			<y13>227.245098</y13>
			<x14>200.183007</x14>
			<y14>223.54902</y14>
			<x15>200.013072</x15>
			<y15>218.960784</y15>
			<x16>197.294118</x16>
			<y16>215.77451</y16>
			<x17>194.065359</x17>
			<y17>216.156863</y17>
			<x18>191.006536</x18>
			<y18>214.245098</y18>
			<x19>188.457516</x19>
			<y19>214.245098</y19>
			<x20>185.228758</x20>
			<y20>216.794118</y20>
			<x21>182.169935</x21>
			<y21>215.647059</y21>
			<x22>179.620915</x22>
			<y22>216.029412</y22>
			<x23>177.24183</x23>
			<y23>219.088235</y23>
			<x24>176.562092</x24>
			<y24>224.186275</y24>
			<x25>179.281046</x25>
			<y25>230.303922</y25>
			<x26>178.431373</x26>
			<y26>242.539216</y26>
			<x27>179.960784</x27>
			<y27>259.490196</y27>
			<x28>182.849673</x28>
			<y28>263.95098</y28>
			<x29>187.607843</x29>
			<y29>270.068627</y29>
		</polygon>
	</object>
	<object>
		<name>Plastic bottle cap</name>
		<pose>Unspecified</pose>
		<truncated>0</truncated>
		<difficult>0</difficult>
		<occluded>0</occluded>
		<bndbox>
			<xmin>188</xmin>
			<xmax>200</xmax>
			<ymin>275</ymin>
			<ymax>281</ymax>
		</bndbox>
		<polygon>
			<x1>199.163399</x1>
			<y1>277.970588</y1>
			<x2>198.823529</x2>
			<y2>274.019608</y2>
			<x3>192.535948</x3>
			<y3>273.764706</y3>
			<x4>187.947712</x4>
			<y4>274.656863</y4>
			<x5>187.437908</x5>
			<y5>279.117647</y5>
			<x6>193.555556</x6>
			<y6>279.5</y6>
			<x7>199.163399</x7>
			<y7>277.970588</y7>
		</polygon>
	</object>
	<object>
		<name>Cigarette</name>
		<pose>Unspecified</pose>
		<truncated>0</truncated>
		<difficult>0</difficult>
		<occluded>0</occluded>
		<bndbox>
			<xmin>284</xmin>
			<xmax>288</xmax>
			<ymin>127</ymin>
			<ymax>134</ymax>
		</bndbox>
		<polygon>
			<x1>282.601307</x1>
			<y1>132.676471</y1>
			<x2>284.640523</x2>
			<y2>132.931373</y2>
			<x3>286.849673</x3>
			<y3>126.176471</y3>
			<x4>283.960784</x4>
			<y4>125.921569</y4>
			<x5>282.601307</x5>
			<y5>132.676471</y5>
		</polygon>
	</object>
</annotation>
