<annotation>
	<folder></folder>
	<filename>000002_JPG.rf.9c42404bdf072b99f9a0641b5d8908e2.jpg</filename>
	<path>000002_JPG.rf.9c42404bdf072b99f9a0641b5d8908e2.jpg</path>
	<source>
		<database>roboflow.ai</database>
	</source>
	<size>
		<width>416</width>
		<height>416</height>
		<depth>3</depth>
	</size>
	<segmented>0</segmented>
	<object>
		<name>Plastic straw</name>
		<pose>Unspecified</pose>
		<truncated>0</truncated>
		<difficult>0</difficult>
		<occluded>0</occluded>
		<bndbox>
			<xmin>189</xmin>
			<xmax>226</xmax>
			<ymin>319</ymin>
			<ymax>371</ymax>
		</bndbox>
		<polygon>
			<x1>224.501333</x1>
			<y1>368.68</y1>
			<x2>224.570667</x2>
			<y2>367.536</y2>
			<x3>224.293333</x3>
			<y3>366.6</y3>
			<x4>213.754667</x4>
			<y4>352.248</y4>
			<x5>205.781333</x5>
			<y5>341.12</y5>
			<x6>195.381333</x6>
			<y6>326.352</y6>
			<x7>191.914667</x7>
			<y7>321.048</y7>
			<x8>189.210667</x8>
			<y8>317.512</y8>
			<x9>188.309333</x9>
			<y9>317.512</y9>
			<x10>187.824</x10>
			<y10>317.616</y10>
			<x11>187.685333</x11>
			<y11>318.344</y11>
			<x12>187.754667</x12>
			<y12>319.072</y12>
			<x13>196.837333</x13>
			<y13>333.008</y13>
			<x14>202.730667</x14>
			<y14>341.744</y14>
			<x15>210.634667</x15>
			<y15>352.768</y15>
			<x16>218.053333</x16>
			<y16>362.96</y16>
			<x17>222.976</x17>
			<y17>369.408</y17>
			<x18>223.530667</x18>
			<y18>369.616</y18>
			<x19>224.085333</x19>
			<y19>369.304</y19>
			<x20>224.501333</x20>
			<y20>368.68</y20>
		</polygon>
	</object>
	<object>
		<name>Other plastic</name>
		<pose>Unspecified</pose>
		<truncated>0</truncated>
		<difficult>0</difficult>
		<occluded>0</occluded>
		<bndbox>
			<xmin>230</xmin>
			<xmax>235</xmax>
			<ymin>332</ymin>
			<ymax>338</ymax>
		</bndbox>
		<polygon>
			<x1>233.930667</x1>
			<y1>333.216</y1>
			<x2>233.168</x2>
			<y2>331.968</y2>
			<x3>231.642667</x3>
			<y3>331.136</y3>
			<x4>230.464</x4>
			<y4>331.344</y4>
			<x5>229.562667</x5>
			<y5>332.592</y5>
			<x6>228.938667</x6>
			<y6>333.32</y6>
			<x7>228.8</x7>
			<y7>334.048</y7>
			<x8>229.770667</x8>
			<y8>336.336</y8>
			<x9>230.256</x9>
			<y9>336.96</y9>
			<x10>232.128</x10>
			<y10>336.024</y10>
			<x11>234.138667</x11>
			<y11>334.672</y11>
			<x12>233.930667</x12>
			<y12>333.216</y12>
		</polygon>
	</object>
	<object>
		<name>Unlabeled litter</name>
		<pose>Unspecified</pose>
		<truncated>0</truncated>
		<difficult>0</difficult>
		<occluded>0</occluded>
		<bndbox>
			<xmin>119</xmin>
			<xmax>124</xmax>
			<ymin>227</ymin>
			<ymax>231</ymax>
		</bndbox>
		<polygon>
			<x1>120.154667</x1>
			<y1>230.464</y1>
			<x2>120.778667</x2>
			<y2>229.632</y2>
			<x3>121.541333</x3>
			<y3>228.8</y3>
			<x4>122.512</x4>
			<y4>227.448</y4>
			<x5>122.512</x5>
			<y5>227.032</y5>
			<x6>121.68</x6>
			<y6>226.512</y6>
			<x7>121.333333</x7>
			<y7>226.408</y7>
			<x8>119.808</x8>
			<y8>227.968</y8>
			<x9>118.56</x9>
			<y9>229.008</y9>
			<x10>118.074667</x10>
			<y10>229.528</y10>
			<x11>119.184</x11>
			<y11>229.736</y11>
			<x12>119.808</x12>
			<y12>229.84</y12>
			<x13>120.154667</x13>
			<y13>230.464</y13>
		</polygon>
	</object>
</annotation>
