<annotation>
	<folder></folder>
	<filename>000096_JPG.rf.d661fd77de5a591254660bc5e4dc16d9.jpg</filename>
	<path>000096_JPG.rf.d661fd77de5a591254660bc5e4dc16d9.jpg</path>
	<source>
		<database>roboflow.ai</database>
	</source>
	<size>
		<width>416</width>
		<height>416</height>
		<depth>3</depth>
	</size>
	<segmented>0</segmented>
	<object>
		<name>Glass bottle</name>
		<pose>Unspecified</pose>
		<truncated>0</truncated>
		<difficult>0</difficult>
		<occluded>0</occluded>
		<bndbox>
			<xmin>174</xmin>
			<xmax>249</xmax>
			<ymin>231</ymin>
			<ymax>262</ymax>
		</bndbox>
		<polygon>
			<x1>173.673203</x1>
			<y1>252.183007</y1>
			<x2>175.882353</x2>
			<y2>259.150327</y2>
			<x3>177.581699</x3>
			<y3>261.019608</y3>
			<x4>182</x4>
			<y4>261.189542</y4>
			<x5>218.705882</x5>
			<y5>250.48366</y5>
			<x6>220.405229</x6>
			<y6>248.614379</y6>
			<x7>223.464052</x7>
			<y7>246.235294</y7>
			<x8>241.647059</x8>
			<y8>238.75817</y8>
			<x9>243.686275</x9>
			<y9>238.75817</y9>
			<x10>245.555556</x10>
			<y10>237.908497</y10>
			<x11>247.594771</x11>
			<y11>237.058824</y11>
			<x12>247.764706</x12>
			<y12>236.039216</y12>
			<x13>247.424837</x13>
			<y13>232.810458</y13>
			<x14>245.72549</x14>
			<y14>229.751634</y14>
			<x15>241.986928</x15>
			<y15>230.091503</y15>
			<x16>240.287582</x16>
			<y16>230.941176</y16>
			<x17>228.052288</x17>
			<y17>232.810458</y17>
			<x18>219.555556</x18>
			<y18>233.830065</y18>
			<x19>214.627451</x19>
			<y19>232.980392</y19>
			<x20>212.248366</x20>
			<y20>232.300654</y20>
			<x21>197.124183</x21>
			<y21>236.718954</y21>
			<x22>174.013072</x22>
			<y22>243.006536</y22>
			<x23>172.653595</x23>
			<y23>244.026144</y23>
			<x24>172.823529</x24>
			<y24>247.084967</y24>
			<x25>173.673203</x25>
			<y25>252.183007</y25>
		</polygon>
	</object>
	<object>
		<name>Drink carton</name>
		<pose>Unspecified</pose>
		<truncated>0</truncated>
		<difficult>0</difficult>
		<occluded>0</occluded>
		<bndbox>
			<xmin>1</xmin>
			<xmax>18</xmax>
			<ymin>188</ymin>
			<ymax>212</ymax>
		</bndbox>
		<polygon>
			<x1>2.888889</x1>
			<y1>211.058824</y1>
			<x2>17.163399</x2>
			<y2>201.882353</y2>
			<x3>16.993464</x3>
			<y3>191.176471</y3>
			<x4>4.588235</x4>
			<y4>187.437908</y4>
			<x5>0.339869</x5>
			<y5>191.006536</y5>
			<x6>0.169935</x6>
			<y6>210.039216</y6>
			<x7>2.888889</x7>
			<y7>211.058824</y7>
		</polygon>
	</object>
	<object>
		<name>Cigarette</name>
		<pose>Unspecified</pose>
		<truncated>0</truncated>
		<difficult>0</difficult>
		<occluded>0</occluded>
		<bndbox>
			<xmin>166</xmin>
			<xmax>176</xmax>
			<ymin>123</ymin>
			<ymax>127</ymax>
		</bndbox>
		<polygon>
			<x1>168.575163</x1>
			<y1>124.732026</y1>
			<x2>174.352941</x2>
			<y2>124.732026</y2>
			<x3>175.03268</x3>
			<y3>122.69281</y3>
			<x4>168.915033</x4>
			<y4>122.013072</y4>
			<x5>165.176471</x5>
			<y5>123.372549</y5>
			<x6>166.196078</x6>
			<y6>125.751634</y6>
			<x7>167.215686</x7>
			<y7>125.411765</y7>
			<x8>168.575163</x8>
			<y8>124.732026</y8>
		</polygon>
	</object>
</annotation>
