<annotation>
	<folder></folder>
	<filename>000031_jpg.rf.b04e0fb923174be17d55af467a010e82.jpg</filename>
	<path>000031_jpg.rf.b04e0fb923174be17d55af467a010e82.jpg</path>
	<source>
		<database>roboflow.ai</database>
	</source>
	<size>
		<width>416</width>
		<height>416</height>
		<depth>3</depth>
	</size>
	<segmented>0</segmented>
	<object>
		<name>Plastic film</name>
		<pose>Unspecified</pose>
		<truncated>0</truncated>
		<difficult>0</difficult>
		<occluded>0</occluded>
		<bndbox>
			<xmin>204</xmin>
			<xmax>250</xmax>
			<ymin>194</ymin>
			<ymax>224</ymax>
		</bndbox>
		<polygon>
			<x1>209.019608</x1>
			<y1>206.852941</y1>
			<x2>203.24183</x2>
			<y2>211.058824</y2>
			<x3>211.738562</x3>
			<y3>222.656863</y3>
			<x4>222.784314</x4>
			<y4>221.254902</y4>
			<x5>231.111111</x5>
			<y5>221.764706</y5>
			<x6>239.777778</x6>
			<y6>215.647059</y6>
			<x7>249.124183</x7>
			<y7>207.235294</y7>
			<x8>238.75817</x8>
			<y8>202.392157</y8>
			<x9>228.222222</x9>
			<y9>192.960784</y9>
			<x10>215.986928</x10>
			<y10>193.980392</y10>
			<x11>211.908497</x11>
			<y11>196.529412</y11>
			<x12>204.261438</x12>
			<y12>198.313725</y12>
			<x13>204.431373</x13>
			<y13>201.882353</y13>
			<x14>209.359477</x14>
			<y14>204.04902</y14>
			<x15>209.019608</x15>
			<y15>206.852941</y15>
		</polygon>
	</object>
	<object>
		<name>Unlabeled litter</name>
		<pose>Unspecified</pose>
		<truncated>0</truncated>
		<difficult>0</difficult>
		<occluded>0</occluded>
		<bndbox>
			<xmin>208</xmin>
			<xmax>249</xmax>
			<ymin>244</ymin>
			<ymax>278</ymax>
		</bndbox>
		<polygon>
			<x1>231.960784</x1>
			<y1>265.352941</y1>
			<x2>238.078431</x2>
			<y2>271.343137</y2>
			<x3>248.444444</x3>
			<y3>276.696078</y3>
			<x4>247.254902</x4>
			<y4>272.617647</y4>
			<x5>245.555556</x5>
			<y5>267.647059</y5>
			<x6>245.895425</x6>
			<y6>263.058824</y6>
			<x7>237.398693</x7>
			<y7>258.215686</y7>
			<x8>229.921569</x8>
			<y8>253.117647</y8>
			<x9>224.653595</x9>
			<y9>249.676471</y9>
			<x10>220.745098</x10>
			<y10>245.343137</y10>
			<x11>211.738562</x11>
			<y11>243.176471</y11>
			<x12>207.320261</x12>
			<y12>244.960784</y12>
			<x13>222.444444</x13>
			<y13>255.921569</y13>
			<x14>229.581699</x14>
			<y14>260.764706</y14>
			<x15>231.960784</x15>
			<y15>265.352941</y15>
		</polygon>
	</object>
</annotation>
