<annotation>
	<folder></folder>
	<filename>000010_jpg.rf.cdebd282dc32fc3c2d4571b797a7793c.jpg</filename>
	<path>000010_jpg.rf.cdebd282dc32fc3c2d4571b797a7793c.jpg</path>
	<source>
		<database>roboflow.ai</database>
	</source>
	<size>
		<width>416</width>
		<height>416</height>
		<depth>3</depth>
	</size>
	<segmented>0</segmented>
	<object>
		<name>Corrugated carton</name>
		<pose>Unspecified</pose>
		<truncated>0</truncated>
		<difficult>0</difficult>
		<occluded>0</occluded>
		<bndbox>
			<xmin>59</xmin>
			<xmax>202</xmax>
			<ymin>97</ymin>
			<ymax>184</ymax>
		</bndbox>
		<polygon>
			<x1>140.263158</x1>
			<y1>153.4</y1>
			<x2>163.526316</x2>
			<y2>154.336</y2>
			<x3>177.210526</x3>
			<y3>156</y3>
			<x4>175.385965</x4>
			<y4>169.312</y4>
			<x5>172.192982</x5>
			<y5>181.792</y5>
			<x6>178.350877</x6>
			<y6>182.728</y6>
			<x7>197.964912</x7>
			<y7>178.36</y7>
			<x8>200.929825</x8>
			<y8>124.072</y8>
			<x9>176.754386</x9>
			<y9>115.128</y9>
			<x10>172.192982</x10>
			<y10>112.216</y10>
			<x11>158.052632</x11>
			<y11>103.272</y11>
			<x12>150.070175</x12>
			<y12>100.256</y12>
			<x13>132.964912</x13>
			<y13>95.784</y13>
			<x14>71.614035</x14>
			<y14>97.448</y14>
			<x15>61.350877</x15>
			<y15>98.384</y15>
			<x16>58.385965</x16>
			<y16>101.192</y16>
			<x17>59.298246</x17>
			<y17>108.16</y17>
			<x18>66.140351</x18>
			<y18>132.808</y18>
			<x19>69.333333</x19>
			<y19>149.968</y19>
			<x20>92.824561</x20>
			<y20>166.608</y20>
			<x21>122.473684</x21>
			<y21>158.704</y21>
			<x22>140.263158</x22>
			<y22>153.4</y22>
		</polygon>
	</object>
	<object>
		<name>Corrugated carton</name>
		<pose>Unspecified</pose>
		<truncated>0</truncated>
		<difficult>0</difficult>
		<occluded>0</occluded>
		<bndbox>
			<xmin>95</xmin>
			<xmax>165</xmax>
			<ymin>121</ymin>
			<ymax>129</ymax>
		</bndbox>
		<polygon>
			<x1>152.122807</x1>
			<y1>120.12</y1>
			<x2>116.77193</x2>
			<y2>121.056</y2>
			<x3>110.157895</x3>
			<y3>121.992</y3>
			<x4>93.736842</x4>
			<y4>122.2</y4>
			<x5>118.368421</x5>
			<y5>127.504</y5>
			<x6>163.754386</x6>
			<y6>125.632</y6>
			<x7>152.122807</x7>
			<y7>120.12</y7>
		</polygon>
	</object>
	<object>
		<name>Corrugated carton</name>
		<pose>Unspecified</pose>
		<truncated>0</truncated>
		<difficult>0</difficult>
		<occluded>0</occluded>
		<bndbox>
			<xmin>201</xmin>
			<xmax>413</xmax>
			<ymin>109</ymin>
			<ymax>170</ymax>
		</bndbox>
		<polygon>
			<x1>394.789474</x1>
			<y1>128.336</y1>
			<x2>411.666667</x2>
			<y2>112.84</y2>
			<x3>388.631579</x3>
			<y3>115.752</y3>
			<x4>384.754386</x4>
			<y4>117.936</y4>
			<x5>365.368421</x5>
			<y5>121.368</y5>
			<x6>347.350877</x6>
			<y6>129.688</y6>
			<x7>336.631579</x7>
			<y7>129.688</y7>
			<x8>330.245614</x8>
			<y8>131.352</y8>
			<x9>281.894737</x9>
			<y9>128.024</y9>
			<x10>262.964912</x10>
			<y10>126.984</y10>
			<x11>249.052632</x11>
			<y11>125.008</y11>
			<x12>231.491228</x12>
			<y12>123.968</y12>
			<x13>232.859649</x13>
			<y13>121.992</y13>
			<x14>206.175439</x14>
			<y14>120.432</y14>
			<x15>204.350877</x15>
			<y15>118.768</y15>
			<x16>240.842105</x16>
			<y16>117.936</y16>
			<x17>269.122807</x17>
			<y17>108.784</y17>
			<x18>233.77193</x18>
			<y18>108.056</y18>
			<x19>201.385965</x19>
			<y19>118.04</y19>
			<x20>200.245614</x20>
			<y20>122.72</y20>
			<x21>201.157895</x21>
			<y21>124.176</y21>
			<x22>199.789474</x22>
			<y22>155.688</y22>
			<x23>332.070175</x23>
			<y23>168.792</y23>
			<x24>354.877193</x24>
			<y24>154.648</y24>
			<x25>364</x25>
			<y25>129.792</y25>
			<x26>394.789474</x26>
			<y26>128.336</y26>
		</polygon>
	</object>
	<object>
		<name>Corrugated carton</name>
		<pose>Unspecified</pose>
		<truncated>0</truncated>
		<difficult>0</difficult>
		<occluded>0</occluded>
		<bndbox>
			<xmin>232</xmin>
			<xmax>397</xmax>
			<ymin>109</ymin>
			<ymax>132</ymax>
		</bndbox>
		<polygon>
			<x1>260.912281</x1>
			<y1>126.776</y1>
			<x2>279.614035</x2>
			<y2>127.92</y2>
			<x3>309.491228</x3>
			<y3>129.688</y3>
			<x4>329.105263</x4>
			<y4>131.456</y4>
			<x5>337.087719</x5>
			<y5>129.584</y5>
			<x6>344.842105</x6>
			<y6>129.896</y6>
			<x7>360.578947</x7>
			<y7>122.512</y7>
			<x8>384.754386</x8>
			<y8>117.624</y8>
			<x9>395.929825</x9>
			<y9>108.472</y9>
			<x10>359.210526</x10>
			<y10>113.464</y10>
			<x11>269.122807</x11>
			<y11>109.2</y11>
			<x12>242.438596</x12>
			<y12>117.624</y12>
			<x13>231.491228</x13>
			<y13>123.968</y13>
			<x14>247.684211</x14>
			<y14>125.008</y14>
			<x15>260.912281</x15>
			<y15>126.776</y15>
		</polygon>
	</object>
	<object>
		<name>Corrugated carton</name>
		<pose>Unspecified</pose>
		<truncated>0</truncated>
		<difficult>0</difficult>
		<occluded>0</occluded>
		<bndbox>
			<xmin>46</xmin>
			<xmax>239</xmax>
			<ymin>155</ymin>
			<ymax>230</ymax>
		</bndbox>
		<polygon>
			<x1>134.333333</x1>
			<y1>227.552</y1>
			<x2>139.122807</x2>
			<y2>229.216</y2>
			<x3>148.929825</x3>
			<y3>227.032</y3>
			<x4>207.77193</x4>
			<y4>205.192</y4>
			<x5>216.210526</x5>
			<y5>193.232</y5>
			<x6>233.54386</x6>
			<y6>169.104</y6>
			<x7>238.333333</x7>
			<y7>155.584</y7>
			<x8>213.245614</x8>
			<y8>165.88</y8>
			<x9>209.140351</x9>
			<y9>175.76</y9>
			<x10>197.508772</x10>
			<y10>178.256</y10>
			<x11>178.807018</x11>
			<y11>182.624</y11>
			<x12>172.192982</x12>
			<y12>181.48</y12>
			<x13>174.929825</x13>
			<y13>169.416</y13>
			<x14>176.982456</x14>
			<y14>156.208</y14>
			<x15>162.614035</x15>
			<y15>154.232</y15>
			<x16>140.491228</x16>
			<y16>153.608</y16>
			<x17>122.929825</x17>
			<y17>158.496</y17>
			<x18>54.280702</x18>
			<y18>177.112</y18>
			<x19>45.385965</x19>
			<y19>182.312</y19>
			<x20>49.035088</x20>
			<y20>204.776</y20>
			<x21>54.508772</x21>
			<y21>211.432</y21>
			<x22>77.087719</x22>
			<y22>214.032</y22>
			<x23>130</x23>
			<y23>225.264</y23>
			<x24>134.333333</x24>
			<y24>227.552</y24>
		</polygon>
	</object>
</annotation>
