<annotation>
	<folder></folder>
	<filename>000085_jpg.rf.aa84a5c9d16d2b2415de8edd80057deb.jpg</filename>
	<path>000085_jpg.rf.aa84a5c9d16d2b2415de8edd80057deb.jpg</path>
	<source>
		<database>roboflow.ai</database>
	</source>
	<size>
		<width>416</width>
		<height>416</height>
		<depth>3</depth>
	</size>
	<segmented>0</segmented>
	<object>
		<name>Metal lid</name>
		<pose>Unspecified</pose>
		<truncated>0</truncated>
		<difficult>0</difficult>
		<occluded>0</occluded>
		<bndbox>
			<xmin>107</xmin>
			<xmax>129</xmax>
			<ymin>164</ymin>
			<ymax>173</ymax>
		</bndbox>
		<polygon>
			<x1>126.350877</x1>
			<y1>164.944</y1>
			<x2>120.421053</x2>
			<y2>163.488</y2>
			<x3>112.210526</x3>
			<y3>163.592</y3>
			<x4>107.421053</x4>
			<y4>165.568</y4>
			<x5>106.280702</x5>
			<y5>168.584</y5>
			<x6>110.385965</x6>
			<y6>171.808</y6>
			<x7>117.22807</x7>
			<y7>171.808</y7>
			<x8>123.842105</x8>
			<y8>170.664</y8>
			<x9>128.175439</x9>
			<y9>168.376</y9>
			<x10>126.350877</x10>
			<y10>164.944</y10>
		</polygon>
	</object>
	<object>
		<name>Metal lid</name>
		<pose>Unspecified</pose>
		<truncated>0</truncated>
		<difficult>0</difficult>
		<occluded>0</occluded>
		<bndbox>
			<xmin>48</xmin>
			<xmax>73</xmax>
			<ymin>192</ymin>
			<ymax>203</ymax>
		</bndbox>
		<polygon>
			<x1>47.210526</x1>
			<y1>196.456</y1>
			<x2>51.315789</x2>
			<y2>201.448</y2>
			<x3>59.298246</x3>
			<y3>202.072</y3>
			<x4>70.245614</x4>
			<y4>199.472</y4>
			<x5>71.842105</x5>
			<y5>193.856</y5>
			<x6>61.578947</x6>
			<y6>190.736</y6>
			<x7>51.087719</x7>
			<y7>191.984</y7>
			<x8>47.210526</x8>
			<y8>196.456</y8>
		</polygon>
	</object>
	<object>
		<name>Plastic film</name>
		<pose>Unspecified</pose>
		<truncated>0</truncated>
		<difficult>0</difficult>
		<occluded>0</occluded>
		<bndbox>
			<xmin>119</xmin>
			<xmax>183</xmax>
			<ymin>139</ymin>
			<ymax>156</ymax>
		</bndbox>
		<polygon>
			<x1>172.192982</x1>
			<y1>149.032</y1>
			<x2>182.22807</x2>
			<y2>137.904</y2>
			<x3>141.859649</x3>
			<y3>148.2</y3>
			<x4>118.368421</x4>
			<y4>139.36</y4>
			<x5>118.596491</x5>
			<y5>150.696</y5>
			<x6>136.614035</x6>
			<y6>154.544</y6>
			<x7>157.824561</x7>
			<y7>154.128</y7>
			<x8>172.192982</x8>
			<y8>149.032</y8>
		</polygon>
	</object>
	<object>
		<name>Other plastic wrapper</name>
		<pose>Unspecified</pose>
		<truncated>0</truncated>
		<difficult>0</difficult>
		<occluded>0</occluded>
		<bndbox>
			<xmin>181</xmin>
			<xmax>204</xmax>
			<ymin>160</ymin>
			<ymax>171</ymax>
		</bndbox>
		<polygon>
			<x1>197.736842</x1>
			<y1>166.504</y1>
			<x2>200.701754</x2>
			<y2>164.216</y2>
			<x3>203.438596</x3>
			<y3>160.784</y3>
			<x4>202.298246</x4>
			<y4>158.6</y4>
			<x5>196.824561</x5>
			<y5>159.224</y5>
			<x6>196.596491</x6>
			<y6>160.888</y6>
			<x7>189.982456</x7>
			<y7>161.72</y7>
			<x8>186.105263</x8>
			<y8>164.944</y8>
			<x9>179.947368</x9>
			<y9>167.752</y9>
			<x10>186.789474</x10>
			<y10>170.352</y10>
			<x11>192.263158</x11>
			<y11>169.832</y11>
			<x12>191.578947</x12>
			<y12>165.984</y12>
			<x13>197.736842</x13>
			<y13>166.504</y13>
		</polygon>
	</object>
	<object>
		<name>Unlabeled litter</name>
		<pose>Unspecified</pose>
		<truncated>0</truncated>
		<difficult>0</difficult>
		<occluded>0</occluded>
		<bndbox>
			<xmin>363</xmin>
			<xmax>376</xmax>
			<ymin>176</ymin>
			<ymax>182</ymax>
		</bndbox>
		<polygon>
			<x1>361.719298</x1>
			<y1>180.44</y1>
			<x2>370.614035</x2>
			<y2>180.544</y2>
			<x3>375.403509</x3>
			<y3>178.256</y3>
			<x4>373.350877</x4>
			<y4>175.344</y4>
			<x5>362.631579</x5>
			<y5>175.032</y5>
			<x6>361.719298</x6>
			<y6>180.44</y6>
		</polygon>
	</object>
	<object>
		<name>Broken glass</name>
		<pose>Unspecified</pose>
		<truncated>0</truncated>
		<difficult>0</difficult>
		<occluded>0</occluded>
		<bndbox>
			<xmin>350</xmin>
			<xmax>360</xmax>
			<ymin>212</ymin>
			<ymax>220</ymax>
		</bndbox>
		<polygon>
			<x1>351.912281</x1>
			<y1>211.432</y1>
			<x2>348.947368</x2>
			<y2>215.488</y2>
			<x3>351.45614</x3>
			<y3>218.712</y3>
			<x4>359.210526</x4>
			<y4>217.568</y4>
			<x5>351.912281</x5>
			<y5>211.432</y5>
		</polygon>
	</object>
	<object>
		<name>Metal lid</name>
		<pose>Unspecified</pose>
		<truncated>0</truncated>
		<difficult>0</difficult>
		<occluded>0</occluded>
		<bndbox>
			<xmin>379</xmin>
			<xmax>405</xmax>
			<ymin>221</ymin>
			<ymax>232</ymax>
		</bndbox>
		<polygon>
			<x1>393.192982</x1>
			<y1>231.192</y1>
			<x2>403.22807</x2>
			<y2>228.592</y2>
			<x3>404.140351</x3>
			<y3>224.328</y3>
			<x4>396.157895</x4>
			<y4>220.376</y4>
			<x5>384.526316</x5>
			<y5>220.064</y5>
			<x6>378.140351</x6>
			<y6>223.184</y6>
			<x7>378.368421</x7>
			<y7>227.656</y7>
			<x8>383.614035</x8>
			<y8>230.152</y8>
			<x9>393.192982</x9>
			<y9>231.192</y9>
		</polygon>
	</object>
	<object>
		<name>Metal bottle cap</name>
		<pose>Unspecified</pose>
		<truncated>0</truncated>
		<difficult>0</difficult>
		<occluded>0</occluded>
		<bndbox>
			<xmin>409</xmin>
			<xmax>416</xmax>
			<ymin>214</ymin>
			<ymax>220</ymax>
		</bndbox>
		<polygon>
			<x1>410.070175</x1>
			<y1>213.2</y1>
			<x2>408.017544</x2>
			<y2>215.592</y2>
			<x3>415.315789</x3>
			<y3>219.44</y3>
			<x4>415.087719</x4>
			<y4>212.576</y4>
			<x5>410.070175</x5>
			<y5>213.2</y5>
		</polygon>
	</object>
	<object>
		<name>Corrugated carton</name>
		<pose>Unspecified</pose>
		<truncated>0</truncated>
		<difficult>0</difficult>
		<occluded>0</occluded>
		<bndbox>
			<xmin>238</xmin>
			<xmax>410</xmax>
			<ymin>147</ymin>
			<ymax>193</ymax>
		</bndbox>
		<polygon>
			<x1>324.087719</x1>
			<y1>175.76</y1>
			<x2>348.035088</x2>
			<y2>171.08</y2>
			<x3>393.421053</x3>
			<y3>164.84</y3>
			<x4>408.701754</x4>
			<y4>146.328</y4>
			<x5>388.403509</x5>
			<y5>149.136</y5>
			<x6>367.192982</x6>
			<y6>151.424</y6>
			<x7>317.017544</x7>
			<y7>162.032</y7>
			<x8>290.789474</x8>
			<y8>170.144</y8>
			<x9>263.421053</x9>
			<y9>176.904</y9>
			<x10>236.736842</x10>
			<y10>182.416</y10>
			<x11>246.77193</x11>
			<y11>191.672</y11>
			<x12>288.736842</x12>
			<y12>183.456</y12>
			<x13>324.087719</x13>
			<y13>175.76</y13>
		</polygon>
	</object>
</annotation>
