<annotation>
	<folder></folder>
	<filename>000074_jpg.rf.ed646bacb304e7c7f90feeff5dca9e74.jpg</filename>
	<path>000074_jpg.rf.ed646bacb304e7c7f90feeff5dca9e74.jpg</path>
	<source>
		<database>roboflow.ai</database>
	</source>
	<size>
		<width>416</width>
		<height>416</height>
		<depth>3</depth>
	</size>
	<segmented>0</segmented>
	<object>
		<name>Drink can</name>
		<pose>Unspecified</pose>
		<truncated>0</truncated>
		<difficult>0</difficult>
		<occluded>0</occluded>
		<bndbox>
			<xmin>265</xmin>
			<xmax>284</xmax>
			<ymin>176</ymin>
			<ymax>196</ymax>
		</bndbox>
		<polygon>
			<x1>274.398589</x1>
			<y1>194.587302</y1>
			<x2>277.883598</x2>
			<y2>194.587302</y2>
			<x3>281.73545</x3>
			<y3>193.65873</y3>
			<x4>283.202822</x4>
			<y4>190.460317</y4>
			<x5>278.433862</x5>
			<y5>177.357143</y5>
			<x6>276.232804</x6>
			<y6>175.603175</y6>
			<x7>273.29806</x7>
			<y7>175.293651</y7>
			<x8>268.529101</x8>
			<y8>175.809524</y8>
			<x9>264.86067</x9>
			<y9>177.666667</y9>
			<x10>263.943563</x10>
			<y10>179.833333</y10>
			<x11>267.24515</x11>
			<y11>191.492063</y11>
			<x12>269.996473</x12>
			<y12>192.31746</y12>
			<x13>271.280423</x13>
			<y13>194.587302</y13>
			<x14>274.398589</x14>
			<y14>194.587302</y14>
		</polygon>
	</object>
	<object>
		<name>Drink can</name>
		<pose>Unspecified</pose>
		<truncated>0</truncated>
		<difficult>0</difficult>
		<occluded>0</occluded>
		<bndbox>
			<xmin>228</xmin>
			<xmax>261</xmax>
			<ymin>110</ymin>
			<ymax>124</ymax>
		</bndbox>
		<polygon>
			<x1>257.340388</x1>
			<y1>115.555556</y1>
			<x2>232.21164</x2>
			<y2>109.055556</y2>
			<x3>230.010582</x3>
			<y3>109.571429</y3>
			<x4>226.708995</x4>
			<y4>114.31746</y4>
			<x5>226.892416</x5>
			<y5>116.277778</y5>
			<x6>253.488536</x6>
			<y6>123.190476</y6>
			<x7>256.056437</x7>
			<y7>122.674603</y7>
			<x8>260.458554</x8>
			<y8>116.896825</y8>
			<x9>257.340388</x9>
			<y9>115.555556</y9>
		</polygon>
	</object>
	<object>
		<name>Drink can</name>
		<pose>Unspecified</pose>
		<truncated>0</truncated>
		<difficult>0</difficult>
		<occluded>0</occluded>
		<bndbox>
			<xmin>243</xmin>
			<xmax>260</xmax>
			<ymin>133</ymin>
			<ymax>152</ymax>
		</bndbox>
		<polygon>
			<x1>254.222222</x1>
			<y1>151.150794</y1>
			<x2>257.890653</x2>
			<y2>149.5</y2>
			<x3>258.624339</x3>
			<y3>146.507937</y3>
			<x4>255.689594</x4>
			<y4>133.301587</y4>
			<x5>251.104056</x5>
			<y5>131.547619</y5>
			<x6>245.784832</x6>
			<y6>131.960317</y6>
			<x7>243.400353</x7>
			<y7>133.095238</y7>
			<x8>241.749559</x8>
			<y8>134.642857</y8>
			<x9>244.867725</x9>
			<y9>149.087302</y9>
			<x10>246.885362</x10>
			<y10>150.222222</y10>
			<x11>250.186949</x11>
			<y11>151.150794</y11>
			<x12>254.222222</x12>
			<y12>151.150794</y12>
		</polygon>
	</object>
	<object>
		<name>Pop tab</name>
		<pose>Unspecified</pose>
		<truncated>0</truncated>
		<difficult>0</difficult>
		<occluded>0</occluded>
		<bndbox>
			<xmin>252</xmin>
			<xmax>257</xmax>
			<ymin>149</ymin>
			<ymax>151</ymax>
		</bndbox>
		<polygon>
			<x1>255.873016</x1>
			<y1>150.119048</y1>
			<x2>255.689594</x2>
			<y2>148.984127</y2>
			<x3>251.837743</x3>
			<y3>147.952381</y3>
			<x4>250.737213</x4>
			<y4>149.5</y4>
			<x5>253.488536</x5>
			<y5>150.119048</y5>
			<x6>255.873016</x6>
			<y6>150.119048</y6>
		</polygon>
	</object>
</annotation>
