<annotation>
	<folder></folder>
	<filename>000047_jpg.rf.c13aecd8e411eb7264bce5d976a66ee1.jpg</filename>
	<path>000047_jpg.rf.c13aecd8e411eb7264bce5d976a66ee1.jpg</path>
	<source>
		<database>roboflow.ai</database>
	</source>
	<size>
		<width>416</width>
		<height>416</height>
		<depth>3</depth>
	</size>
	<segmented>0</segmented>
	<object>
		<name>Other plastic wrapper</name>
		<pose>Unspecified</pose>
		<truncated>0</truncated>
		<difficult>0</difficult>
		<occluded>0</occluded>
		<bndbox>
			<xmin>157</xmin>
			<xmax>227</xmax>
			<ymin>206</ymin>
			<ymax>283</ymax>
		</bndbox>
		<polygon>
			<x1>222.582011</x1>
			<y1>261.34127</y1>
			<x2>226.021164</x2>
			<y2>205.420635</y2>
			<x3>184.47619</x3>
			<y3>205.420635</y3>
			<x4>169.756614</x4>
			<y4>208</y4>
			<x5>160.126984</x5>
			<y5>217.079365</y5>
			<x6>155.862434</x6>
			<y6>280.119048</y6>
			<x7>165.354497</x7>
			<y7>282.079365</y7>
			<x8>216.529101</x8>
			<y8>282.079365</y8>
			<x9>222.582011</x9>
			<y9>261.34127</y9>
		</polygon>
	</object>
</annotation>
