<annotation>
	<folder></folder>
	<filename>000030_jpg.rf.30750861688044b4bb2e7524a407fe4b.jpg</filename>
	<path>000030_jpg.rf.30750861688044b4bb2e7524a407fe4b.jpg</path>
	<source>
		<database>roboflow.ai</database>
	</source>
	<size>
		<width>416</width>
		<height>416</height>
		<depth>3</depth>
	</size>
	<segmented>0</segmented>
	<object>
		<name>Plastic film</name>
		<pose>Unspecified</pose>
		<truncated>0</truncated>
		<difficult>0</difficult>
		<occluded>0</occluded>
		<bndbox>
			<xmin>149</xmin>
			<xmax>193</xmax>
			<ymin>301</ymin>
			<ymax>334</ymax>
		</bndbox>
		<polygon>
			<x1>162.117647</x1>
			<y1>329.460784</y1>
			<x2>170.954248</x2>
			<y2>330.990196</y2>
			<x3>176.392157</x3>
			<y3>327.166667</y3>
			<x4>186.418301</x4>
			<y4>325.382353</y4>
			<x5>191.006536</x5>
			<y5>319.77451</y5>
			<x6>191.51634</x6>
			<y6>315.186275</y6>
			<x7>188.287582</x7>
			<y7>309.196078</y7>
			<x8>186.588235</x8>
			<y8>303.333333</y8>
			<x9>180.980392</x9>
			<y9>301.294118</y9>
			<x10>172.143791</x10>
			<y10>299.892157</y10>
			<x11>162.117647</x11>
			<y11>301.931373</y11>
			<x12>155.320261</x12>
			<y12>304.735294</y12>
			<x13>151.071895</x13>
			<y13>309.45098</y13>
			<x14>148.352941</x14>
			<y14>316.970588</y14>
			<x15>151.581699</x15>
			<y15>326.656863</y15>
			<x16>150.222222</x16>
			<y16>332.009804</y16>
			<x17>154.470588</x17>
			<y17>332.647059</y17>
			<x18>156.339869</x18>
			<y18>330.735294</y18>
			<x19>162.117647</x19>
			<y19>329.460784</y19>
		</polygon>
	</object>
	<object>
		<name>Plastic film</name>
		<pose>Unspecified</pose>
		<truncated>0</truncated>
		<difficult>0</difficult>
		<occluded>0</occluded>
		<bndbox>
			<xmin>261</xmin>
			<xmax>280</xmax>
			<ymin>231</ymin>
			<ymax>244</ymax>
		</bndbox>
		<polygon>
			<x1>271.385621</x1>
			<y1>237.186275</y1>
			<x2>275.124183</x2>
			<y2>238.460784</y2>
			<x3>278.183007</x3>
			<y3>236.294118</y3>
			<x4>278.862745</x4>
			<y4>231.833333</y4>
			<x5>272.575163</x5>
			<y5>230.176471</y5>
			<x6>267.986928</x6>
			<y6>231.45098</y6>
			<x7>260.339869</x7>
			<y7>242.794118</y7>
			<x8>267.816993</x8>
			<y8>240.754902</y8>
			<x9>268.326797</x9>
			<y9>237.95098</y9>
			<x10>271.385621</x10>
			<y10>237.186275</y10>
		</polygon>
	</object>
</annotation>
