<annotation>
	<folder></folder>
	<filename>000041_jpg.rf.4e950f2d1bf1a9787f0e99bcb1e159e4.jpg</filename>
	<path>000041_jpg.rf.4e950f2d1bf1a9787f0e99bcb1e159e4.jpg</path>
	<source>
		<database>roboflow.ai</database>
	</source>
	<size>
		<width>416</width>
		<height>416</height>
		<depth>3</depth>
	</size>
	<segmented>0</segmented>
	<object>
		<name>Plastic film</name>
		<pose>Unspecified</pose>
		<truncated>0</truncated>
		<difficult>0</difficult>
		<occluded>0</occluded>
		<bndbox>
			<xmin>263</xmin>
			<xmax>289</xmax>
			<ymin>240</ymin>
			<ymax>303</ymax>
		</bndbox>
		<polygon>
			<x1>282.941176</x1>
			<y1>279.372549</y1>
			<x2>284.810458</x2>
			<y2>274.784314</y2>
			<x3>284.300654</x3>
			<y3>263.95098</y3>
			<x4>288.039216</x4>
			<y4>247.382353</y4>
			<x5>288.039216</x5>
			<y5>240.627451</y5>
			<x6>277.163399</x6>
			<y6>241.264706</y6>
			<x7>272.575163</x7>
			<y7>239.352941</y7>
			<x8>272.405229</x8>
			<y8>243.303922</y8>
			<x9>266.96732</x9>
			<y9>253.754902</y9>
			<x10>269.006536</x10>
			<y10>255.284314</y10>
			<x11>270.705882</x11>
			<y11>258.470588</y11>
			<x12>270.705882</x12>
			<y12>262.931373</y12>
			<x13>265.607843</x13>
			<y13>264.333333</y13>
			<x14>264.418301</x14>
			<y14>273.764706</y14>
			<x15>261.869281</x15>
			<y15>302.058824</y15>
			<x16>281.581699</x16>
			<y16>300.529412</y16>
			<x17>283.960784</x17>
			<y17>298.617647</y17>
			<x18>282.941176</x18>
			<y18>279.372549</y18>
		</polygon>
	</object>
</annotation>
