<annotation>
	<folder></folder>
	<filename>000095_jpg.rf.e0798aeed38cededb23aefa752f6a2c9.jpg</filename>
	<path>000095_jpg.rf.e0798aeed38cededb23aefa752f6a2c9.jpg</path>
	<source>
		<database>roboflow.ai</database>
	</source>
	<size>
		<width>416</width>
		<height>416</height>
		<depth>3</depth>
	</size>
	<segmented>0</segmented>
	<object>
		<name>Unlabeled litter</name>
		<pose>Unspecified</pose>
		<truncated>0</truncated>
		<difficult>0</difficult>
		<occluded>0</occluded>
		<bndbox>
			<xmin>197</xmin>
			<xmax>213</xmax>
			<ymin>82</ymin>
			<ymax>85</ymax>
		</bndbox>
		<polygon>
			<x1>211.513514</x1>
			<y1>81.361217</y1>
			<x2>200.27027</x2>
			<y2>80.86692</y2>
			<x3>196.405405</x3>
			<y3>83.73384</y3>
			<x4>204.837838</x4>
			<y4>84.030418</y4>
			<x5>210.459459</x5>
			<y5>82.942966</y5>
			<x6>211.513514</x6>
			<y6>81.361217</y6>
		</polygon>
	</object>
	<object>
		<name>Foam food container</name>
		<pose>Unspecified</pose>
		<truncated>0</truncated>
		<difficult>0</difficult>
		<occluded>0</occluded>
		<bndbox>
			<xmin>254</xmin>
			<xmax>288</xmax>
			<ymin>166</ymin>
			<ymax>175</ymax>
		</bndbox>
		<polygon>
			<x1>287.054054</x1>
			<y1>170.927757</y1>
			<x2>281.959459</x2>
			<y2>166.874525</y2>
			<x3>271.243243</x3>
			<y3>164.798479</y3>
			<x4>261.756757</x4>
			<y4>165.885932</y4>
			<x5>253.5</x5>
			<y5>169.346008</y5>
			<x6>257.189189</x6>
			<y6>172.509506</y6>
			<x7>266.675676</x7>
			<y7>174.190114</y7>
			<x8>276.513514</x8>
			<y8>173.992395</y8>
			<x9>287.054054</x9>
			<y9>170.927757</y9>
		</polygon>
	</object>
	<object>
		<name>Foam food container</name>
		<pose>Unspecified</pose>
		<truncated>0</truncated>
		<difficult>0</difficult>
		<occluded>0</occluded>
		<bndbox>
			<xmin>192</xmin>
			<xmax>285</xmax>
			<ymin>282</ymin>
			<ymax>315</ymax>
		</bndbox>
		<polygon>
			<x1>228.72973</x1>
			<y1>303.102662</y1>
			<x2>231.364865</x2>
			<y2>309.726236</y2>
			<x3>241.027027</x3>
			<y3>303.695817</y3>
			<x4>250.864865</x4>
			<y4>306.463878</y4>
			<x5>255.959459</x5>
			<y5>310.51711</y5>
			<x6>251.743243</x6>
			<y6>314.471483</y6>
			<x7>263.337838</x7>
			<y7>314.471483</y7>
			<x8>283.891892</x8>
			<y8>310.418251</y8>
			<x9>252.972973</x9>
			<y9>300.730038</y9>
			<x10>246.824324</x10>
			<y10>297.269962</y10>
			<x11>238.743243</x11>
			<y11>291.931559</y11>
			<x12>220.121622</x12>
			<y12>284.220532</y12>
			<x13>206.243243</x13>
			<y13>281.452471</y13>
			<x14>199.216216</x14>
			<y14>280.562738</y14>
			<x15>191.135135</x15>
			<y15>281.452471</y15>
			<x16>191.837838</x16>
			<y16>284.022814</y16>
			<x17>193.067568</x17>
			<y17>287.977186</y17>
			<x18>209.22973</x18>
			<y18>299.148289</y18>
			<x19>217.837838</x19>
			<y19>299.741445</y19>
			<x20>220.824324</x20>
			<y20>301.224335</y20>
			<x21>228.72973</x21>
			<y21>303.102662</y21>
		</polygon>
	</object>
</annotation>
