<annotation>
	<folder></folder>
	<filename>000026_jpg.rf.3df877d815eadd1a7fa192c8d00e6a37.jpg</filename>
	<path>000026_jpg.rf.3df877d815eadd1a7fa192c8d00e6a37.jpg</path>
	<source>
		<database>roboflow.ai</database>
	</source>
	<size>
		<width>416</width>
		<height>416</height>
		<depth>3</depth>
	</size>
	<segmented>0</segmented>
	<object>
		<name>Unlabeled litter</name>
		<pose>Unspecified</pose>
		<truncated>0</truncated>
		<difficult>0</difficult>
		<occluded>0</occluded>
		<bndbox>
			<xmin>127</xmin>
			<xmax>138</xmax>
			<ymin>21</ymin>
			<ymax>32</ymax>
		</bndbox>
		<polygon>
			<x1>136.797386</x1>
			<y1>22.813725</y1>
			<x2>134.928105</x2>
			<y2>20.264706</y2>
			<x3>129.320261</x3>
			<y3>22.303922</y3>
			<x4>125.921569</x4>
			<y4>24.215686</y4>
			<x5>130.849673</x5>
			<y5>30.588235</y5>
			<x6>135.777778</x6>
			<y6>28.294118</y6>
			<x7>137.477124</x7>
			<y7>26.892157</y7>
			<x8>136.797386</x8>
			<y8>22.813725</y8>
		</polygon>
	</object>
	<object>
		<name>Disposable plastic cup</name>
		<pose>Unspecified</pose>
		<truncated>0</truncated>
		<difficult>0</difficult>
		<occluded>0</occluded>
		<bndbox>
			<xmin>225</xmin>
			<xmax>266</xmax>
			<ymin>100</ymin>
			<ymax>135</ymax>
		</bndbox>
		<polygon>
			<x1>240.96732</x1>
			<y1>132.931373</y1>
			<x2>250.993464</x2>
			<y2>131.147059</y2>
			<x3>258.980392</x3>
			<y3>124.392157</y3>
			<x4>261.529412</x4>
			<y4>120.568627</y4>
			<x5>259.150327</x5>
			<y5>118.529412</y5>
			<x6>264.588235</x6>
			<y6>116.745098</y6>
			<x7>248.27451</x7>
			<y7>105.656863</y7>
			<x8>239.777778</x8>
			<y8>101.45098</y8>
			<x9>235.359477</x9>
			<y9>98.77451</y9>
			<x10>229.071895</x10>
			<y10>102.980392</y10>
			<x11>223.633987</x11>
			<y11>109.735294</y11>
			<x12>225.333333</x12>
			<y12>121.970588</y12>
			<x13>230.431373</x13>
			<y13>127.705882</y13>
			<x14>237.228758</x14>
			<y14>134.205882</y14>
			<x15>240.96732</x15>
			<y15>132.931373</y15>
		</polygon>
	</object>
	<object>
		<name>Cigarette</name>
		<pose>Unspecified</pose>
		<truncated>0</truncated>
		<difficult>0</difficult>
		<occluded>0</occluded>
		<bndbox>
			<xmin>352</xmin>
			<xmax>358</xmax>
			<ymin>312</ymin>
			<ymax>315</ymax>
		</bndbox>
		<polygon>
			<x1>351.254902</x1>
			<y1>312.764706</y1>
			<x2>354.993464</x2>
			<y2>314.421569</y2>
			<x3>356.862745</x3>
			<y3>313.147059</y3>
			<x4>352.27451</x4>
			<y4>311.235294</y4>
			<x5>351.254902</x5>
			<y5>312.764706</y5>
		</polygon>
	</object>
</annotation>
