<annotation>
	<folder></folder>
	<filename>000013_jpg.rf.e9de55fd58c3eedcc481ce7dce4a8e94.jpg</filename>
	<path>000013_jpg.rf.e9de55fd58c3eedcc481ce7dce4a8e94.jpg</path>
	<source>
		<database>roboflow.ai</database>
	</source>
	<size>
		<width>416</width>
		<height>416</height>
		<depth>3</depth>
	</size>
	<segmented>0</segmented>
	<object>
		<name>Corrugated carton</name>
		<pose>Unspecified</pose>
		<truncated>0</truncated>
		<difficult>0</difficult>
		<occluded>0</occluded>
		<bndbox>
			<xmin>1</xmin>
			<xmax>70</xmax>
			<ymin>328</ymin>
			<ymax>417</ymax>
		</bndbox>
		<polygon>
			<x1>69.105263</x1>
			<y1>415.688</y1>
			<x2>18.701754</x2>
			<y2>327.496</y2>
			<x3>0.684211</x3>
			<y3>330.096</y3>
			<x4>0.22807</x4>
			<y4>415.896</y4>
			<x5>69.105263</x5>
			<y5>415.688</y5>
		</polygon>
	</object>
	<object>
		<name>Corrugated carton</name>
		<pose>Unspecified</pose>
		<truncated>0</truncated>
		<difficult>0</difficult>
		<occluded>0</occluded>
		<bndbox>
			<xmin>80</xmin>
			<xmax>416</xmax>
			<ymin>1</ymin>
			<ymax>339</ymax>
		</bndbox>
		<polygon>
			<x1>292.614035</x1>
			<y1>332.176</y1>
			<x2>323.175439</x2>
			<y2>330.616</y2>
			<x3>355.105263</x3>
			<y3>328.64</y3>
			<x4>371.298246</x4>
			<y4>327.392</y4>
			<x5>388.631579</x5>
			<y5>326.352</y5>
			<x6>410.298246</x6>
			<y6>323.544</y6>
			<x7>414.859649</x7>
			<y7>322.92</y7>
			<x8>411.666667</x8>
			<y8>0.104</y8>
			<x9>115.175439</x9>
			<y9>0.312</y9>
			<x10>115.403509</x10>
			<y10>3.12</y10>
			<x11>107.877193</x11>
			<y11>4.992</y11>
			<x12>78.684211</x12>
			<y12>9.984</y12>
			<x13>80.736842</x13>
			<y13>14.664</y13>
			<x14>101.491228</x14>
			<y14>91.208</y14>
			<x15>106.508772</x15>
			<y15>95.68</y15>
			<x16>110.385965</x16>
			<y16>99.216</y16>
			<x17>107.877193</x17>
			<y17>103.376</y17>
			<x18>104.684211</x18>
			<y18>105.976</y18>
			<x19>141.175439</x19>
			<y19>244.4</y19>
			<x20>168.54386</x20>
			<y20>333.008</y20>
			<x21>168.315789</x21>
			<y21>336.128</y21>
			<x22>173.561404</x22>
			<y22>337.584</y22>
			<x23>195.684211</x23>
			<y23>336.648</y23>
			<x24>236.052632</x24>
			<y24>335.296</y24>
			<x25>265.929825</x25>
			<y25>333.944</y25>
			<x26>292.614035</x26>
			<y26>332.176</y26>
		</polygon>
	</object>
</annotation>
