<annotation>
	<folder></folder>
	<filename>000065_jpg.rf.01638d049e806a30095b46d9c0e1d9c1.jpg</filename>
	<path>000065_jpg.rf.01638d049e806a30095b46d9c0e1d9c1.jpg</path>
	<source>
		<database>roboflow.ai</database>
	</source>
	<size>
		<width>416</width>
		<height>416</height>
		<depth>3</depth>
	</size>
	<segmented>0</segmented>
	<object>
		<name>Drink can</name>
		<pose>Unspecified</pose>
		<truncated>0</truncated>
		<difficult>0</difficult>
		<occluded>0</occluded>
		<bndbox>
			<xmin>193</xmin>
			<xmax>250</xmax>
			<ymin>194</ymin>
			<ymax>292</ymax>
		</bndbox>
		<polygon>
			<x1>211.301587</x1>
			<y1>288.338624</y1>
			<x2>220.484127</x2>
			<y2>290.814815</y2>
			<x3>230.18254</x3>
			<y3>289.851852</y3>
			<x4>236.68254</x4>
			<y4>268.804233</y4>
			<x5>238.746032</x5>
			<y5>259.312169</y5>
			<x6>244.833333</x6>
			<y6>234</y6>
			<x7>247.206349</x7>
			<y7>222.719577</y7>
			<x8>249.166667</x8>
			<y8>215.978836</y8>
			<x9>245.968254</x9>
			<y9>208.275132</y9>
			<x10>244.730159</x10>
			<y10>206.21164</y10>
			<x11>242.253968</x11>
			<y11>203.185185</y11>
			<x12>236.888889</x12>
			<y12>196.169312</y12>
			<x13>232.039683</x13>
			<y13>193.417989</y13>
			<x14>225.333333</x14>
			<y14>193.280423</y14>
			<x15>218.833333</x15>
			<y15>195.068783</y15>
			<x16>213.777778</x16>
			<y16>197.957672</y16>
			<x17>206.968254</x17>
			<y17>204.973545</y17>
			<x18>203.047619</x18>
			<y18>210.063492</y18>
			<x19>199.849206</x19>
			<y19>219.830688</y19>
			<x20>197.269841</x20>
			<y20>236.201058</y20>
			<x21>192.52381</x21>
			<y21>262.47619</y21>
			<x22>192.007937</x22>
			<y22>273.343915</y22>
			<x23>200.777778</x23>
			<y23>283.111111</y23>
			<x24>203.357143</x24>
			<y24>284.899471</y24>
			<x25>211.301587</x25>
			<y25>288.338624</y25>
		</polygon>
	</object>
	<object>
		<name>Plastic straw</name>
		<pose>Unspecified</pose>
		<truncated>0</truncated>
		<difficult>0</difficult>
		<occluded>0</occluded>
		<bndbox>
			<xmin>226</xmin>
			<xmax>274</xmax>
			<ymin>210</ymin>
			<ymax>218</ymax>
		</bndbox>
		<polygon>
			<x1>242.769841</x1>
			<y1>214.328042</y1>
			<x2>272.587302</x2>
			<y2>217.492063</y2>
			<x3>272.380952</x3>
			<y3>212.402116</y3>
			<x4>254.84127</x4>
			<y4>210.338624</y4>
			<x5>245.349206</x5>
			<y5>208.962963</y5>
			<x6>230.904762</x6>
			<y6>208.962963</y6>
			<x7>225.642857</x7>
			<y7>209.650794</y7>
			<x8>224.81746</x8>
			<y8>212.814815</y8>
			<x9>225.952381</x9>
			<y9>214.465608</y9>
			<x10>242.769841</x10>
			<y10>214.328042</y10>
		</polygon>
	</object>
	<object>
		<name>Pop tab</name>
		<pose>Unspecified</pose>
		<truncated>0</truncated>
		<difficult>0</difficult>
		<occluded>0</occluded>
		<bndbox>
			<xmin>220</xmin>
			<xmax>230</xmax>
			<ymin>208</ymin>
			<ymax>220</ymax>
		</bndbox>
		<polygon>
			<x1>222.857143</x1>
			<y1>219.142857</y1>
			<x2>228.531746</x2>
			<y2>217.216931</y2>
			<x3>228.634921</x3>
			<y3>209.100529</y3>
			<x4>226.777778</x4>
			<y4>207.449735</y4>
			<x5>221.206349</x5>
			<y5>207.862434</y5>
			<x6>219.142857</x6>
			<y6>209.650794</y6>
			<x7>219.142857</x7>
			<y7>213.365079</y7>
			<x8>220.587302</x8>
			<y8>217.62963</y8>
			<x9>222.857143</x9>
			<y9>219.142857</y9>
		</polygon>
	</object>
	<object>
		<name>Other plastic</name>
		<pose>Unspecified</pose>
		<truncated>0</truncated>
		<difficult>0</difficult>
		<occluded>0</occluded>
		<bndbox>
			<xmin>280</xmin>
			<xmax>292</xmax>
			<ymin>155</ymin>
			<ymax>176</ymax>
		</bndbox>
		<polygon>
			<x1>285.690476</x1>
			<y1>161.640212</y1>
			<x2>280.325397</x2>
			<y2>154.21164</y2>
			<x3>278.571429</x3>
			<y3>155.312169</y3>
			<x4>279.603175</x4>
			<y4>157.375661</y4>
			<x5>280.428571</x5>
			<y5>162.328042</y5>
			<x6>284.968254</x6>
			<y6>174.846561</y6>
			<x7>288.373016</x7>
			<y7>174.15873</y7>
			<x8>290.746032</x8>
			<y8>170.582011</y8>
			<x9>285.690476</x9>
			<y9>161.640212</y9>
		</polygon>
	</object>
</annotation>
