<annotation>
	<folder></folder>
	<filename>000053_jpg.rf.16d80661ad21dac5731d9011aab4a2d8.jpg</filename>
	<path>000053_jpg.rf.16d80661ad21dac5731d9011aab4a2d8.jpg</path>
	<source>
		<database>roboflow.ai</database>
	</source>
	<size>
		<width>416</width>
		<height>416</height>
		<depth>3</depth>
	</size>
	<segmented>0</segmented>
	<object>
		<name>Garbage bag</name>
		<pose>Unspecified</pose>
		<truncated>0</truncated>
		<difficult>0</difficult>
		<occluded>0</occluded>
		<bndbox>
			<xmin>1</xmin>
			<xmax>61</xmax>
			<ymin>1</ymin>
			<ymax>17</ymax>
		</bndbox>
		<polygon>
			<x1>37.343137</x1>
			<y1>12.915033</y1>
			<x2>59.77451</x2>
			<y2>12.575163</y2>
			<x3>58.754902</x3>
			<y3>0.169935</y3>
			<x4>0</x4>
			<y4>0</y4>
			<x5>0.254902</x5>
			<y5>13.934641</y5>
			<x6>1.656863</x6>
			<y6>13.594771</y6>
			<x7>13.637255</x7>
			<y7>14.614379</y7>
			<x8>20.009804</x8>
			<y8>15.803922</y8>
			<x9>25.490196</x9>
			<y9>13.934641</y9>
			<x10>37.343137</x10>
			<y10>12.915033</y10>
		</polygon>
	</object>
	<object>
		<name>Clear plastic bottle</name>
		<pose>Unspecified</pose>
		<truncated>0</truncated>
		<difficult>0</difficult>
		<occluded>0</occluded>
		<bndbox>
			<xmin>274</xmin>
			<xmax>292</xmax>
			<ymin>186</ymin>
			<ymax>194</ymax>
		</bndbox>
		<polygon>
			<x1>275.803922</x1>
			<y1>190.496732</y1>
			<x2>277.333333</x2>
			<y2>191.176471</y2>
			<x3>280.137255</x3>
			<y3>192.875817</y3>
			<x4>281.794118</x4>
			<y4>192.366013</y4>
			<x5>283.068627</x5>
			<y5>193.045752</y5>
			<x6>287.911765</x6>
			<y6>193.385621</y6>
			<x7>290.460784</x7>
			<y7>193.045752</y7>
			<x8>290.970588</x8>
			<y8>190.836601</y8>
			<x9>290.970588</x9>
			<y9>187.267974</y9>
			<x10>288.039216</x10>
			<y10>185.568627</y10>
			<x11>284.598039</x11>
			<y11>186.078431</y11>
			<x12>281.794118</x12>
			<y12>184.888889</y12>
			<x13>277.078431</x13>
			<y13>186.078431</y13>
			<x14>273.382353</x14>
			<y14>186.078431</y14>
			<x15>272.745098</x15>
			<y15>187.777778</y15>
			<x16>273</x16>
			<y16>189.816993</y16>
			<x17>275.803922</x17>
			<y17>190.496732</y17>
		</polygon>
	</object>
	<object>
		<name>Cigarette</name>
		<pose>Unspecified</pose>
		<truncated>0</truncated>
		<difficult>0</difficult>
		<occluded>0</occluded>
		<bndbox>
			<xmin>333</xmin>
			<xmax>337</xmax>
			<ymin>199</ymin>
			<ymax>201</ymax>
		</bndbox>
		<polygon>
			<x1>333.029412</x1>
			<y1>197.973856</y1>
			<x2>331.882353</x2>
			<y2>199.163399</y2>
			<x3>335.45098</x3>
			<y3>200.013072</y3>
			<x4>336.343137</x4>
			<y4>198.48366</y4>
			<x5>333.029412</x5>
			<y5>197.973856</y5>
		</polygon>
	</object>
	<object>
		<name>Other plastic</name>
		<pose>Unspecified</pose>
		<truncated>0</truncated>
		<difficult>0</difficult>
		<occluded>0</occluded>
		<bndbox>
			<xmin>90</xmin>
			<xmax>95</xmax>
			<ymin>217</ymin>
			<ymax>220</ymax>
		</bndbox>
		<polygon>
			<x1>93.421569</x1>
			<y1>216.496732</y1>
			<x2>90.617647</x2>
			<y2>216.496732</y2>
			<x3>89.088235</x3>
			<y3>218.196078</y3>
			<x4>90.235294</x4>
			<y4>219.215686</y4>
			<x5>92.784314</x5>
			<y5>219.045752</y5>
			<x6>94.441176</x6>
			<y6>218.196078</y6>
			<x7>93.421569</x7>
			<y7>216.496732</y7>
		</polygon>
	</object>
	<object>
		<name>Other plastic</name>
		<pose>Unspecified</pose>
		<truncated>0</truncated>
		<difficult>0</difficult>
		<occluded>0</occluded>
		<bndbox>
			<xmin>260</xmin>
			<xmax>263</xmax>
			<ymin>197</ymin>
			<ymax>199</ymax>
		</bndbox>
		<polygon>
			<x1>260.382353</x1>
			<y1>195.594771</y1>
			<x2>259.235294</x2>
			<y2>196.954248</y2>
			<x3>261.529412</x3>
			<y3>198.143791</y3>
			<x4>262.294118</x4>
			<y4>196.784314</y4>
			<x5>260.382353</x5>
			<y5>195.594771</y5>
		</polygon>
	</object>
	<object>
		<name>Cigarette</name>
		<pose>Unspecified</pose>
		<truncated>0</truncated>
		<difficult>0</difficult>
		<occluded>0</occluded>
		<bndbox>
			<xmin>312</xmin>
			<xmax>317</xmax>
			<ymin>224</ymin>
			<ymax>228</ymax>
		</bndbox>
		<polygon>
			<x1>314.54902</x1>
			<y1>223.464052</y1>
			<x2>310.980392</x2>
			<y2>224.993464</y2>
			<x3>312.382353</x3>
			<y3>227.372549</y3>
			<x4>314.931373</x4>
			<y4>227.202614</y4>
			<x5>316.205882</x5>
			<y5>226.183007</y5>
			<x6>314.54902</x6>
			<y6>223.464052</y6>
		</polygon>
	</object>
	<object>
		<name>Unlabeled litter</name>
		<pose>Unspecified</pose>
		<truncated>0</truncated>
		<difficult>0</difficult>
		<occluded>0</occluded>
		<bndbox>
			<xmin>382</xmin>
			<xmax>386</xmax>
			<ymin>231</ymin>
			<ymax>234</ymax>
		</bndbox>
		<polygon>
			<x1>381.460784</x1>
			<y1>231.79085</y1>
			<x2>384.009804</x2>
			<y2>233.150327</y2>
			<x3>385.156863</x3>
			<y3>231.79085</y3>
			<x4>382.735294</x4>
			<y4>229.921569</y4>
			<x5>381.460784</x5>
			<y5>231.79085</y5>
		</polygon>
	</object>
	<object>
		<name>Normal paper</name>
		<pose>Unspecified</pose>
		<truncated>0</truncated>
		<difficult>0</difficult>
		<occluded>0</occluded>
		<bndbox>
			<xmin>304</xmin>
			<xmax>308</xmax>
			<ymin>178</ymin>
			<ymax>185</ymax>
		</bndbox>
		<polygon>
			<x1>306.009804</x1>
			<y1>177.24183</y1>
			<x2>302.95098</x2>
			<y2>177.921569</y2>
			<x3>302.95098</x3>
			<y3>181.660131</y3>
			<x4>306.519608</x4>
			<y4>183.529412</y4>
			<x5>306.009804</x5>
			<y5>177.24183</y5>
		</polygon>
	</object>
	<object>
		<name>Normal paper</name>
		<pose>Unspecified</pose>
		<truncated>0</truncated>
		<difficult>0</difficult>
		<occluded>0</occluded>
		<bndbox>
			<xmin>186</xmin>
			<xmax>194</xmax>
			<ymin>169</ymin>
			<ymax>177</ymax>
		</bndbox>
		<polygon>
			<x1>191.04902</x1>
			<y1>170.27451</y1>
			<x2>191.04902</x2>
			<y2>167.72549</y2>
			<x3>189.137255</x3>
			<y3>169.254902</y3>
			<x4>184.931373</x4>
			<y4>169.764706</y4>
			<x5>187.990196</x5>
			<y5>175.542484</y5>
			<x6>192.323529</x6>
			<y6>176.222222</y6>
			<x7>192.960784</x7>
			<y7>170.444444</y7>
			<x8>191.04902</x8>
			<y8>170.27451</y8>
		</polygon>
	</object>
	<object>
		<name>Unlabeled litter</name>
		<pose>Unspecified</pose>
		<truncated>0</truncated>
		<difficult>0</difficult>
		<occluded>0</occluded>
		<bndbox>
			<xmin>192</xmin>
			<xmax>200</xmax>
			<ymin>176</ymin>
			<ymax>180</ymax>
		</bndbox>
		<polygon>
			<x1>196.784314</x1>
			<y1>174.69281</y1>
			<x2>194.745098</x2>
			<y2>176.732026</y2>
			<x3>190.539216</x3>
			<y3>176.901961</y3>
			<x4>194.362745</x4>
			<y4>179.281046</y4>
			<x5>198.95098</x5>
			<y5>178.091503</y5>
			<x6>198.823529</x6>
			<y6>176.392157</y6>
			<x7>196.784314</x7>
			<y7>174.69281</y7>
		</polygon>
	</object>
	<object>
		<name>Cigarette</name>
		<pose>Unspecified</pose>
		<truncated>0</truncated>
		<difficult>0</difficult>
		<occluded>0</occluded>
		<bndbox>
			<xmin>99</xmin>
			<xmax>106</xmax>
			<ymin>172</ymin>
			<ymax>184</ymax>
		</bndbox>
		<polygon>
			<x1>102.72549</x1>
			<y1>171.464052</y1>
			<x2>100.176471</x2>
			<y2>173.503268</y2>
			<x3>98.77451</x3>
			<y3>174.013072</y3>
			<x4>98.77451</x4>
			<y4>177.751634</y4>
			<x5>98.392157</x5>
			<y5>182.849673</y5>
			<x6>100.941176</x6>
			<y6>180.980392</y6>
			<x7>105.019608</x7>
			<y7>178.941176</y7>
			<x8>105.401961</x8>
			<y8>176.222222</y8>
			<x9>102.72549</x9>
			<y9>171.464052</y9>
		</polygon>
	</object>
	<object>
		<name>Cigarette</name>
		<pose>Unspecified</pose>
		<truncated>0</truncated>
		<difficult>0</difficult>
		<occluded>0</occluded>
		<bndbox>
			<xmin>55</xmin>
			<xmax>60</xmax>
			<ymin>211</ymin>
			<ymax>213</ymax>
		</bndbox>
		<polygon>
			<x1>54.803922</x1>
			<y1>209.869281</y1>
			<x2>54.294118</x2>
			<y2>211.568627</y2>
			<x3>57.862745</x3>
			<y3>212.078431</y3>
			<x4>58.754902</x4>
			<y4>210.379085</y4>
			<x5>54.803922</x5>
			<y5>209.869281</y5>
		</polygon>
	</object>
	<object>
		<name>Other plastic</name>
		<pose>Unspecified</pose>
		<truncated>0</truncated>
		<difficult>0</difficult>
		<occluded>0</occluded>
		<bndbox>
			<xmin>22</xmin>
			<xmax>28</xmax>
			<ymin>180</ymin>
			<ymax>187</ymax>
		</bndbox>
		<polygon>
			<x1>25.745098</x1>
			<y1>179.111111</y1>
			<x2>24.215686</x2>
			<y2>183.019608</y2>
			<x3>20.77451</x3>
			<y3>184.379085</y3>
			<x4>22.176471</x4>
			<y4>186.078431</y4>
			<x5>26.509804</x5>
			<y5>185.398693</y5>
			<x6>27.019608</x6>
			<y6>183.189542</y6>
			<x7>26.382353</x7>
			<y7>180.640523</y7>
			<x8>25.745098</x8>
			<y8>179.111111</y8>
		</polygon>
	</object>
	<object>
		<name>Cigarette</name>
		<pose>Unspecified</pose>
		<truncated>0</truncated>
		<difficult>0</difficult>
		<occluded>0</occluded>
		<bndbox>
			<xmin>257</xmin>
			<xmax>261</xmax>
			<ymin>222</ymin>
			<ymax>225</ymax>
		</bndbox>
		<polygon>
			<x1>256.558824</x1>
			<y1>221.084967</y1>
			<x2>256.04902</x2>
			<y2>223.464052</y2>
			<x3>259.617647</x3>
			<y3>224.313725</y3>
			<x4>259.872549</x4>
			<y4>222.27451</y4>
			<x5>256.558824</x5>
			<y5>221.084967</y5>
		</polygon>
	</object>
	<object>
		<name>Unlabeled litter</name>
		<pose>Unspecified</pose>
		<truncated>0</truncated>
		<difficult>0</difficult>
		<occluded>0</occluded>
		<bndbox>
			<xmin>336</xmin>
			<xmax>343</xmax>
			<ymin>234</ymin>
			<ymax>239</ymax>
		</bndbox>
		<polygon>
			<x1>339.27451</x1>
			<y1>233.150327</y1>
			<x2>334.558824</x2>
			<y2>235.359477</y2>
			<x3>339.529412</x3>
			<y3>237.738562</y3>
			<x4>341.95098</x4>
			<y4>236.20915</y4>
			<x5>341.441176</x5>
			<y5>234.339869</y5>
			<x6>339.27451</x6>
			<y6>233.150327</y6>
		</polygon>
	</object>
	<object>
		<name>Other plastic container</name>
		<pose>Unspecified</pose>
		<truncated>0</truncated>
		<difficult>0</difficult>
		<occluded>0</occluded>
		<bndbox>
			<xmin>353</xmin>
			<xmax>368</xmax>
			<ymin>191</ymin>
			<ymax>198</ymax>
		</bndbox>
		<polygon>
			<x1>366.039216</x1>
			<y1>190.156863</y1>
			<x2>356.352941</x2>
			<y2>190.156863</y2>
			<x3>353.676471</x3>
			<y3>193.045752</y3>
			<x4>352.27451</x4>
			<y4>196.27451</y4>
			<x5>364.637255</x5>
			<y5>197.294118</y5>
			<x6>367.313725</x6>
			<y6>194.405229</y6>
			<x7>366.039216</x7>
			<y7>190.156863</y7>
		</polygon>
	</object>
	<object>
		<name>Unlabeled litter</name>
		<pose>Unspecified</pose>
		<truncated>0</truncated>
		<difficult>0</difficult>
		<occluded>0</occluded>
		<bndbox>
			<xmin>349</xmin>
			<xmax>364</xmax>
			<ymin>176</ymin>
			<ymax>183</ymax>
		</bndbox>
		<polygon>
			<x1>357.372549</x1>
			<y1>179.960784</y1>
			<x2>362.852941</x2>
			<y2>179.79085</y2>
			<x3>363.235294</x3>
			<y3>177.24183</y3>
			<x4>359.284314</x4>
			<y4>177.411765</y4>
			<x5>355.715686</x5>
			<y5>176.732026</y5>
			<x6>351.637255</x6>
			<y6>175.03268</y6>
			<x7>350.235294</x7>
			<y7>178.091503</y7>
			<x8>348.323529</x8>
			<y8>180.300654</y8>
			<x9>350.362745</x9>
			<y9>180.980392</y9>
			<x10>354.058824</x10>
			<y10>182.169935</y10>
			<x11>357.372549</x11>
			<y11>179.960784</y11>
		</polygon>
	</object>
	<object>
		<name>Unlabeled litter</name>
		<pose>Unspecified</pose>
		<truncated>0</truncated>
		<difficult>0</difficult>
		<occluded>0</occluded>
		<bndbox>
			<xmin>382</xmin>
			<xmax>387</xmax>
			<ymin>193</ymin>
			<ymax>196</ymax>
		</bndbox>
		<polygon>
			<x1>383.117647</x1>
			<y1>191.51634</y1>
			<x2>380.95098</x2>
			<y2>192.196078</y2>
			<x3>381.588235</x3>
			<y3>194.745098</y3>
			<x4>383.754902</x4>
			<y4>194.745098</y4>
			<x5>385.794118</x5>
			<y5>193.555556</y5>
			<x6>383.117647</x6>
			<y6>191.51634</y6>
		</polygon>
	</object>
	<object>
		<name>Unlabeled litter</name>
		<pose>Unspecified</pose>
		<truncated>0</truncated>
		<difficult>0</difficult>
		<occluded>0</occluded>
		<bndbox>
			<xmin>379</xmin>
			<xmax>389</xmax>
			<ymin>210</ymin>
			<ymax>214</ymax>
		</bndbox>
		<polygon>
			<x1>385.666667</x1>
			<y1>210.54902</y1>
			<x2>383.882353</x2>
			<y2>208.849673</y2>
			<x3>380.441176</x3>
			<y3>208.849673</y3>
			<x4>380.186275</x4>
			<y4>210.718954</y4>
			<x5>378.019608</x5>
			<y5>211.228758</y5>
			<x6>377.892157</x6>
			<y6>213.437908</y6>
			<x7>381.588235</x7>
			<y7>213.437908</y7>
			<x8>385.411765</x8>
			<y8>213.437908</y8>
			<x9>387.705882</x9>
			<y9>212.75817</y9>
			<x10>385.666667</x10>
			<y10>210.54902</y10>
		</polygon>
	</object>
	<object>
		<name>Unlabeled litter</name>
		<pose>Unspecified</pose>
		<truncated>0</truncated>
		<difficult>0</difficult>
		<occluded>0</occluded>
		<bndbox>
			<xmin>283</xmin>
			<xmax>289</xmax>
			<ymin>177</ymin>
			<ymax>180</ymax>
		</bndbox>
		<polygon>
			<x1>288.294118</x1>
			<y1>178.771242</y1>
			<x2>288.421569</x2>
			<y2>176.732026</y2>
			<x3>284.852941</x3>
			<y3>176.732026</y3>
			<x4>282.558824</x4>
			<y4>175.712418</y4>
			<x5>282.176471</x5>
			<y5>177.581699</y5>
			<x6>284.088235</x6>
			<y6>178.431373</y6>
			<x7>288.294118</x7>
			<y7>178.771242</y7>
		</polygon>
	</object>
	<object>
		<name>Broken glass</name>
		<pose>Unspecified</pose>
		<truncated>0</truncated>
		<difficult>0</difficult>
		<occluded>0</occluded>
		<bndbox>
			<xmin>217</xmin>
			<xmax>221</xmax>
			<ymin>197</ymin>
			<ymax>200</ymax>
		</bndbox>
		<polygon>
			<x1>217.176471</x1>
			<y1>196.104575</y1>
			<x2>216.156863</x2>
			<y2>198.653595</y2>
			<x3>219.598039</x3>
			<y3>198.823529</y3>
			<x4>219.088235</x4>
			<y4>196.954248</y4>
			<x5>217.176471</x5>
			<y5>196.104575</y5>
		</polygon>
	</object>
	<object>
		<name>Unlabeled litter</name>
		<pose>Unspecified</pose>
		<truncated>0</truncated>
		<difficult>0</difficult>
		<occluded>0</occluded>
		<bndbox>
			<xmin>202</xmin>
			<xmax>206</xmax>
			<ymin>181</ymin>
			<ymax>184</ymax>
		</bndbox>
		<polygon>
			<x1>203.794118</x1>
			<y1>182.849673</y1>
			<x2>205.068627</x2>
			<y2>181.150327</y2>
			<x3>200.607843</x3>
			<y3>179.79085</y3>
			<x4>203.794118</x4>
			<y4>182.849673</y4>
		</polygon>
	</object>
</annotation>
