<annotation>
	<folder></folder>
	<filename>000041_jpg.rf.92ea8ee4cab46219bdf4a8362dc63bde.jpg</filename>
	<path>000041_jpg.rf.92ea8ee4cab46219bdf4a8362dc63bde.jpg</path>
	<source>
		<database>roboflow.ai</database>
	</source>
	<size>
		<width>416</width>
		<height>416</height>
		<depth>3</depth>
	</size>
	<segmented>0</segmented>
	<object>
		<name>Plastic bottle cap</name>
		<pose>Unspecified</pose>
		<truncated>0</truncated>
		<difficult>0</difficult>
		<occluded>0</occluded>
		<bndbox>
			<xmin>190</xmin>
			<xmax>264</xmax>
			<ymin>109</ymin>
			<ymax>156</ymax>
		</bndbox>
		<polygon>
			<x1>189.483266</x1>
			<y1>130.391566</y1>
			<x2>192.546185</x2>
			<y2>140.572289</y2>
			<x3>199.646586</x3>
			<y3>146.680723</y3>
			<x4>214.543507</x4>
			<y4>152.554217</y4>
			<x5>228.187416</x5>
			<y5>154.981928</y5>
			<x6>240.43909</x6>
			<y6>152.39759</y6>
			<x7>253.108434</x7>
			<y7>146.445783</y7>
			<x8>260.76573</x8>
			<y8>139.39759</y8>
			<x9>262.575636</x9>
			<y9>129.216867</y9>
			<x10>262.575636</x10>
			<y10>120.993976</y10>
			<x11>256.589023</x11>
			<y11>113.006024</y11>
			<x12>251.159304</x12>
			<y12>108.463855</y12>
			<x13>242.248996</x13>
			<y13>108.385542</y13>
			<x14>232.781794</x14>
			<y14>107.837349</y14>
			<x15>224.985274</x15>
			<y15>109.012048</y15>
			<x16>213.151272</x16>
			<y16>111.361446</y16>
			<x17>202.848728</x17>
			<y17>115.512048</y17>
			<x18>196.165997</x18>
			<y18>120.445783</y18>
			<x19>192.128514</x19>
			<y19>125.614458</y19>
			<x20>189.483266</x20>
			<y20>130.391566</y20>
		</polygon>
	</object>
	<object>
		<name>Unlabeled litter</name>
		<pose>Unspecified</pose>
		<truncated>0</truncated>
		<difficult>0</difficult>
		<occluded>0</occluded>
		<bndbox>
			<xmin>332</xmin>
			<xmax>344</xmax>
			<ymin>376</ymin>
			<ymax>409</ymax>
		</bndbox>
		<polygon>
			<x1>331.769746</x1>
			<y1>401.668675</y1>
			<x2>332.048193</x2>
			<y2>407.385542</y2>
			<x3>339.844712</x3>
			<y3>408.325301</y3>
			<x4>341.654618</x4>
			<y4>390.391566</y4>
			<x5>342.907631</x5>
			<y5>376.373494</y5>
			<x6>337.477912</x6>
			<y6>375.198795</y6>
			<x7>333.161981</x7>
			<y7>382.560241</y7>
			<x8>331.073628</x8>
			<y8>390.23494</y8>
			<x9>331.769746</x9>
			<y9>401.668675</y9>
		</polygon>
	</object>
</annotation>
