<annotation>
	<folder></folder>
	<filename>000098_jpg.rf.a9d1a2a58e1aed83460b997a3cc7163f.jpg</filename>
	<path>000098_jpg.rf.a9d1a2a58e1aed83460b997a3cc7163f.jpg</path>
	<source>
		<database>roboflow.ai</database>
	</source>
	<size>
		<width>416</width>
		<height>416</height>
		<depth>3</depth>
	</size>
	<segmented>0</segmented>
	<object>
		<name>Foam cup</name>
		<pose>Unspecified</pose>
		<truncated>0</truncated>
		<difficult>0</difficult>
		<occluded>0</occluded>
		<bndbox>
			<xmin>195</xmin>
			<xmax>226</xmax>
			<ymin>211</ymin>
			<ymax>229</ymax>
		</bndbox>
		<polygon>
			<x1>193.693122</x1>
			<y1>220.896825</y1>
			<x2>195.343915</x2>
			<y2>223.269841</y2>
			<x3>211.714286</x3>
			<y3>227.603175</y3>
			<x4>218.592593</x4>
			<y4>226.261905</y4>
			<x5>222.169312</x5>
			<y5>225.02381</y5>
			<x6>224.645503</x6>
			<y6>227.603175</y6>
			<x7>225.195767</x7>
			<y7>225.436508</y7>
			<x8>223.820106</x8>
			<y8>222.238095</y8>
			<x9>211.026455</x9>
			<y9>212.230159</y9>
			<x10>207.174603</x10>
			<y10>209.857143</y10>
			<x11>202.634921</x11>
			<y11>211.301587</y11>
			<x12>196.994709</x12>
			<y12>215.738095</y12>
			<x13>193.693122</x13>
			<y13>220.896825</y13>
		</polygon>
	</object>
</annotation>
