<annotation>
	<folder></folder>
	<filename>000049_jpg.rf.900a612009bd41b0ef473758718af2fe.jpg</filename>
	<path>000049_jpg.rf.900a612009bd41b0ef473758718af2fe.jpg</path>
	<source>
		<database>roboflow.ai</database>
	</source>
	<size>
		<width>416</width>
		<height>416</height>
		<depth>3</depth>
	</size>
	<segmented>0</segmented>
	<object>
		<name>Disposable plastic cup</name>
		<pose>Unspecified</pose>
		<truncated>0</truncated>
		<difficult>0</difficult>
		<occluded>0</occluded>
		<bndbox>
			<xmin>179</xmin>
			<xmax>234</xmax>
			<ymin>180</ymin>
			<ymax>234</ymax>
		</bndbox>
		<polygon>
			<x1>192.483871</x1>
			<y1>226.766129</y1>
			<x2>197.096774</x2>
			<y2>229.491935</y2>
			<x3>204.225806</x3>
			<y3>232.008065</y3>
			<x4>213.032258</x4>
			<y4>232.008065</y4>
			<x5>228.408602</x5>
			<y5>233.056452</y5>
			<x6>231.344086</x6>
			<y6>224.983871</y6>
			<x7>233.16129</x7>
			<y7>216.491935</y7>
			<x8>232.322581</x8>
			<y8>207.790323</y8>
			<x9>228.548387</x9>
			<y9>196.782258</y9>
			<x10>223.096774</x10>
			<y10>189.758065</y10>
			<x11>209.537634</x11>
			<y11>179.169355</y11>
			<x12>202.129032</x12>
			<y12>178.854839</y12>
			<x13>191.086022</x13>
			<y13>185.774194</y13>
			<x14>189.408602</x14>
			<y14>189.653226</y14>
			<x15>183.817204</x15>
			<y15>192.169355</y15>
			<x16>179.763441</x16>
			<y16>196.991935</y16>
			<x17>177.946237</x17>
			<y17>201.395161</y17>
			<x18>177.806452</x18>
			<y18>205.064516</y18>
			<x19>179.483871</x19>
			<y19>213.137097</y19>
			<x20>184.795699</x20>
			<y20>219.637097</y20>
			<x21>187.172043</x21>
			<y21>221.314516</y21>
			<x22>192.483871</x22>
			<y22>226.766129</y22>
		</polygon>
	</object>
	<object>
		<name>Unlabeled litter</name>
		<pose>Unspecified</pose>
		<truncated>0</truncated>
		<difficult>0</difficult>
		<occluded>0</occluded>
		<bndbox>
			<xmin>209</xmin>
			<xmax>226</xmax>
			<ymin>315</ymin>
			<ymax>325</ymax>
		</bndbox>
		<polygon>
			<x1>208.139785</x1>
			<y1>319.862903</y1>
			<x2>210.096774</x2>
			<y2>324.16129</y2>
			<x3>224.634409</x3>
			<y3>318.395161</y3>
			<x4>214.709677</x4>
			<y4>313.677419</y4>
			<x5>208.139785</x5>
			<y5>319.862903</y5>
		</polygon>
	</object>
</annotation>
