<annotation>
	<folder></folder>
	<filename>000002_jpg.rf.548e7f772c828ce2f280c8dec435f684.jpg</filename>
	<path>000002_jpg.rf.548e7f772c828ce2f280c8dec435f684.jpg</path>
	<source>
		<database>roboflow.ai</database>
	</source>
	<size>
		<width>416</width>
		<height>416</height>
		<depth>3</depth>
	</size>
	<segmented>0</segmented>
	<object>
		<name>Unlabeled litter</name>
		<pose>Unspecified</pose>
		<truncated>0</truncated>
		<difficult>0</difficult>
		<occluded>0</occluded>
		<bndbox>
			<xmin>68</xmin>
			<xmax>80</xmax>
			<ymin>127</ymin>
			<ymax>138</ymax>
		</bndbox>
		<polygon>
			<x1>76.336</x1>
			<y1>125.666667</y1>
			<x2>72.28</x2>
			<y2>128.859649</y2>
			<x3>66.872</x3>
			<y3>134.333333</y3>
			<x4>69.368</x4>
			<y4>137.298246</y4>
			<x5>75.712</x5>
			<y5>134.333333</y5>
			<x6>78.936</x6>
			<y6>130.912281</y6>
			<x7>76.336</x7>
			<y7>125.666667</y7>
		</polygon>
	</object>
	<object>
		<name>Other plastic</name>
		<pose>Unspecified</pose>
		<truncated>0</truncated>
		<difficult>0</difficult>
		<occluded>0</occluded>
		<bndbox>
			<xmin>28</xmin>
			<xmax>40</xmax>
			<ymin>317</ymin>
			<ymax>323</ymax>
		</bndbox>
		<polygon>
			<x1>37.544</x1>
			<y1>316.105263</y1>
			<x2>33.28</x2>
			<y2>319.070175</y2>
			<x3>27.456</x3>
			<y3>320.438596</y3>
			<x4>26.728</x4>
			<y4>322.491228</y4>
			<x5>34.112</x5>
			<y5>322.035088</y5>
			<x6>38.792</x6>
			<y6>317.929825</y6>
			<x7>37.544</x7>
			<y7>316.105263</y7>
		</polygon>
	</object>
	<object>
		<name>Clear plastic bottle</name>
		<pose>Unspecified</pose>
		<truncated>0</truncated>
		<difficult>0</difficult>
		<occluded>0</occluded>
		<bndbox>
			<xmin>128</xmin>
			<xmax>171</xmax>
			<ymin>228</ymin>
			<ymax>273</ymax>
		</bndbox>
		<polygon>
			<x1>128.752</x1>
			<y1>264.333333</y1>
			<x2>127.296</x2>
			<y2>266.614035</y2>
			<x3>127.4</x3>
			<y3>270.035088</y3>
			<x4>128.648</x4>
			<y4>272.315789</y4>
			<x5>130.832</x5>
			<y5>272.087719</y5>
			<x6>132.184</x6>
			<y6>270.719298</y6>
			<x7>133.848</x7>
			<y7>270.719298</y7>
			<x8>138.632</x8>
			<y8>269.350877</y8>
			<x9>144.872</x9>
			<y9>267.298246</y9>
			<x10>149.136</x10>
			<y10>264.789474</y10>
			<x11>151.112</x11>
			<y11>263.649123</y11>
			<x12>154.856</x12>
			<y12>259.087719</y12>
			<x13>158.08</x13>
			<y13>255.438596</y13>
			<x14>160.992</x14>
			<y14>253.842105</y14>
			<x15>165.048</x15>
			<y15>251.561404</y15>
			<x16>167.544</x16>
			<y16>248.824561</y16>
			<x17>169.52</x17>
			<y17>244.719298</y17>
			<x18>168.688</x18>
			<y18>243.350877</y18>
			<x19>169.312</x19>
			<y19>238.333333</y19>
			<x20>168.48</x20>
			<y20>236.052632</y20>
			<x21>167.024</x21>
			<y21>235.368421</y21>
			<x22>167.96</x22>
			<y22>231.947368</y22>
			<x23>167.336</x23>
			<y23>228.982456</y23>
			<x24>166.192</x24>
			<y24>227.614035</y24>
			<x25>165.048</x25>
			<y25>226.701754</y25>
			<x26>163.176</x26>
			<y26>226.929825</y26>
			<x27>160.472</x27>
			<y27>229.210526</y27>
			<x28>158.184</x28>
			<y28>232.175439</y28>
			<x29>154.648</x29>
			<y29>236.280702</y29>
			<x30>151.736</x30>
			<y30>238.105263</y30>
			<x31>146.64</x31>
			<y31>240.385965</y31>
			<x32>143.416</x32>
			<y32>244.491228</y32>
			<x33>134.888</x33>
			<y33>256.578947</y33>
			<x34>131.352</x34>
			<y34>262.280702</y34>
			<x35>130.104</x35>
			<y35>263.192982</y35>
			<x36>128.752</x36>
			<y36>264.333333</y36>
		</polygon>
	</object>
	<object>
		<name>Plastic bottle cap</name>
		<pose>Unspecified</pose>
		<truncated>0</truncated>
		<difficult>0</difficult>
		<occluded>0</occluded>
		<bndbox>
			<xmin>128</xmin>
			<xmax>132</xmax>
			<ymin>265</ymin>
			<ymax>274</ymax>
		</bndbox>
		<polygon>
			<x1>128.856</x1>
			<y1>272.77193</y1>
			<x2>130.728</x2>
			<y2>271.403509</y2>
			<x3>130</x3>
			<y3>266.842105</y3>
			<x4>129.168</x4>
			<y4>264.333333</y4>
			<x5>127.296</x5>
			<y5>266.614035</y5>
			<x6>127.608</x6>
			<y6>270.263158</y6>
			<x7>128.856</x7>
			<y7>272.77193</y7>
		</polygon>
	</object>
	<object>
		<name>Unlabeled litter</name>
		<pose>Unspecified</pose>
		<truncated>0</truncated>
		<difficult>0</difficult>
		<occluded>0</occluded>
		<bndbox>
			<xmin>128</xmin>
			<xmax>142</xmax>
			<ymin>99</ymin>
			<ymax>112</ymax>
		</bndbox>
		<polygon>
			<x1>136.552</x1>
			<y1>110.842105</y1>
			<x2>141.024</x2>
			<y2>111.298246</y2>
			<x3>138.528</x3>
			<y3>102.403509</y3>
			<x4>134.992</x4>
			<y4>100.578947</y4>
			<x5>130.104</x5>
			<y5>97.842105</y5>
			<x6>126.568</x6>
			<y6>106.964912</y6>
			<x7>129.584</x7>
			<y7>108.561404</y7>
			<x8>132.288</x8>
			<y8>109.701754</y8>
			<x9>136.552</x9>
			<y9>110.842105</y9>
		</polygon>
	</object>
	<object>
		<name>Plastic film</name>
		<pose>Unspecified</pose>
		<truncated>0</truncated>
		<difficult>0</difficult>
		<occluded>0</occluded>
		<bndbox>
			<xmin>2</xmin>
			<xmax>12</xmax>
			<ymin>158</ymin>
			<ymax>177</ymax>
		</bndbox>
		<polygon>
			<x1>10.192</x1>
			<y1>169</y1>
			<x2>11.336</x2>
			<y2>160.789474</y2>
			<x3>9.048</x3>
			<y3>157.368421</y3>
			<x4>6.24</x4>
			<y4>157.140351</y4>
			<x5>3.744</x5>
			<y5>159.649123</y5>
			<x6>0.728</x6>
			<y6>163.982456</y6>
			<x7>1.664</x7>
			<y7>167.631579</y7>
			<x8>0.728</x8>
			<y8>171.508772</y8>
			<x9>3.224</x9>
			<y9>175.842105</y9>
			<x10>7.072</x10>
			<y10>174.473684</y10>
			<x11>10.192</x11>
			<y11>169</y11>
		</polygon>
	</object>
</annotation>
