<annotation>
	<folder></folder>
	<filename>000046_JPG.rf.be3af8eafab20f3bd00f96fee3359739.jpg</filename>
	<path>000046_JPG.rf.be3af8eafab20f3bd00f96fee3359739.jpg</path>
	<source>
		<database>roboflow.ai</database>
	</source>
	<size>
		<width>416</width>
		<height>416</height>
		<depth>3</depth>
	</size>
	<segmented>0</segmented>
	<object>
		<name>Food Can</name>
		<pose>Unspecified</pose>
		<truncated>0</truncated>
		<difficult>0</difficult>
		<occluded>0</occluded>
		<bndbox>
			<xmin>182</xmin>
			<xmax>237</xmax>
			<ymin>182</ymin>
			<ymax>230</ymax>
		</bndbox>
		<polygon>
			<x1>236.379085</x1>
			<y1>219.215686</y1>
			<x2>234.169935</x2>
			<y2>215.519608</y2>
			<x3>232.810458</x3>
			<y3>212.715686</y3>
			<x4>226.352941</x4>
			<y4>200.607843</y4>
			<x5>217.51634</x5>
			<y5>184.803922</y5>
			<x6>215.986928</x6>
			<y6>183.27451</y6>
			<x7>211.738562</x7>
			<y7>181.872549</y7>
			<x8>207.830065</x8>
			<y8>181.235294</y8>
			<x9>202.562092</x9>
			<y9>181.235294</y9>
			<x10>197.294118</x10>
			<y10>182.127451</y10>
			<x11>190.326797</x11>
			<y11>184.803922</y11>
			<x12>186.248366</x12>
			<y12>187.098039</y12>
			<x13>183.189542</x13>
			<y13>189.77451</y13>
			<x14>181.320261</x14>
			<y14>193.215686</y14>
			<x15>181.660131</x15>
			<y15>196.019608</y15>
			<x16>185.228758</x16>
			<y16>204.04902</y16>
			<x17>197.294118</x17>
			<y17>228.647059</y17>
			<x18>233.490196</x18>
			<y18>223.676471</y18>
			<x19>235.019608</x19>
			<y19>222.019608</y19>
			<x20>236.379085</x20>
			<y20>219.215686</y20>
		</polygon>
	</object>
</annotation>
