<annotation>
	<folder></folder>
	<filename>000037_JPG.rf.64261045ff141e847233166a708e1992.jpg</filename>
	<path>000037_JPG.rf.64261045ff141e847233166a708e1992.jpg</path>
	<source>
		<database>roboflow.ai</database>
	</source>
	<size>
		<width>416</width>
		<height>416</height>
		<depth>3</depth>
	</size>
	<segmented>0</segmented>
	<object>
		<name>Disposable plastic cup</name>
		<pose>Unspecified</pose>
		<truncated>0</truncated>
		<difficult>0</difficult>
		<occluded>0</occluded>
		<bndbox>
			<xmin>230</xmin>
			<xmax>259</xmax>
			<ymin>269</ymin>
			<ymax>286</ymax>
		</bndbox>
		<polygon>
			<x1>232.810458</x1>
			<y1>268.284314</y1>
			<x2>232.470588</x2>
			<y2>267.647059</y2>
			<x3>232.130719</x3>
			<y3>267.519608</y3>
			<x4>231.281046</x4>
			<y4>269.04902</y4>
			<x5>230.771242</x5>
			<y5>271.852941</y5>
			<x6>230.431373</x6>
			<y6>274.019608</y6>
			<x7>229.581699</x7>
			<y7>277.205882</y7>
			<x8>229.581699</x8>
			<y8>280.77451</y8>
			<x9>229.24183</x9>
			<y9>283.196078</y9>
			<x10>229.411765</x10>
			<y10>284.088235</y10>
			<x11>229.921569</x11>
			<y11>283.833333</y11>
			<x12>238.248366</x12>
			<y12>284.598039</y12>
			<x13>243.856209</x13>
			<y13>284.72549</y13>
			<x14>247.594771</x14>
			<y14>284.980392</y14>
			<x15>253.202614</x15>
			<y15>284.852941</y15>
			<x16>255.921569</x16>
			<y16>283.323529</y16>
			<x17>257.79085</x17>
			<y17>281.284314</y17>
			<x18>258.130719</x18>
			<y18>279.5</y18>
			<x19>258.300654</x19>
			<y19>276.95098</y19>
			<x20>256.771242</x20>
			<y20>274.784314</y20>
			<x21>253.882353</x21>
			<y21>272.745098</y21>
			<x22>246.065359</x22>
			<y22>271.088235</y22>
			<x23>237.058824</x23>
			<y23>269.04902</y23>
			<x24>232.810458</x24>
			<y24>268.284314</y24>
		</polygon>
	</object>
	<object>
		<name>Cigarette</name>
		<pose>Unspecified</pose>
		<truncated>0</truncated>
		<difficult>0</difficult>
		<occluded>0</occluded>
		<bndbox>
			<xmin>181</xmin>
			<xmax>185</xmax>
			<ymin>286</ymin>
			<ymax>291</ymax>
		</bndbox>
		<polygon>
			<x1>183.529412</x1>
			<y1>289.568627</y1>
			<x2>182.509804</x2>
			<y2>284.72549</y2>
			<x3>180.130719</x3>
			<y3>284.980392</y3>
			<x4>180.470588</x4>
			<y4>290.333333</y4>
			<x5>183.529412</x5>
			<y5>289.568627</y5>
		</polygon>
	</object>
</annotation>
