<annotation>
	<folder></folder>
	<filename>000073_jpg.rf.cb894f68221fd13f762a612902deb772.jpg</filename>
	<path>000073_jpg.rf.cb894f68221fd13f762a612902deb772.jpg</path>
	<source>
		<database>roboflow.ai</database>
	</source>
	<size>
		<width>416</width>
		<height>416</height>
		<depth>3</depth>
	</size>
	<segmented>0</segmented>
	<object>
		<name>Plastic bottle cap</name>
		<pose>Unspecified</pose>
		<truncated>0</truncated>
		<difficult>0</difficult>
		<occluded>0</occluded>
		<bndbox>
			<xmin>169</xmin>
			<xmax>243</xmax>
			<ymin>136</ymin>
			<ymax>236</ymax>
		</bndbox>
		<polygon>
			<x1>170.4</x1>
			<y1>172.133333</y1>
			<x2>167.9</x2>
			<y2>186.8</y2>
			<x3>170.6</x3>
			<y3>201.866667</y3>
			<x4>178</x4>
			<y4>215.6</y4>
			<x5>189.2</x5>
			<y5>228.666667</y5>
			<x6>199.1</x6>
			<y6>233.733333</y6>
			<x7>213.8</x7>
			<y7>234.666667</y7>
			<x8>230.6</x8>
			<y8>225.733333</y8>
			<x9>238.6</x9>
			<y9>214.4</y9>
			<x10>239.7</x10>
			<y10>201.2</y10>
			<x11>241.8</x11>
			<y11>185.733333</y11>
			<x12>241.9</x12>
			<y12>170.8</y12>
			<x13>239.6</x13>
			<y13>162.8</y13>
			<x14>231.4</x14>
			<y14>148.666667</y14>
			<x15>221.3</x15>
			<y15>140.4</y15>
			<x16>209.3</x16>
			<y16>134.666667</y16>
			<x17>195.3</x17>
			<y17>136.666667</y17>
			<x18>181.7</x18>
			<y18>146</y18>
			<x19>174.4</x19>
			<y19>156.666667</y19>
			<x20>170.4</x20>
			<y20>172.133333</y20>
		</polygon>
	</object>
</annotation>
