<annotation>
	<folder></folder>
	<filename>000066_jpg.rf.4fafb710d05abfabccc857ec2cb5e9c2.jpg</filename>
	<path>000066_jpg.rf.4fafb710d05abfabccc857ec2cb5e9c2.jpg</path>
	<source>
		<database>roboflow.ai</database>
	</source>
	<size>
		<width>416</width>
		<height>416</height>
		<depth>3</depth>
	</size>
	<segmented>0</segmented>
	<object>
		<name>Plastic utensils</name>
		<pose>Unspecified</pose>
		<truncated>0</truncated>
		<difficult>0</difficult>
		<occluded>0</occluded>
		<bndbox>
			<xmin>226</xmin>
			<xmax>301</xmax>
			<ymin>172</ymin>
			<ymax>314</ymax>
		</bndbox>
		<polygon>
			<x1>298.071429</x1>
			<y1>306.772487</y1>
			<x2>300.134921</x2>
			<y2>302.783069</y2>
			<x3>264.436508</x3>
			<y3>235.513228</y3>
			<x4>261.238095</x4>
			<y4>232.624339</y4>
			<x5>246.174603</x5>
			<y5>206.074074</y5>
			<x6>242.563492</x6>
			<y6>197.407407</y6>
			<x7>241.531746</x7>
			<y7>191.62963</y7>
			<x8>238.849206</x8>
			<y8>188.05291</y8>
			<x9>224.81746</x9>
			<y9>170.582011</y9>
			<x10>225.849206</x10>
			<y10>178.285714</y10>
			<x11>230.595238</x11>
			<y11>196.994709</y11>
			<x12>234.825397</x12>
			<y12>200.433862</y12>
			<x13>237.920635</x13>
			<y13>204.973545</y13>
			<x14>246.587302</x14>
			<y14>222.857143</y14>
			<x15>255.460317</x15>
			<y15>240.878307</y15>
			<x16>255.873016</x16>
			<y16>246.10582</y16>
			<x17>290.539683</x17>
			<y17>311.449735</y17>
			<x18>293.738095</x18>
			<y18>312.962963</y18>
			<x19>294.666667</x19>
			<y19>310.761905</y19>
			<x20>298.071429</x20>
			<y20>306.772487</y20>
		</polygon>
	</object>
	<object>
		<name>Other plastic</name>
		<pose>Unspecified</pose>
		<truncated>0</truncated>
		<difficult>0</difficult>
		<occluded>0</occluded>
		<bndbox>
			<xmin>31</xmin>
			<xmax>40</xmax>
			<ymin>41</ymin>
			<ymax>49</ymax>
		</bndbox>
		<polygon>
			<x1>36.833333</x1>
			<y1>45.534392</y1>
			<x2>39.309524</x2>
			<y2>43.333333</y2>
			<x3>35.388889</x3>
			<y3>40.169312</y3>
			<x4>33.119048</x4>
			<y4>41.269841</y4>
			<x5>31.880952</x5>
			<y5>41.269841</y5>
			<x6>29.714286</x6>
			<y6>44.708995</y6>
			<x7>31.984127</x7>
			<y7>48.285714</y7>
			<x8>33.944444</x8>
			<y8>47.322751</y8>
			<x9>36.420635</x9>
			<y9>47.73545</y9>
			<x10>36.833333</x10>
			<y10>45.534392</y10>
		</polygon>
	</object>
	<object>
		<name>Broken glass</name>
		<pose>Unspecified</pose>
		<truncated>0</truncated>
		<difficult>0</difficult>
		<occluded>0</occluded>
		<bndbox>
			<xmin>11</xmin>
			<xmax>20</xmax>
			<ymin>225</ymin>
			<ymax>237</ymax>
		</bndbox>
		<polygon>
			<x1>11.555556</x1>
			<y1>224.095238</y1>
			<x2>9.904762</x2>
			<y2>228.359788</y2>
			<x3>14.960317</x3>
			<y3>236.063492</y3>
			<x4>17.746032</x4>
			<y4>232.899471</y4>
			<x5>18.674603</x5>
			<y5>227.671958</y5>
			<x6>11.555556</x6>
			<y6>224.095238</y6>
		</polygon>
	</object>
	<object>
		<name>Broken glass</name>
		<pose>Unspecified</pose>
		<truncated>0</truncated>
		<difficult>0</difficult>
		<occluded>0</occluded>
		<bndbox>
			<xmin>84</xmin>
			<xmax>87</xmax>
			<ymin>351</ymin>
			<ymax>356</ymax>
		</bndbox>
		<polygon>
			<x1>86.253968</x1>
			<y1>350.10582</y1>
			<x2>83.055556</x2>
			<y2>350.656085</y2>
			<x3>83.468254</x3>
			<y3>353.544974</y3>
			<x4>84.293651</x4>
			<y4>355.195767</y4>
			<x5>85.944444</x5>
			<y5>354.507937</y5>
			<x6>86.253968</x6>
			<y6>350.10582</y6>
		</polygon>
	</object>
	<object>
		<name>Broken glass</name>
		<pose>Unspecified</pose>
		<truncated>0</truncated>
		<difficult>0</difficult>
		<occluded>0</occluded>
		<bndbox>
			<xmin>353</xmin>
			<xmax>358</xmax>
			<ymin>374</ymin>
			<ymax>379</ymax>
		</bndbox>
		<polygon>
			<x1>356.880952</x1>
			<y1>376.518519</y1>
			<x2>356.984127</x2>
			<y2>373.354497</y2>
			<x3>354.507937</x3>
			<y3>372.529101</y3>
			<x4>352.753968</x4>
			<y4>373.767196</y4>
			<x5>352.238095</x5>
			<y5>375.142857</y5>
			<x6>354.714286</x6>
			<y6>377.619048</y6>
			<x7>356.880952</x7>
			<y7>376.518519</y7>
		</polygon>
	</object>
	<object>
		<name>Broken glass</name>
		<pose>Unspecified</pose>
		<truncated>0</truncated>
		<difficult>0</difficult>
		<occluded>0</occluded>
		<bndbox>
			<xmin>408</xmin>
			<xmax>411</xmax>
			<ymin>10</ymin>
			<ymax>14</ymax>
		</bndbox>
		<polygon>
			<x1>407.539683</x1>
			<y1>10.042328</y1>
			<x2>407.02381</x2>
			<y2>12.380952</y2>
			<x3>409.912698</x3>
			<y3>13.481481</y3>
			<x4>409.912698</x4>
			<y4>9.216931</y4>
			<x5>407.539683</x5>
			<y5>10.042328</y5>
		</polygon>
	</object>
	<object>
		<name>Broken glass</name>
		<pose>Unspecified</pose>
		<truncated>0</truncated>
		<difficult>0</difficult>
		<occluded>0</occluded>
		<bndbox>
			<xmin>88</xmin>
			<xmax>94</xmax>
			<ymin>279</ymin>
			<ymax>288</ymax>
		</bndbox>
		<polygon>
			<x1>89.968254</x1>
			<y1>277.608466</y1>
			<x2>87.388889</x2>
			<y2>285.037037</y2>
			<x3>91.206349</x3>
			<y3>286.550265</y3>
			<x4>93.47619</x4>
			<y4>280.634921</y4>
			<x5>89.968254</x5>
			<y5>277.608466</y5>
		</polygon>
	</object>
	<object>
		<name>Other plastic</name>
		<pose>Unspecified</pose>
		<truncated>0</truncated>
		<difficult>0</difficult>
		<occluded>0</occluded>
		<bndbox>
			<xmin>140</xmin>
			<xmax>149</xmax>
			<ymin>38</ymin>
			<ymax>47</ymax>
		</bndbox>
		<polygon>
			<x1>143.309524</x1>
			<y1>36.867725</y1>
			<x2>139.388889</x2>
			<y2>40.306878</y2>
			<x3>144.134921</x3>
			<y3>45.534392</y3>
			<x4>148.261905</x4>
			<y4>44.708995</y4>
			<x5>145.992063</x5>
			<y5>38.518519</y5>
			<x6>143.309524</x6>
			<y6>36.867725</y6>
		</polygon>
	</object>
</annotation>
