<annotation>
	<folder></folder>
	<filename>000094_jpg.rf.d5a5d255c431fd0f609dbd14b4e73d6b.jpg</filename>
	<path>000094_jpg.rf.d5a5d255c431fd0f609dbd14b4e73d6b.jpg</path>
	<source>
		<database>roboflow.ai</database>
	</source>
	<size>
		<width>416</width>
		<height>416</height>
		<depth>3</depth>
	</size>
	<segmented>0</segmented>
	<object>
		<name>Drink can</name>
		<pose>Unspecified</pose>
		<truncated>0</truncated>
		<difficult>0</difficult>
		<occluded>0</occluded>
		<bndbox>
			<xmin>74</xmin>
			<xmax>382</xmax>
			<ymin>110</ymin>
			<ymax>302</ymax>
		</bndbox>
		<polygon>
			<x1>342.5</x1>
			<y1>297.866667</y1>
			<x2>350.2</x2>
			<y2>294.933333</y2>
			<x3>356.4</x3>
			<y3>289.866667</y3>
			<x4>361</x4>
			<y4>284.533333</y4>
			<x5>366</x5>
			<y5>276.4</y5>
			<x6>370.8</x6>
			<y6>263.066667</y6>
			<x7>375.7</x7>
			<y7>249.333333</y7>
			<x8>378.8</x8>
			<y8>234.666667</y8>
			<x9>380.5</x9>
			<y9>220.666667</y9>
			<x10>380.9</x10>
			<y10>208.666667</y10>
			<x11>380</x11>
			<y11>195.733333</y11>
			<x12>378.3</x12>
			<y12>186.4</y12>
			<x13>376</x13>
			<y13>176.533333</y13>
			<x14>372.5</x14>
			<y14>162</y14>
			<x15>366.7</x15>
			<y15>146.933333</y15>
			<x16>359.9</x16>
			<y16>134.8</y16>
			<x17>353.5</x17>
			<y17>128.533333</y17>
			<x18>344.2</x18>
			<y18>124.133333</y18>
			<x19>330.4</x19>
			<y19>123.333333</y19>
			<x20>251.1</x20>
			<y20>118.4</y20>
			<x21>148.9</x21>
			<y21>110.933333</y21>
			<x22>131.6</x22>
			<y22>109.466667</y22>
			<x23>125.6</x23>
			<y23>111.333333</y23>
			<x24>115.6</x24>
			<y24>117.066667</y24>
			<x25>104.4</x25>
			<y25>124</y25>
			<x26>99.9</x26>
			<y26>126.4</y26>
			<x27>90.4</x27>
			<y27>124.133333</y27>
			<x28>86.1</x28>
			<y28>128.4</y28>
			<x29>83.8</x29>
			<y29>135.066667</y29>
			<x30>80.9</x30>
			<y30>148.266667</y30>
			<x31>79</x31>
			<y31>162.4</y31>
			<x32>77.9</x32>
			<y32>174.4</y32>
			<x33>75.4</x33>
			<y33>176.933333</y33>
			<x34>73.3</x34>
			<y34>185.6</y34>
			<x35>72.7</x35>
			<y35>193.466667</y35>
			<x36>73.2</x36>
			<y36>204.533333</y36>
			<x37>74.4</x37>
			<y37>210.4</y37>
			<x38>76.9</x38>
			<y38>214.533333</y38>
			<x39>77.6</x39>
			<y39>231.866667</y39>
			<x40>78.5</x40>
			<y40>251.333333</y40>
			<x41>80.9</x41>
			<y41>266.666667</y41>
			<x42>83.9</x42>
			<y42>278</y42>
			<x43>86.3</x43>
			<y43>282.666667</y43>
			<x44>90.6</x44>
			<y44>283.733333</y44>
			<x45>93.9</x45>
			<y45>282.266667</y45>
			<x46>95.5</x46>
			<y46>281.6</y46>
			<x47>99.2</x47>
			<y47>282.133333</y47>
			<x48>110.5</x48>
			<y48>289.866667</y48>
			<x49>122.1</x49>
			<y49>298.133333</y49>
			<x50>126.2</x50>
			<y50>299.466667</y50>
			<x51>130.3</x51>
			<y51>301.066667</y51>
			<x52>221.8</x52>
			<y52>299.6</y52>
			<x53>270.4</x53>
			<y53>299.466667</y53>
			<x54>322.6</x54>
			<y54>298.533333</y54>
			<x55>342.5</x55>
			<y55>297.866667</y55>
		</polygon>
	</object>
	<object>
		<name>Pop tab</name>
		<pose>Unspecified</pose>
		<truncated>0</truncated>
		<difficult>0</difficult>
		<occluded>0</occluded>
		<bndbox>
			<xmin>74</xmin>
			<xmax>79</xmax>
			<ymin>175</ymin>
			<ymax>216</ymax>
		</bndbox>
		<polygon>
			<x1>72.6</x1>
			<y1>193.6</y1>
			<x2>73.1</x2>
			<y2>204.266667</y2>
			<x3>74</x3>
			<y3>209.866667</y3>
			<x4>77.3</x4>
			<y4>214.666667</y4>
			<x5>78.4</x5>
			<y5>173.866667</y5>
			<x6>75.4</x6>
			<y6>176.933333</y6>
			<x7>73.2</x7>
			<y7>185.733333</y7>
			<x8>72.6</x8>
			<y8>193.6</y8>
		</polygon>
	</object>
</annotation>
