<annotation>
	<folder></folder>
	<filename>000033_jpg.rf.e255293b5e5017e47fe531d37795e505.jpg</filename>
	<path>000033_jpg.rf.e255293b5e5017e47fe531d37795e505.jpg</path>
	<source>
		<database>roboflow.ai</database>
	</source>
	<size>
		<width>416</width>
		<height>416</height>
		<depth>3</depth>
	</size>
	<segmented>0</segmented>
	<object>
		<name>Aluminium foil</name>
		<pose>Unspecified</pose>
		<truncated>0</truncated>
		<difficult>0</difficult>
		<occluded>0</occluded>
		<bndbox>
			<xmin>53</xmin>
			<xmax>302</xmax>
			<ymin>132</ymin>
			<ymax>299</ymax>
		</bndbox>
		<polygon>
			<x1>149.733333</x1>
			<y1>284.5</y1>
			<x2>179.466667</x2>
			<y2>270.5</y2>
			<x3>201.733333</x3>
			<y3>258.9</y3>
			<x4>250.133333</x4>
			<y4>231.7</y4>
			<x5>300.533333</x5>
			<y5>199.6</y5>
			<x6>281.733333</x6>
			<y6>175.5</y6>
			<x7>274.933333</x7>
			<y7>168.3</y7>
			<x8>240.133333</x8>
			<y8>131.4</y8>
			<x9>223.066667</x9>
			<y9>142.9</y9>
			<x10>210.4</x10>
			<y10>148.7</y10>
			<x11>169.6</x11>
			<y11>167.4</y11>
			<x12>147.6</x12>
			<y12>183.7</y12>
			<x13>102.133333</x13>
			<y13>209.2</y13>
			<x14>74.666667</x14>
			<y14>224.4</y14>
			<x15>73.6</x15>
			<y15>226.6</y15>
			<x16>52.266667</x16>
			<y16>236.9</y16>
			<x17>118.8</x17>
			<y17>297.9</y17>
			<x18>130.8</x18>
			<y18>293.2</y18>
			<x19>149.733333</x19>
			<y19>284.5</y19>
		</polygon>
	</object>
</annotation>
