<annotation>
	<folder></folder>
	<filename>000078_jpg.rf.88db2584418f499e6320daff7b94221f.jpg</filename>
	<path>000078_jpg.rf.88db2584418f499e6320daff7b94221f.jpg</path>
	<source>
		<database>roboflow.ai</database>
	</source>
	<size>
		<width>416</width>
		<height>416</height>
		<depth>3</depth>
	</size>
	<segmented>0</segmented>
	<object>
		<name>Other carton</name>
		<pose>Unspecified</pose>
		<truncated>0</truncated>
		<difficult>0</difficult>
		<occluded>0</occluded>
		<bndbox>
			<xmin>126</xmin>
			<xmax>170</xmax>
			<ymin>220</ymin>
			<ymax>250</ymax>
		</bndbox>
		<polygon>
			<x1>169.29806</x1>
			<y1>244.420635</y1>
			<x2>168.014109</x2>
			<y2>235.134921</y2>
			<x3>163.978836</x3>
			<y3>234.928571</y3>
			<x4>159.209877</x4>
			<y4>219.452381</y4>
			<x5>154.074074</x5>
			<y5>219.142857</y5>
			<x6>125.276896</x6>
			<y6>220.896825</y6>
			<x7>124.54321</x7>
			<y7>225.230159</y7>
			<x8>131.329806</x8>
			<y8>240.706349</y8>
			<x9>132.797178</x9>
			<y9>248.857143</y9>
			<x10>168.564374</x10>
			<y10>246.587302</y10>
			<x11>169.29806</x11>
			<y11>244.420635</y11>
		</polygon>
	</object>
</annotation>
