<annotation>
	<folder></folder>
	<filename>000054_jpg.rf.d16b453117cd23cf516d7eb8f3599df7.jpg</filename>
	<path>000054_jpg.rf.d16b453117cd23cf516d7eb8f3599df7.jpg</path>
	<source>
		<database>roboflow.ai</database>
	</source>
	<size>
		<width>416</width>
		<height>416</height>
		<depth>3</depth>
	</size>
	<segmented>0</segmented>
	<object>
		<name>Corrugated carton</name>
		<pose>Unspecified</pose>
		<truncated>0</truncated>
		<difficult>0</difficult>
		<occluded>0</occluded>
		<bndbox>
			<xmin>85</xmin>
			<xmax>241</xmax>
			<ymin>85</ymin>
			<ymax>283</ymax>
		</bndbox>
		<polygon>
			<x1>212.6</x1>
			<y1>204</y1>
			<x2>239.8</x2>
			<y2>161.333333</y2>
			<x3>210.1</x3>
			<y3>122</y3>
			<x4>175.9</x4>
			<y4>85.866667</y4>
			<x5>168.3</x5>
			<y5>84.266667</y5>
			<x6>111</x6>
			<y6>179.733333</y6>
			<x7>93</x7>
			<y7>209.466667</y7>
			<x8>83.6</x8>
			<y8>223.733333</y8>
			<x9>99.7</x9>
			<y9>220.8</y9>
			<x10>100.9</x10>
			<y10>219.333333</y10>
			<x11>152.6</x11>
			<y11>282.133333</y11>
			<x12>157.2</x12>
			<y12>282.133333</y12>
			<x13>169.8</x13>
			<y13>272.666667</y13>
			<x14>212.6</x14>
			<y14>204</y14>
		</polygon>
	</object>
	<object>
		<name>Drink can</name>
		<pose>Unspecified</pose>
		<truncated>0</truncated>
		<difficult>0</difficult>
		<occluded>0</occluded>
		<bndbox>
			<xmin>89</xmin>
			<xmax>114</xmax>
			<ymin>223</ymin>
			<ymax>245</ymax>
		</bndbox>
		<polygon>
			<x1>113.2</x1>
			<y1>234.533333</y1>
			<x2>104</x2>
			<y2>223.333333</y2>
			<x3>95</x3>
			<y3>222.4</y3>
			<x4>88.4</x4>
			<y4>226.4</y4>
			<x5>87.6</x5>
			<y5>237.733333</y5>
			<x6>103.1</x6>
			<y6>244.266667</y6>
			<x7>107.7</x7>
			<y7>243.6</y7>
			<x8>112.7</x8>
			<y8>238.533333</y8>
			<x9>113.2</x9>
			<y9>234.533333</y9>
		</polygon>
	</object>
	<object>
		<name>Drink can</name>
		<pose>Unspecified</pose>
		<truncated>0</truncated>
		<difficult>0</difficult>
		<occluded>0</occluded>
		<bndbox>
			<xmin>94</xmin>
			<xmax>113</xmax>
			<ymin>245</ymin>
			<ymax>288</ymax>
		</bndbox>
		<polygon>
			<x1>109.2</x1>
			<y1>287.2</y1>
			<x2>112.1</x2>
			<y2>280.933333</y2>
			<x3>112.1</x3>
			<y3>258.933333</y3>
			<x4>112.2</x4>
			<y4>248.266667</y4>
			<x5>111.5</x5>
			<y5>244.666667</y5>
			<x6>108.2</x6>
			<y6>243.6</y6>
			<x7>103.4</x7>
			<y7>244.266667</y7>
			<x8>97.8</x8>
			<y8>243.733333</y8>
			<x9>92.6</x9>
			<y9>281.333333</y9>
			<x10>96.9</x10>
			<y10>286.666667</y10>
			<x11>103.8</x11>
			<y11>287.466667</y11>
			<x12>109.2</x12>
			<y12>287.2</y12>
		</polygon>
	</object>
	<object>
		<name>Drink can</name>
		<pose>Unspecified</pose>
		<truncated>0</truncated>
		<difficult>0</difficult>
		<occluded>0</occluded>
		<bndbox>
			<xmin>113</xmin>
			<xmax>131</xmax>
			<ymin>241</ymin>
			<ymax>285</ymax>
		</bndbox>
		<polygon>
			<x1>129.5</x1>
			<y1>282</y1>
			<x2>130.4</x2>
			<y2>278.666667</y2>
			<x3>121.5</x3>
			<y3>256.666667</y3>
			<x4>119.4</x4>
			<y4>249.6</y4>
			<x5>118.7</x5>
			<y5>244.266667</y5>
			<x6>117.8</x6>
			<y6>240.533333</y6>
			<x7>112.5</x7>
			<y7>240.133333</y7>
			<x8>113</x8>
			<y8>242</y8>
			<x9>112.9</x9>
			<y9>247.866667</y9>
			<x10>112</x10>
			<y10>265.466667</y10>
			<x11>112.4</x11>
			<y11>276.8</y11>
			<x12>115</x12>
			<y12>283.6</y12>
			<x13>123.5</x13>
			<y13>284</y13>
			<x14>129.5</x14>
			<y14>282</y14>
		</polygon>
	</object>
	<object>
		<name>Drink can</name>
		<pose>Unspecified</pose>
		<truncated>0</truncated>
		<difficult>0</difficult>
		<occluded>0</occluded>
		<bndbox>
			<xmin>120</xmin>
			<xmax>146</xmax>
			<ymin>246</ymin>
			<ymax>283</ymax>
		</bndbox>
		<polygon>
			<x1>134.3</x1>
			<y1>281.866667</y1>
			<x2>140.5</x2>
			<y2>280.533333</y2>
			<x3>145.4</x3>
			<y3>277.066667</y3>
			<x4>144.9</x4>
			<y4>272.666667</y4>
			<x5>123.7</x5>
			<y5>244.933333</y5>
			<x6>119.2</x6>
			<y6>246.266667</y6>
			<x7>119.3</x7>
			<y7>249.866667</y7>
			<x8>122.1</x8>
			<y8>257.6</y8>
			<x9>131.5</x9>
			<y9>280.133333</y9>
			<x10>134.3</x10>
			<y10>281.866667</y10>
		</polygon>
	</object>
	<object>
		<name>Drink can</name>
		<pose>Unspecified</pose>
		<truncated>0</truncated>
		<difficult>0</difficult>
		<occluded>0</occluded>
		<bndbox>
			<xmin>83</xmin>
			<xmax>118</xmax>
			<ymin>288</ymin>
			<ymax>314</ymax>
		</bndbox>
		<polygon>
			<x1>115.7</x1>
			<y1>310.4</y1>
			<x2>116.6</x2>
			<y2>291.333333</y2>
			<x3>112.7</x3>
			<y3>287.6</y3>
			<x4>85.8</x4>
			<y4>286.666667</y4>
			<x5>82.3</x5>
			<y5>289.733333</y5>
			<x6>81.5</x6>
			<y6>306.533333</y6>
			<x7>83.7</x7>
			<y7>311.733333</y7>
			<x8>109.8</x8>
			<y8>313.066667</y8>
			<x9>115.7</x9>
			<y9>310.4</y9>
		</polygon>
	</object>
	<object>
		<name>Drink can</name>
		<pose>Unspecified</pose>
		<truncated>0</truncated>
		<difficult>0</difficult>
		<occluded>0</occluded>
		<bndbox>
			<xmin>79</xmin>
			<xmax>102</xmax>
			<ymin>313</ymin>
			<ymax>352</ymax>
		</bndbox>
		<polygon>
			<x1>88.8</x1>
			<y1>351.2</y1>
			<x2>93.1</x2>
			<y2>350.533333</y2>
			<x3>96.5</x3>
			<y3>344.133333</y3>
			<x4>100.9</x4>
			<y4>313.466667</y4>
			<x5>82.5</x5>
			<y5>311.733333</y5>
			<x6>78.2</x6>
			<y6>341.466667</y6>
			<x7>80.4</x7>
			<y7>347.866667</y7>
			<x8>83.9</x8>
			<y8>350.266667</y8>
			<x9>88.8</x9>
			<y9>351.2</y9>
		</polygon>
	</object>
	<object>
		<name>Drink can</name>
		<pose>Unspecified</pose>
		<truncated>0</truncated>
		<difficult>0</difficult>
		<occluded>0</occluded>
		<bndbox>
			<xmin>103</xmin>
			<xmax>129</xmax>
			<ymin>315</ymin>
			<ymax>363</ymax>
		</bndbox>
		<polygon>
			<x1>110.9</x1>
			<y1>361.6</y1>
			<x2>117.4</x2>
			<y2>360.933333</y2>
			<x3>128.4</x3>
			<y3>328.4</y3>
			<x4>128.2</x4>
			<y4>321.066667</y4>
			<x5>126.3</x5>
			<y5>318.666667</y5>
			<x6>123.2</x6>
			<y6>315.466667</y6>
			<x7>118</x7>
			<y7>313.733333</y7>
			<x8>114.5</x8>
			<y8>314.8</y8>
			<x9>111.4</x9>
			<y9>317.6</y9>
			<x10>101.8</x10>
			<y10>349.066667</y10>
			<x11>101.6</x11>
			<y11>352.666667</y11>
			<x12>105</x12>
			<y12>358.4</y12>
			<x13>110.9</x13>
			<y13>361.6</y13>
		</polygon>
	</object>
	<object>
		<name>Drink can</name>
		<pose>Unspecified</pose>
		<truncated>0</truncated>
		<difficult>0</difficult>
		<occluded>0</occluded>
		<bndbox>
			<xmin>132</xmin>
			<xmax>164</xmax>
			<ymin>323</ymin>
			<ymax>368</ymax>
		</bndbox>
		<polygon>
			<x1>133.2</x1>
			<y1>363.6</y1>
			<x2>138.7</x2>
			<y2>366.933333</y2>
			<x3>143.2</x3>
			<y3>367.2</y3>
			<x4>161.2</x4>
			<y4>342</y4>
			<x5>163.4</x5>
			<y5>338.4</y5>
			<x6>163</x6>
			<y6>332.133333</y6>
			<x7>160.4</x7>
			<y7>326.933333</y7>
			<x8>156.7</x8>
			<y8>323.2</y8>
			<x9>153.2</x9>
			<y9>321.733333</y9>
			<x10>149.3</x10>
			<y10>322.533333</y10>
			<x11>131.9</x11>
			<y11>348</y11>
			<x12>130.8</x12>
			<y12>354.133333</y12>
			<x13>132.3</x13>
			<y13>359.066667</y13>
			<x14>133.2</x14>
			<y14>363.6</y14>
		</polygon>
	</object>
	<object>
		<name>Drink can</name>
		<pose>Unspecified</pose>
		<truncated>0</truncated>
		<difficult>0</difficult>
		<occluded>0</occluded>
		<bndbox>
			<xmin>118</xmin>
			<xmax>152</xmax>
			<ymin>287</ymin>
			<ymax>324</ymax>
		</bndbox>
		<polygon>
			<x1>150.6</x1>
			<y1>310.133333</y1>
			<x2>147.6</x2>
			<y2>301.066667</y2>
			<x3>124.3</x3>
			<y3>285.6</y3>
			<x4>120.1</x4>
			<y4>288</y4>
			<x5>116.8</x5>
			<y5>294.266667</y5>
			<x6>116.9</x6>
			<y6>307.066667</y6>
			<x7>138.8</x7>
			<y7>323.333333</y7>
			<x8>142.7</x8>
			<y8>322</y8>
			<x9>146.8</x9>
			<y9>318.133333</y9>
			<x10>150.6</x10>
			<y10>310.133333</y10>
		</polygon>
	</object>
	<object>
		<name>Drink can</name>
		<pose>Unspecified</pose>
		<truncated>0</truncated>
		<difficult>0</difficult>
		<occluded>0</occluded>
		<bndbox>
			<xmin>137</xmin>
			<xmax>172</xmax>
			<ymin>274</ymin>
			<ymax>310</ymax>
		</bndbox>
		<polygon>
			<x1>160.8</x1>
			<y1>309.333333</y1>
			<x2>164.6</x2>
			<y2>308.533333</y2>
			<x3>168.2</x3>
			<y3>302.666667</y3>
			<x4>170.8</x4>
			<y4>295.733333</y4>
			<x5>170.5</x5>
			<y5>288.666667</y5>
			<x6>168.6</x6>
			<y6>285.2</y6>
			<x7>160.2</x7>
			<y7>280.266667</y7>
			<x8>156.8</x8>
			<y8>282.4</y8>
			<x9>152.5</x9>
			<y9>282.4</y9>
			<x10>144.6</x10>
			<y10>272.8</y10>
			<x11>145.4</x11>
			<y11>277.066667</y11>
			<x12>140.9</x12>
			<y12>280.8</y12>
			<x13>136.6</x13>
			<y13>281.733333</y13>
			<x14>135.8</x14>
			<y14>284.933333</y14>
			<x15>135.6</x15>
			<y15>290.533333</y15>
			<x16>138.9</x16>
			<y16>295.333333</y16>
			<x17>160.8</x17>
			<y17>309.333333</y17>
		</polygon>
	</object>
	<object>
		<name>Drink can</name>
		<pose>Unspecified</pose>
		<truncated>0</truncated>
		<difficult>0</difficult>
		<occluded>0</occluded>
		<bndbox>
			<xmin>185</xmin>
			<xmax>219</xmax>
			<ymin>227</ymin>
			<ymax>275</ymax>
		</bndbox>
		<polygon>
			<x1>190.4</x1>
			<y1>271.066667</y1>
			<x2>196.8</x2>
			<y2>274.133333</y2>
			<x3>202.7</x3>
			<y3>262.133333</y3>
			<x4>215.4</x4>
			<y4>248</y4>
			<x5>216.1</x5>
			<y5>245.066667</y5>
			<x6>218.1</x6>
			<y6>240.933333</y6>
			<x7>215.8</x7>
			<y7>234.8</y7>
			<x8>210.9</x8>
			<y8>228.4</y8>
			<x9>206.9</x9>
			<y9>226</y9>
			<x10>202.9</x10>
			<y10>228.133333</y10>
			<x11>198.6</x11>
			<y11>236.533333</y11>
			<x12>184.5</x12>
			<y12>253.733333</y12>
			<x13>184.2</x13>
			<y13>258.266667</y13>
			<x14>185.8</x14>
			<y14>265.2</y14>
			<x15>190.4</x15>
			<y15>271.066667</y15>
		</polygon>
	</object>
	<object>
		<name>Drink can</name>
		<pose>Unspecified</pose>
		<truncated>0</truncated>
		<difficult>0</difficult>
		<occluded>0</occluded>
		<bndbox>
			<xmin>202</xmin>
			<xmax>228</xmax>
			<ymin>299</ymin>
			<ymax>350</ymax>
		</bndbox>
		<polygon>
			<x1>217.9</x1>
			<y1>347.733333</y1>
			<x2>224.7</x2>
			<y2>344.533333</y2>
			<x3>226.6</x3>
			<y3>340.666667</y3>
			<x4>220.4</x4>
			<y4>303.466667</y4>
			<x5>217.2</x5>
			<y5>298.133333</y5>
			<x6>202.5</x6>
			<y6>302.4</y6>
			<x7>201.3</x7>
			<y7>309.866667</y7>
			<x8>207.7</x8>
			<y8>346.533333</y8>
			<x9>209.9</x9>
			<y9>349.066667</y9>
			<x10>217.9</x10>
			<y10>347.733333</y10>
		</polygon>
	</object>
	<object>
		<name>Drink can</name>
		<pose>Unspecified</pose>
		<truncated>0</truncated>
		<difficult>0</difficult>
		<occluded>0</occluded>
		<bndbox>
			<xmin>237</xmin>
			<xmax>266</xmax>
			<ymin>142</ymin>
			<ymax>195</ymax>
		</bndbox>
		<polygon>
			<x1>248.7</x1>
			<y1>191.466667</y1>
			<x2>250.6</x2>
			<y2>193.733333</y2>
			<x3>255.2</x3>
			<y3>193.066667</y3>
			<x4>260.8</x4>
			<y4>190.533333</y4>
			<x5>264</x5>
			<y5>185.733333</y5>
			<x6>264.6</x6>
			<y6>180</y6>
			<x7>263.3</x7>
			<y7>177.2</y7>
			<x8>259.8</x8>
			<y8>175.733333</y8>
			<x9>257.9</x9>
			<y9>161.2</y9>
			<x10>255.7</x10>
			<y10>150.666667</y10>
			<x11>253.2</x11>
			<y11>144.533333</y11>
			<x12>250.7</x12>
			<y12>141.466667</y12>
			<x13>244.6</x13>
			<y13>142.133333</y13>
			<x14>238.7</x14>
			<y14>146.133333</y14>
			<x15>236</x15>
			<y15>149.2</y15>
			<x16>236.4</x16>
			<y16>154.266667</y16>
			<x17>239.9</x17>
			<y17>160.533333</y17>
			<x18>244.3</x18>
			<y18>170.8</y18>
			<x19>245</x19>
			<y19>186.133333</y19>
			<x20>248.7</x20>
			<y20>191.466667</y20>
		</polygon>
	</object>
	<object>
		<name>Drink can</name>
		<pose>Unspecified</pose>
		<truncated>0</truncated>
		<difficult>0</difficult>
		<occluded>0</occluded>
		<bndbox>
			<xmin>256</xmin>
			<xmax>297</xmax>
			<ymin>122</ymin>
			<ymax>168</ymax>
		</bndbox>
		<polygon>
			<x1>263.1</x1>
			<y1>164.4</y1>
			<x2>269.8</x2>
			<y2>166.8</y2>
			<x3>279.2</x3>
			<y3>159.466667</y3>
			<x4>284.5</x4>
			<y4>151.6</y4>
			<x5>292.2</x5>
			<y5>147.333333</y5>
			<x6>294.3</x6>
			<y6>142.533333</y6>
			<x7>295.5</x7>
			<y7>140.4</y7>
			<x8>293.5</x8>
			<y8>133.866667</y8>
			<x9>293.8</x9>
			<y9>129.2</y9>
			<x10>292.9</x10>
			<y10>127.2</y10>
			<x11>290.7</x11>
			<y11>127.2</y11>
			<x12>287.8</x12>
			<y12>122.933333</y12>
			<x13>283.9</x13>
			<y13>120.666667</y13>
			<x14>261.3</x14>
			<y14>135.333333</y14>
			<x15>254.8</x15>
			<y15>147.466667</y15>
			<x16>256.1</x16>
			<y16>151.2</y16>
			<x17>258.3</x17>
			<y17>158.533333</y17>
			<x18>263.1</x18>
			<y18>164.4</y18>
		</polygon>
	</object>
	<object>
		<name>Drink can</name>
		<pose>Unspecified</pose>
		<truncated>0</truncated>
		<difficult>0</difficult>
		<occluded>0</occluded>
		<bndbox>
			<xmin>351</xmin>
			<xmax>380</xmax>
			<ymin>170</ymin>
			<ymax>228</ymax>
		</bndbox>
		<polygon>
			<x1>364.2</x1>
			<y1>227.2</y1>
			<x2>368.5</x2>
			<y2>226.8</y2>
			<x3>373.2</x3>
			<y3>222.133333</y3>
			<x4>378.8</x4>
			<y4>183.466667</y4>
			<x5>378.2</x5>
			<y5>178.933333</y5>
			<x6>378.4</x6>
			<y6>174.533333</y6>
			<x7>373.9</x7>
			<y7>170.8</y7>
			<x8>366.9</x8>
			<y8>169.2</y8>
			<x9>359.1</x9>
			<y9>169.2</y9>
			<x10>355.5</x10>
			<y10>176.4</y10>
			<x11>350</x11>
			<y11>215.2</y11>
			<x12>351.4</x12>
			<y12>220.933333</y12>
			<x13>357</x13>
			<y13>225.466667</y13>
			<x14>364.2</x14>
			<y14>227.2</y14>
		</polygon>
	</object>
	<object>
		<name>Pop tab</name>
		<pose>Unspecified</pose>
		<truncated>0</truncated>
		<difficult>0</difficult>
		<occluded>0</occluded>
		<bndbox>
			<xmin>289</xmin>
			<xmax>295</xmax>
			<ymin>128</ymin>
			<ymax>137</ymax>
		</bndbox>
		<polygon>
			<x1>292.9</x1>
			<y1>133.6</y1>
			<x2>293.9</x2>
			<y2>130</y2>
			<x3>292.3</x3>
			<y3>127.066667</y3>
			<x4>288.1</x4>
			<y4>130</y4>
			<x5>287.8</x5>
			<y5>134</y5>
			<x6>289.2</x6>
			<y6>136.133333</y6>
			<x7>292.9</x7>
			<y7>133.6</y7>
		</polygon>
	</object>
	<object>
		<name>Pop tab</name>
		<pose>Unspecified</pose>
		<truncated>0</truncated>
		<difficult>0</difficult>
		<occluded>0</occluded>
		<bndbox>
			<xmin>210</xmin>
			<xmax>214</xmax>
			<ymin>233</ymin>
			<ymax>237</ymax>
		</bndbox>
		<polygon>
			<x1>210.1</x1>
			<y1>232.133333</y1>
			<x2>208.6</x2>
			<y2>232</y2>
			<x3>210.1</x3>
			<y3>234.533333</y3>
			<x4>212</x4>
			<y4>235.866667</y4>
			<x5>212.8</x5>
			<y5>234.666667</y5>
			<x6>210.1</x6>
			<y6>232.133333</y6>
		</polygon>
	</object>
	<object>
		<name>Pop tab</name>
		<pose>Unspecified</pose>
		<truncated>0</truncated>
		<difficult>0</difficult>
		<occluded>0</occluded>
		<bndbox>
			<xmin>120</xmin>
			<xmax>125</xmax>
			<ymin>316</ymin>
			<ymax>321</ymax>
		</bndbox>
		<polygon>
			<x1>121.7</x1>
			<y1>315.2</y1>
			<x2>119</x2>
			<y2>318.266667</y2>
			<x3>121.6</x3>
			<y3>320.4</y3>
			<x4>123.5</x4>
			<y4>318.933333</y4>
			<x5>121.7</x5>
			<y5>315.2</y5>
		</polygon>
	</object>
	<object>
		<name>Pop tab</name>
		<pose>Unspecified</pose>
		<truncated>0</truncated>
		<difficult>0</difficult>
		<occluded>0</occluded>
		<bndbox>
			<xmin>257</xmin>
			<xmax>261</xmax>
			<ymin>192</ymin>
			<ymax>196</ymax>
		</bndbox>
		<polygon>
			<x1>256</x1>
			<y1>193.866667</y1>
			<x2>258.1</x2>
			<y2>194.933333</y2>
			<x3>260.2</x3>
			<y3>193.466667</y3>
			<x4>259.6</x4>
			<y4>191.466667</y4>
			<x5>256</x5>
			<y5>193.866667</y5>
		</polygon>
	</object>
</annotation>
