<annotation>
	<folder></folder>
	<filename>000027_jpg.rf.95d981f9814aa627e4c41f51a2c7d234.jpg</filename>
	<path>000027_jpg.rf.95d981f9814aa627e4c41f51a2c7d234.jpg</path>
	<source>
		<database>roboflow.ai</database>
	</source>
	<size>
		<width>416</width>
		<height>416</height>
		<depth>3</depth>
	</size>
	<segmented>0</segmented>
	<object>
		<name>Drink carton</name>
		<pose>Unspecified</pose>
		<truncated>0</truncated>
		<difficult>0</difficult>
		<occluded>0</occluded>
		<bndbox>
			<xmin>198</xmin>
			<xmax>223</xmax>
			<ymin>164</ymin>
			<ymax>179</ymax>
		</bndbox>
		<polygon>
			<x1>220.54386</x1>
			<y1>171.496</y1>
			<x2>221</x2>
			<y2>164.736</y2>
			<x3>199.333333</x3>
			<y3>163.176</y3>
			<x4>197.052632</x4>
			<y4>171.08</y4>
			<x5>198.649123</x5>
			<y5>177.216</y5>
			<x6>221.684211</x6>
			<y6>177.632</y6>
			<x7>220.315789</x7>
			<y7>176.28</y7>
			<x8>220.54386</x8>
			<y8>171.496</y8>
		</polygon>
	</object>
	<object>
		<name>Plastic straw</name>
		<pose>Unspecified</pose>
		<truncated>0</truncated>
		<difficult>0</difficult>
		<occluded>0</occluded>
		<bndbox>
			<xmin>217</xmin>
			<xmax>220</xmax>
			<ymin>177</ymin>
			<ymax>180</ymax>
		</bndbox>
		<polygon>
			<x1>216.438596</x1>
			<y1>176.696</y1>
			<x2>216.666667</x2>
			<y2>178.776</y2>
			<x3>218.947368</x3>
			<y3>178.776</y3>
			<x4>218.947368</x4>
			<y4>176.488</y4>
			<x5>216.438596</x5>
			<y5>176.696</y5>
		</polygon>
	</object>
	<object>
		<name>Cigarette</name>
		<pose>Unspecified</pose>
		<truncated>0</truncated>
		<difficult>0</difficult>
		<occluded>0</occluded>
		<bndbox>
			<xmin>365</xmin>
			<xmax>377</xmax>
			<ymin>208</ymin>
			<ymax>210</ymax>
		</bndbox>
		<polygon>
			<x1>364.684211</x1>
			<y1>208.832</y1>
			<x2>376.315789</x2>
			<y2>208.416</y2>
			<x3>373.122807</x3>
			<y3>206.544</y3>
			<x4>364.22807</x4>
			<y4>206.856</y4>
			<x5>364.684211</x5>
			<y5>208.832</y5>
		</polygon>
	</object>
	<object>
		<name>Other plastic</name>
		<pose>Unspecified</pose>
		<truncated>0</truncated>
		<difficult>0</difficult>
		<occluded>0</occluded>
		<bndbox>
			<xmin>309</xmin>
			<xmax>324</xmax>
			<ymin>193</ymin>
			<ymax>201</ymax>
		</bndbox>
		<polygon>
			<x1>322.719298</x1>
			<y1>195.624</y1>
			<x2>323.175439</x2>
			<y2>192.088</y2>
			<x3>321.122807</x3>
			<y3>195</y3>
			<x4>314.052632</x4>
			<y4>198.016</y4>
			<x5>311.315789</x5>
			<y5>198.224</y5>
			<x6>308.350877</x6>
			<y6>199.992</y6>
			<x7>313.368421</x7>
			<y7>199.576</y7>
			<x8>317.929825</x8>
			<y8>197.6</y8>
			<x9>322.719298</x9>
			<y9>195.624</y9>
		</polygon>
	</object>
</annotation>
