<annotation>
	<folder></folder>
	<filename>000064_jpg.rf.2109e09e2b66ee27de4470e06ef9c526.jpg</filename>
	<path>000064_jpg.rf.2109e09e2b66ee27de4470e06ef9c526.jpg</path>
	<source>
		<database>roboflow.ai</database>
	</source>
	<size>
		<width>416</width>
		<height>416</height>
		<depth>3</depth>
	</size>
	<segmented>0</segmented>
	<object>
		<name>Corrugated carton</name>
		<pose>Unspecified</pose>
		<truncated>0</truncated>
		<difficult>0</difficult>
		<occluded>0</occluded>
		<bndbox>
			<xmin>163</xmin>
			<xmax>237</xmax>
			<ymin>273</ymin>
			<ymax>290</ymax>
		</bndbox>
		<polygon>
			<x1>220.826667</x1>
			<y1>281.32</y1>
			<x2>235.733333</x2>
			<y2>276.38</y2>
			<x3>219.44</x3>
			<y3>271.96</y3>
			<x4>196.906667</x4>
			<y4>276.64</y4>
			<x5>175.066667</x5>
			<y5>279.24</y5>
			<x6>161.893333</x6>
			<y6>280.28</y6>
			<x7>162.933333</x7>
			<y7>284.44</y7>
			<x8>161.893333</x8>
			<y8>289.12</y8>
			<x9>172.64</x9>
			<y9>289.12</y9>
			<x10>220.826667</x10>
			<y10>281.32</y10>
		</polygon>
	</object>
	<object>
		<name>Other plastic</name>
		<pose>Unspecified</pose>
		<truncated>0</truncated>
		<difficult>0</difficult>
		<occluded>0</occluded>
		<bndbox>
			<xmin>250</xmin>
			<xmax>260</xmax>
			<ymin>310</ymin>
			<ymax>316</ymax>
		</bndbox>
		<polygon>
			<x1>248.56</x1>
			<y1>308.88</y1>
			<x2>252.373333</x2>
			<y2>311.74</y2>
			<x3>255.84</x3>
			<y3>314.86</y3>
			<x4>258.96</x4>
			<y4>312.52</y4>
			<x5>248.56</x5>
			<y5>308.88</y5>
		</polygon>
	</object>
	<object>
		<name>Other plastic</name>
		<pose>Unspecified</pose>
		<truncated>0</truncated>
		<difficult>0</difficult>
		<occluded>0</occluded>
		<bndbox>
			<xmin>164</xmin>
			<xmax>171</xmax>
			<ymin>310</ymin>
			<ymax>314</ymax>
		</bndbox>
		<polygon>
			<x1>162.933333</x1>
			<y1>312</y1>
			<x2>167.44</x2>
			<y2>313.3</y2>
			<x3>169.866667</x3>
			<y3>310.96</y3>
			<x4>166.746667</x4>
			<y4>309.14</y4>
			<x5>162.933333</x5>
			<y5>312</y5>
		</polygon>
	</object>
</annotation>
