<annotation>
	<folder></folder>
	<filename>000037_jpg.rf.3f644f19f54f3214021199aa8ebff69a.jpg</filename>
	<path>000037_jpg.rf.3f644f19f54f3214021199aa8ebff69a.jpg</path>
	<source>
		<database>roboflow.ai</database>
	</source>
	<size>
		<width>416</width>
		<height>416</height>
		<depth>3</depth>
	</size>
	<segmented>0</segmented>
	<object>
		<name>Plastic bottle cap</name>
		<pose>Unspecified</pose>
		<truncated>0</truncated>
		<difficult>0</difficult>
		<occluded>0</occluded>
		<bndbox>
			<xmin>240</xmin>
			<xmax>254</xmax>
			<ymin>237</ymin>
			<ymax>248</ymax>
		</bndbox>
		<polygon>
			<x1>238.75817</x1>
			<y1>242.921569</y1>
			<x2>240.797386</x2>
			<y2>245.852941</y2>
			<x3>245.385621</x3>
			<y3>247.127451</y3>
			<x4>250.823529</x4>
			<y4>246.235294</y4>
			<x5>253.03268</x5>
			<y5>243.941176</y5>
			<x6>253.202614</x6>
			<y6>240.245098</y6>
			<x7>251.163399</x7>
			<y7>237.823529</y7>
			<x8>246.575163</x8>
			<y8>236.421569</y8>
			<x9>242.496732</x9>
			<y9>236.803922</y9>
			<x10>239.267974</x10>
			<y10>238.843137</y10>
			<x11>238.75817</x11>
			<y11>242.921569</y11>
		</polygon>
	</object>
</annotation>
