<annotation>
	<folder></folder>
	<filename>000055_jpg.rf.60a1b7f1113086493daf8ebe2ca8824e.jpg</filename>
	<path>000055_jpg.rf.60a1b7f1113086493daf8ebe2ca8824e.jpg</path>
	<source>
		<database>roboflow.ai</database>
	</source>
	<size>
		<width>416</width>
		<height>416</height>
		<depth>3</depth>
	</size>
	<segmented>0</segmented>
	<object>
		<name>Single-use carrier bag</name>
		<pose>Unspecified</pose>
		<truncated>0</truncated>
		<difficult>0</difficult>
		<occluded>0</occluded>
		<bndbox>
			<xmin>136</xmin>
			<xmax>194</xmax>
			<ymin>255</ymin>
			<ymax>317</ymax>
		</bndbox>
		<polygon>
			<x1>173.225</x1>
			<y1>308.966667</y1>
			<x2>181.675</x2>
			<y2>302.9</y2>
			<x3>186.55</x3>
			<y3>295.1</y3>
			<x4>189.15</x4>
			<y4>283.833333</y4>
			<x5>192.725</x5>
			<y5>266.933333</y5>
			<x6>192.4</x6>
			<y6>256.966667</y6>
			<x7>187.2</x7>
			<y7>253.933333</y7>
			<x8>172.9</x8>
			<y8>256.1</y8>
			<x9>161.85</x9>
			<y9>258.7</y9>
			<x10>152.1</x10>
			<y10>260.433333</y10>
			<x11>145.275</x11>
			<y11>253.933333</y11>
			<x12>140.075</x12>
			<y12>253.5</y12>
			<x13>137.475</x13>
			<y13>257.833333</y13>
			<x14>135.2</x14>
			<y14>261.3</y14>
			<x15>135.2</x15>
			<y15>269.533333</y15>
			<x16>143.325</x16>
			<y16>275.6</y16>
			<x17>149.5</x17>
			<y17>283.4</y17>
			<x18>140.075</x18>
			<y18>297.266667</y18>
			<x19>140.725</x19>
			<y19>311.133333</y19>
			<x20>149.175</x20>
			<y20>316.333333</y20>
			<x21>173.225</x21>
			<y21>308.966667</y21>
		</polygon>
	</object>
	<object>
		<name>Single-use carrier bag</name>
		<pose>Unspecified</pose>
		<truncated>0</truncated>
		<difficult>0</difficult>
		<occluded>0</occluded>
		<bndbox>
			<xmin>191</xmin>
			<xmax>232</xmax>
			<ymin>254</ymin>
			<ymax>299</ymax>
		</bndbox>
		<polygon>
			<x1>225.225</x1>
			<y1>298.133333</y1>
			<x2>229.125</x2>
			<y2>292.5</y2>
			<x3>230.75</x3>
			<y3>280.8</y3>
			<x4>225.875</x4>
			<y4>273.866667</y4>
			<x5>213.525</x5>
			<y5>265.633333</y5>
			<x6>210.275</x6>
			<y6>254.366667</y6>
			<x7>201.175</x7>
			<y7>253.066667</y7>
			<x8>195</x8>
			<y8>253.933333</y8>
			<x9>193.05</x9>
			<y9>258.266667</y9>
			<x10>193.05</x10>
			<y10>268.233333</y10>
			<x11>189.8</x11>
			<y11>283.833333</y11>
			<x12>194.025</x12>
			<y12>287.3</y12>
			<x13>200.85</x13>
			<y13>289.466667</y13>
			<x14>208</x14>
			<y14>289.466667</y14>
			<x15>213.2</x15>
			<y15>293.8</y15>
			<x16>219.05</x16>
			<y16>298.133333</y16>
			<x17>225.225</x17>
			<y17>298.133333</y17>
		</polygon>
	</object>
	<object>
		<name>Garbage bag</name>
		<pose>Unspecified</pose>
		<truncated>0</truncated>
		<difficult>0</difficult>
		<occluded>0</occluded>
		<bndbox>
			<xmin>187</xmin>
			<xmax>229</xmax>
			<ymin>294</ymin>
			<ymax>353</ymax>
		</bndbox>
		<polygon>
			<x1>185.9</x1>
			<y1>348.833333</y1>
			<x2>192.075</x2>
			<y2>349.266667</y2>
			<x3>203.45</x3>
			<y3>349.266667</y3>
			<x4>208.325</x4>
			<y4>351.866667</y4>
			<x5>222.625</x5>
			<y5>339.733333</y5>
			<x6>228.15</x6>
			<y6>318.933333</y6>
			<x7>225.225</x7>
			<y7>298.133333</y7>
			<x8>217.75</x8>
			<y8>298.133333</y8>
			<x9>211.9</x9>
			<y9>293.366667</y9>
			<x10>207.025</x10>
			<y10>292.933333</y10>
			<x11>202.8</x11>
			<y11>301.6</y11>
			<x12>201.825</x12>
			<y12>308.966667</y12>
			<x13>195</x13>
			<y13>321.966667</y13>
			<x14>190.125</x14>
			<y14>324.566667</y14>
			<x15>185.9</x15>
			<y15>348.833333</y15>
		</polygon>
	</object>
	<object>
		<name>Unlabeled litter</name>
		<pose>Unspecified</pose>
		<truncated>0</truncated>
		<difficult>0</difficult>
		<occluded>0</occluded>
		<bndbox>
			<xmin>213</xmin>
			<xmax>226</xmax>
			<ymin>258</ymin>
			<ymax>273</ymax>
		</bndbox>
		<polygon>
			<x1>218.075</x1>
			<y1>259.566667</y1>
			<x2>215.475</x2>
			<y2>256.533333</y2>
			<x3>211.9</x3>
			<y3>258.7</y3>
			<x4>213.2</x4>
			<y4>264.333333</y4>
			<x5>224.575</x5>
			<y5>272.133333</y5>
			<x6>218.075</x6>
			<y6>259.566667</y6>
		</polygon>
	</object>
	<object>
		<name>Unlabeled litter</name>
		<pose>Unspecified</pose>
		<truncated>0</truncated>
		<difficult>0</difficult>
		<occluded>0</occluded>
		<bndbox>
			<xmin>70</xmin>
			<xmax>99</xmax>
			<ymin>325</ymin>
			<ymax>341</ymax>
		</bndbox>
		<polygon>
			<x1>68.575</x1>
			<y1>329.766667</y1>
			<x2>72.15</x2>
			<y2>340.166667</y2>
			<x3>97.825</x3>
			<y3>334.1</y3>
			<x4>95.225</x4>
			<y4>323.7</y4>
			<x5>68.575</x5>
			<y5>329.766667</y5>
		</polygon>
	</object>
	<object>
		<name>Unlabeled litter</name>
		<pose>Unspecified</pose>
		<truncated>0</truncated>
		<difficult>0</difficult>
		<occluded>0</occluded>
		<bndbox>
			<xmin>191</xmin>
			<xmax>203</xmax>
			<ymin>303</ymin>
			<ymax>316</ymax>
		</bndbox>
		<polygon>
			<x1>202.15</x1>
			<y1>304.633333</y1>
			<x2>198.575</x2>
			<y2>302.466667</y2>
			<x3>190.125</x3>
			<y3>306.8</y3>
			<x4>190.125</x4>
			<y4>314.166667</y4>
			<x5>197.275</x5>
			<y5>315.466667</y5>
			<x6>202.15</x6>
			<y6>304.633333</y6>
		</polygon>
	</object>
</annotation>
