<annotation>
	<folder></folder>
	<filename>000074_jpg.rf.73b16dc0a24f6a5341349e699b156bd8.jpg</filename>
	<path>000074_jpg.rf.73b16dc0a24f6a5341349e699b156bd8.jpg</path>
	<source>
		<database>roboflow.ai</database>
	</source>
	<size>
		<width>416</width>
		<height>416</height>
		<depth>3</depth>
	</size>
	<segmented>0</segmented>
	<object>
		<name>Other plastic wrapper</name>
		<pose>Unspecified</pose>
		<truncated>0</truncated>
		<difficult>0</difficult>
		<occluded>0</occluded>
		<bndbox>
			<xmin>192</xmin>
			<xmax>245</xmax>
			<ymin>223</ymin>
			<ymax>266</ymax>
		</bndbox>
		<polygon>
			<x1>211.859375</x1>
			<y1>239.958333</y1>
			<x2>215.71875</x2>
			<y2>243.75</y2>
			<x3>209.015625</x3>
			<y3>250.520833</y3>
			<x4>227.296875</x4>
			<y4>261.625</y4>
			<x5>231.765625</x5>
			<y5>264.604167</y5>
			<x6>243.546875</x6>
			<y6>238.333333</y6>
			<x7>241.71875</x7>
			<y7>234.270833</y7>
			<x8>226.28125</x8>
			<y8>225.604167</y8>
			<x9>214.5</x9>
			<y9>224.520833</y9>
			<x10>205.5625</x10>
			<y10>226.416667</y10>
			<x11>198.453125</x11>
			<y11>222.083333</y11>
			<x12>191.34375</x12>
			<y12>239.6875</y12>
			<x13>198.453125</x13>
			<y13>244.291667</y13>
			<x14>204.75</x14>
			<y14>240.229167</y14>
			<x15>211.859375</x15>
			<y15>239.958333</y15>
		</polygon>
	</object>
	<object>
		<name>Plastic film</name>
		<pose>Unspecified</pose>
		<truncated>0</truncated>
		<difficult>0</difficult>
		<occluded>0</occluded>
		<bndbox>
			<xmin>243</xmin>
			<xmax>300</xmax>
			<ymin>115</ymin>
			<ymax>169</ymax>
		</bndbox>
		<polygon>
			<x1>277.265625</x1>
			<y1>161.145833</y1>
			<x2>285.796875</x2>
			<y2>151.125</y2>
			<x3>282.34375</x3>
			<y3>142.458333</y3>
			<x4>289.453125</x4>
			<y4>143.270833</y4>
			<x5>298.796875</x5>
			<y5>122.6875</y5>
			<x6>290.265625</x6>
			<y6>120.791667</y6>
			<x7>279.5</x7>
			<y7>114.833333</y7>
			<x8>274.015625</x8>
			<y8>114.833333</y8>
			<x9>268.734375</x9>
			<y9>113.75</y9>
			<x10>256.34375</x10>
			<y10>129.729167</y10>
			<x11>249.234375</x11>
			<y11>135.958333</y11>
			<x12>242.125</x12>
			<y12>142.729167</y12>
			<x13>260.203125</x13>
			<y13>167.916667</y13>
			<x14>262.4375</x14>
			<y14>165.208333</y14>
			<x15>269.34375</x15>
			<y15>159.791667</y15>
			<x16>277.265625</x16>
			<y16>161.145833</y16>
		</polygon>
	</object>
</annotation>
