<annotation>
	<folder></folder>
	<filename>000000_jpg.rf.67f4c79ca6326cf503ac2b05241ed689.jpg</filename>
	<path>000000_jpg.rf.67f4c79ca6326cf503ac2b05241ed689.jpg</path>
	<source>
		<database>roboflow.ai</database>
	</source>
	<size>
		<width>416</width>
		<height>416</height>
		<depth>3</depth>
	</size>
	<segmented>0</segmented>
	<object>
		<name>Unlabeled litter</name>
		<pose>Unspecified</pose>
		<truncated>0</truncated>
		<difficult>0</difficult>
		<occluded>0</occluded>
		<bndbox>
			<xmin>19</xmin>
			<xmax>25</xmax>
			<ymin>337</ymin>
			<ymax>346</ymax>
		</bndbox>
		<polygon>
			<x1>20.137255</x1>
			<y1>344.627451</y1>
			<x2>23.45098</x2>
			<y2>344.627451</y2>
			<x3>23.833333</x3>
			<y3>336.470588</y3>
			<x4>18.22549</x4>
			<y4>336.300654</y4>
			<x5>18.480392</x5>
			<y5>341.398693</y5>
			<x6>19.882353</x6>
			<y6>342.248366</y6>
			<x7>20.137255</x7>
			<y7>344.627451</y7>
		</polygon>
	</object>
	<object>
		<name>Normal paper</name>
		<pose>Unspecified</pose>
		<truncated>0</truncated>
		<difficult>0</difficult>
		<occluded>0</occluded>
		<bndbox>
			<xmin>193</xmin>
			<xmax>202</xmax>
			<ymin>216</ymin>
			<ymax>227</ymax>
		</bndbox>
		<polygon>
			<x1>200.22549</x1>
			<y1>216.836601</y1>
			<x2>196.784314</x2>
			<y2>215.30719</y2>
			<x3>192.705882</x3>
			<y3>216.836601</y3>
			<x4>192.323529</x4>
			<y4>226.352941</y4>
			<x5>197.54902</x5>
			<y5>226.183007</y5>
			<x6>201.117647</x6>
			<y6>223.633987</y6>
			<x7>200.22549</x7>
			<y7>216.836601</y7>
		</polygon>
	</object>
	<object>
		<name>Paper cup</name>
		<pose>Unspecified</pose>
		<truncated>0</truncated>
		<difficult>0</difficult>
		<occluded>0</occluded>
		<bndbox>
			<xmin>209</xmin>
			<xmax>236</xmax>
			<ymin>159</ymin>
			<ymax>181</ymax>
		</bndbox>
		<polygon>
			<x1>211.313725</x1>
			<y1>179.79085</y1>
			<x2>225.078431</x2>
			<y2>179.960784</y2>
			<x3>230.176471</x3>
			<y3>175.372549</y3>
			<x4>233.107843</x4>
			<y4>177.411765</y4>
			<x5>234.382353</x5>
			<y5>174.183007</y5>
			<x6>234.764706</x6>
			<y6>167.555556</y6>
			<x7>233.617647</x7>
			<y7>162.287582</y7>
			<x8>209.911765</x8>
			<y8>158.20915</y8>
			<x9>208.509804</x9>
			<y9>163.816993</y9>
			<x10>208.382353</x10>
			<y10>169.254902</y10>
			<x11>210.421569</x11>
			<y11>173.843137</y11>
			<x12>209.019608</x12>
			<y12>176.732026</y12>
			<x13>211.313725</x13>
			<y13>179.79085</y13>
		</polygon>
	</object>
</annotation>
