<annotation>
	<folder></folder>
	<filename>000079_jpg.rf.ad1ba97f791bcd191a1bd1d9dbd900a5.jpg</filename>
	<path>000079_jpg.rf.ad1ba97f791bcd191a1bd1d9dbd900a5.jpg</path>
	<source>
		<database>roboflow.ai</database>
	</source>
	<size>
		<width>416</width>
		<height>416</height>
		<depth>3</depth>
	</size>
	<segmented>0</segmented>
	<object>
		<name>Metal bottle cap</name>
		<pose>Unspecified</pose>
		<truncated>0</truncated>
		<difficult>0</difficult>
		<occluded>0</occluded>
		<bndbox>
			<xmin>175</xmin>
			<xmax>312</xmax>
			<ymin>109</ymin>
			<ymax>210</ymax>
		</bndbox>
		<polygon>
			<x1>174.266667</x1>
			<y1>158.1</y1>
			<x2>174.666667</x2>
			<y2>170</y2>
			<x3>175.866667</x3>
			<y3>175.7</y3>
			<x4>179.066667</x4>
			<y4>179.2</y4>
			<x5>181.6</x5>
			<y5>186.7</y5>
			<x6>184.533333</x6>
			<y6>189</y6>
			<x7>188</x7>
			<y7>190.3</y7>
			<x8>191.2</x8>
			<y8>196.7</y8>
			<x9>195.466667</x9>
			<y9>199.5</y9>
			<x10>200.666667</x10>
			<y10>199</y10>
			<x11>204.8</x11>
			<y11>201.2</y11>
			<x12>207.066667</x12>
			<y12>205.3</y12>
			<x13>210.533333</x13>
			<y13>206.3</y13>
			<x14>214.533333</x14>
			<y14>205.1</y14>
			<x15>222.533333</x15>
			<y15>205.7</y15>
			<x16>225.066667</x16>
			<y16>208.6</y16>
			<x17>228.4</x17>
			<y17>209.2</y17>
			<x18>235.6</x18>
			<y18>206.7</y18>
			<x19>243.466667</x19>
			<y19>206.3</y19>
			<x20>251.866667</x20>
			<y20>204.2</y20>
			<x21>269.866667</x21>
			<y21>200.2</y21>
			<x22>276.4</x22>
			<y22>198.5</y22>
			<x23>285.2</x23>
			<y23>193.5</y23>
			<x24>294</x24>
			<y24>187.5</y24>
			<x25>304.133333</x25>
			<y25>179.6</y25>
			<x26>311.333333</x26>
			<y26>167.1</y26>
			<x27>309.733333</x27>
			<y27>162.2</y27>
			<x28>311.066667</x28>
			<y28>152.7</y28>
			<x29>307.6</x29>
			<y29>146.5</y29>
			<x30>304.8</x30>
			<y30>139.8</y30>
			<x31>298.4</x31>
			<y31>132</y31>
			<x32>291.066667</x32>
			<y32>123.7</y32>
			<x33>283.333333</x33>
			<y33>117.7</y33>
			<x34>273.333333</x34>
			<y34>112.3</y34>
			<x35>263.066667</x35>
			<y35>109.5</y35>
			<x36>248</x36>
			<y36>108.2</y36>
			<x37>233.333333</x37>
			<y37>108.5</y37>
			<x38>218.933333</x38>
			<y38>112.4</y38>
			<x39>206.8</x39>
			<y39>117.6</y39>
			<x40>196.133333</x40>
			<y40>124</y40>
			<x41>187.6</x41>
			<y41>131.3</y41>
			<x42>178</x42>
			<y42>143.9</y42>
			<x43>174.266667</x43>
			<y43>158.1</y43>
		</polygon>
	</object>
</annotation>
