<annotation>
	<folder></folder>
	<filename>000059_jpg.rf.750498c0b59c5aa4013c6415ef4a883d.jpg</filename>
	<path>000059_jpg.rf.750498c0b59c5aa4013c6415ef4a883d.jpg</path>
	<source>
		<database>roboflow.ai</database>
	</source>
	<size>
		<width>416</width>
		<height>416</height>
		<depth>3</depth>
	</size>
	<segmented>0</segmented>
	<object>
		<name>Food Can</name>
		<pose>Unspecified</pose>
		<truncated>0</truncated>
		<difficult>0</difficult>
		<occluded>0</occluded>
		<bndbox>
			<xmin>206</xmin>
			<xmax>244</xmax>
			<ymin>173</ymin>
			<ymax>195</ymax>
		</bndbox>
		<polygon>
			<x1>243.36</x1>
			<y1>176.54</y1>
			<x2>208.346667</x2>
			<y2>172.12</y2>
			<x3>205.226667</x3>
			<y3>182</y3>
			<x4>205.226667</x4>
			<y4>188.76</y4>
			<x5>238.506667</x5>
			<y5>193.7</y5>
			<x6>243.36</x6>
			<y6>176.54</y6>
		</polygon>
	</object>
	<object>
		<name>Other plastic wrapper</name>
		<pose>Unspecified</pose>
		<truncated>0</truncated>
		<difficult>0</difficult>
		<occluded>0</occluded>
		<bndbox>
			<xmin>242</xmin>
			<xmax>256</xmax>
			<ymin>179</ymin>
			<ymax>192</ymax>
		</bndbox>
		<polygon>
			<x1>254.8</x1>
			<y1>184.6</y1>
			<x2>245.786667</x2>
			<y2>182.78</y2>
			<x3>247.173333</x3>
			<y3>179.66</y3>
			<x4>244.746667</x4>
			<y4>177.58</y4>
			<x5>241.28</x5>
			<y5>187.98</y5>
			<x6>244.4</x6>
			<y6>191.1</y6>
			<x7>254.8</x7>
			<y7>184.6</y7>
		</polygon>
	</object>
</annotation>
