<annotation>
	<folder></folder>
	<filename>000057_JPG.rf.ae1d4f33d1470997d0972b6135c83aad.jpg</filename>
	<path>000057_JPG.rf.ae1d4f33d1470997d0972b6135c83aad.jpg</path>
	<source>
		<database>roboflow.ai</database>
	</source>
	<size>
		<width>416</width>
		<height>416</height>
		<depth>3</depth>
	</size>
	<segmented>0</segmented>
	<object>
		<name>Other plastic</name>
		<pose>Unspecified</pose>
		<truncated>0</truncated>
		<difficult>0</difficult>
		<occluded>0</occluded>
		<bndbox>
			<xmin>129</xmin>
			<xmax>185</xmax>
			<ymin>194</ymin>
			<ymax>206</ymax>
		</bndbox>
		<polygon>
			<x1>169.594771</x1>
			<y1>196.911765</y1>
			<x2>179.79085</x2>
			<y2>195.127451</y2>
			<x3>183.869281</x3>
			<y3>194.362745</y3>
			<x4>183.019608</x4>
			<y4>192.960784</y4>
			<x5>174.352941</x5>
			<y5>194.235294</y5>
			<x6>128.300654</x6>
			<y6>202.392157</y6>
			<x7>128.980392</x7>
			<y7>204.558824</y7>
			<x8>134.078431</x8>
			<y8>203.411765</y8>
			<x9>155.150327</x9>
			<y9>199.588235</y9>
			<x10>169.594771</x10>
			<y10>196.911765</y10>
		</polygon>
	</object>
</annotation>
