<annotation>
	<folder></folder>
	<filename>000036_jpg.rf.5b583d2ae1a965aafe5fff915f2b8e57.jpg</filename>
	<path>000036_jpg.rf.5b583d2ae1a965aafe5fff915f2b8e57.jpg</path>
	<source>
		<database>roboflow.ai</database>
	</source>
	<size>
		<width>416</width>
		<height>416</height>
		<depth>3</depth>
	</size>
	<segmented>0</segmented>
	<object>
		<name>Aluminium blister pack</name>
		<pose>Unspecified</pose>
		<truncated>0</truncated>
		<difficult>0</difficult>
		<occluded>0</occluded>
		<bndbox>
			<xmin>158</xmin>
			<xmax>231</xmax>
			<ymin>167</ymin>
			<ymax>247</ymax>
		</bndbox>
		<polygon>
			<x1>161.777778</x1>
			<y1>172.696078</y1>
			<x2>157.529412</x2>
			<y2>174.735294</y2>
			<x3>156.849673</x3>
			<y3>177.411765</y3>
			<x4>191.686275</x4>
			<y4>243.941176</y4>
			<x5>194.065359</x5>
			<y5>245.980392</y5>
			<x6>197.124183</x6>
			<y6>246.490196</y6>
			<x7>225.503268</x7>
			<y7>237.823529</y7>
			<x8>228.392157</x8>
			<y8>236.166667</y8>
			<x9>229.581699</x9>
			<y9>233.107843</y9>
			<x10>194.065359</x10>
			<y10>167.72549</y10>
			<x11>191.686275</x11>
			<y11>166.068627</y11>
			<x12>186.928105</x12>
			<y12>165.941176</y12>
			<x13>161.777778</x13>
			<y13>172.696078</y13>
		</polygon>
	</object>
</annotation>
