<annotation>
	<folder></folder>
	<filename>000072_jpg.rf.54a70a79882a182a890a0124003147bc.jpg</filename>
	<path>000072_jpg.rf.54a70a79882a182a890a0124003147bc.jpg</path>
	<source>
		<database>roboflow.ai</database>
	</source>
	<size>
		<width>416</width>
		<height>416</height>
		<depth>3</depth>
	</size>
	<segmented>0</segmented>
	<object>
		<name>Other plastic</name>
		<pose>Unspecified</pose>
		<truncated>0</truncated>
		<difficult>0</difficult>
		<occluded>0</occluded>
		<bndbox>
			<xmin>172</xmin>
			<xmax>184</xmax>
			<ymin>78</ymin>
			<ymax>95</ymax>
		</bndbox>
		<polygon>
			<x1>175.552</x1>
			<y1>77.087719</y1>
			<x2>171.392</x2>
			<y2>82.333333</y2>
			<x3>170.872</x3>
			<y3>84.614035</y3>
			<x4>175.136</x4>
			<y4>93.736842</y4>
			<x5>179.816</x5>
			<y5>92.596491</y5>
			<x6>183.248</x6>
			<y6>93.508772</y6>
			<x7>175.552</x7>
			<y7>77.087719</y7>
		</polygon>
	</object>
	<object>
		<name>Rope - strings</name>
		<pose>Unspecified</pose>
		<truncated>0</truncated>
		<difficult>0</difficult>
		<occluded>0</occluded>
		<bndbox>
			<xmin>123</xmin>
			<xmax>138</xmax>
			<ymin>232</ymin>
			<ymax>251</ymax>
		</bndbox>
		<polygon>
			<x1>130.312</x1>
			<y1>249.964912</y1>
			<x2>131.456</x2>
			<y2>248.140351</y2>
			<x3>136.864</x3>
			<y3>236.280702</y3>
			<x4>133.64</x4>
			<y4>231.491228</y4>
			<x5>130.936</x5>
			<y5>237.649123</y5>
			<x6>127.296</x6>
			<y6>241.070175</y6>
			<x7>121.68</x7>
			<y7>243.122807</y7>
			<x8>123.864</x8>
			<y8>248.140351</y8>
			<x9>127.712</x9>
			<y9>248.368421</y9>
			<x10>130.312</x10>
			<y10>249.964912</y10>
		</polygon>
	</object>
</annotation>
