<annotation>
	<folder></folder>
	<filename>000093_JPG.rf.34736bc47d7f9deca2781a43455e5807.jpg</filename>
	<path>000093_JPG.rf.34736bc47d7f9deca2781a43455e5807.jpg</path>
	<source>
		<database>roboflow.ai</database>
	</source>
	<size>
		<width>416</width>
		<height>416</height>
		<depth>3</depth>
	</size>
	<segmented>0</segmented>
	<object>
		<name>Plastic film</name>
		<pose>Unspecified</pose>
		<truncated>0</truncated>
		<difficult>0</difficult>
		<occluded>0</occluded>
		<bndbox>
			<xmin>193</xmin>
			<xmax>244</xmax>
			<ymin>230</ymin>
			<ymax>272</ymax>
		</bndbox>
		<polygon>
			<x1>200.862745</x1>
			<y1>262.294118</y1>
			<x2>208.509804</x2>
			<y2>264.460784</y2>
			<x3>215.30719</x3>
			<y3>265.607843</y3>
			<x4>222.614379</x4>
			<y4>267.264706</y4>
			<x5>231.111111</x5>
			<y5>271.215686</y5>
			<x6>232.980392</x6>
			<y6>268.539216</y6>
			<x7>235.869281</x7>
			<y7>262.676471</y7>
			<x8>238.588235</x8>
			<y8>256.303922</y8>
			<x9>242.666667</x9>
			<y9>248.656863</y9>
			<x10>242.156863</x10>
			<y10>244.833333</y10>
			<x11>239.437908</x11>
			<y11>239.352941</y11>
			<x12>234.339869</x12>
			<y12>235.401961</y12>
			<x13>227.202614</x13>
			<y13>229.284314</y13>
			<x14>221.594771</x14>
			<y14>232.088235</y14>
			<x15>214.797386</x15>
			<y15>233.745098</y15>
			<x16>206.470588</x16>
			<y16>235.147059</y16>
			<x17>198.48366</x17>
			<y17>239.352941</y17>
			<x18>191.856209</x18>
			<y18>244.068627</y18>
			<x19>194.235294</x19>
			<y19>250.568627</y19>
			<x20>198.653595</x20>
			<y20>259.362745</y20>
			<x21>200.862745</x21>
			<y21>262.294118</y21>
		</polygon>
	</object>
	<object>
		<name>Cigarette</name>
		<pose>Unspecified</pose>
		<truncated>0</truncated>
		<difficult>0</difficult>
		<occluded>0</occluded>
		<bndbox>
			<xmin>350</xmin>
			<xmax>355</xmax>
			<ymin>62</ymin>
			<ymax>69</ymax>
		</bndbox>
		<polygon>
			<x1>348.705882</x1>
			<y1>61.176471</y1>
			<x2>350.405229</x2>
			<y2>68.313725</y2>
			<x3>354.143791</x3>
			<y3>68.058824</y3>
			<x4>351.424837</x4>
			<y4>60.666667</y4>
			<x5>348.705882</x5>
			<y5>61.176471</y5>
		</polygon>
	</object>
</annotation>
