<annotation>
	<folder></folder>
	<filename>000096_jpg.rf.432221e15b0c3a1279dee64d0d8f3650.jpg</filename>
	<path>000096_jpg.rf.432221e15b0c3a1279dee64d0d8f3650.jpg</path>
	<source>
		<database>roboflow.ai</database>
	</source>
	<size>
		<width>416</width>
		<height>416</height>
		<depth>3</depth>
	</size>
	<segmented>0</segmented>
	<object>
		<name>Drink carton</name>
		<pose>Unspecified</pose>
		<truncated>0</truncated>
		<difficult>0</difficult>
		<occluded>0</occluded>
		<bndbox>
			<xmin>211</xmin>
			<xmax>261</xmax>
			<ymin>222</ymin>
			<ymax>252</ymax>
		</bndbox>
		<polygon>
			<x1>235.844712</x1>
			<y1>247.156627</y1>
			<x2>243.084337</x2>
			<y2>251.072289</y2>
			<x3>251.855422</x3>
			<y3>247.391566</y3>
			<x4>259.651941</x4>
			<y4>243.945783</y4>
			<x5>258.8166</x5>
			<y5>239.795181</y5>
			<x6>246.008032</x6>
			<y6>231.572289</y6>
			<x7>226.934404</x7>
			<y7>221.23494</y7>
			<x8>209.94913</x8>
			<y8>228.439759</y8>
			<x9>213.151272</x9>
			<y9>232.668675</y9>
			<x10>216.353414</x10>
			<y10>236.584337</y10>
			<x11>235.844712</x11>
			<y11>247.156627</y11>
		</polygon>
	</object>
	<object>
		<name>Plastic straw</name>
		<pose>Unspecified</pose>
		<truncated>0</truncated>
		<difficult>0</difficult>
		<occluded>0</occluded>
		<bndbox>
			<xmin>202</xmin>
			<xmax>217</xmax>
			<ymin>226</ymin>
			<ymax>228</ymax>
		</bndbox>
		<polygon>
			<x1>201.178046</x1>
			<y1>226.246988</y1>
			<x2>214.543507</x2>
			<y2>226.873494</y2>
			<x3>216.353414</x3>
			<y3>225.463855</y3>
			<x4>203.68407</x4>
			<y4>224.837349</y4>
			<x5>201.178046</x5>
			<y5>226.246988</y5>
		</polygon>
	</object>
	<object>
		<name>Cigarette</name>
		<pose>Unspecified</pose>
		<truncated>0</truncated>
		<difficult>0</difficult>
		<occluded>0</occluded>
		<bndbox>
			<xmin>130</xmin>
			<xmax>145</xmax>
			<ymin>261</ymin>
			<ymax>265</ymax>
		</bndbox>
		<polygon>
			<x1>143.121821</x1>
			<y1>260.078313</y1>
			<x2>129.338688</x2>
			<y2>260.548193</y2>
			<x3>128.921017</x3>
			<y3>264.072289</y3>
			<x4>143.678715</x4>
			<y4>262.584337</y4>
			<x5>143.121821</x5>
			<y5>260.078313</y5>
		</polygon>
	</object>
	<object>
		<name>Cigarette</name>
		<pose>Unspecified</pose>
		<truncated>0</truncated>
		<difficult>0</difficult>
		<occluded>0</occluded>
		<bndbox>
			<xmin>218</xmin>
			<xmax>229</xmax>
			<ymin>273</ymin>
			<ymax>279</ymax>
		</bndbox>
		<polygon>
			<x1>224.42838</x1>
			<y1>272.373494</y1>
			<x2>216.771084</x2>
			<y2>275.271084</y2>
			<x3>217.467202</x3>
			<y3>277.698795</y3>
			<x4>227.630522</x4>
			<y4>274.253012</y4>
			<x5>224.42838</x5>
			<y5>272.373494</y5>
		</polygon>
	</object>
</annotation>
