<annotation>
	<folder></folder>
	<filename>000034_JPG.rf.3f2f6a99b0659e44e3c2de3e6e510d53.jpg</filename>
	<path>000034_JPG.rf.3f2f6a99b0659e44e3c2de3e6e510d53.jpg</path>
	<source>
		<database>roboflow.ai</database>
	</source>
	<size>
		<width>416</width>
		<height>416</height>
		<depth>3</depth>
	</size>
	<segmented>0</segmented>
	<object>
		<name>Glass bottle</name>
		<pose>Unspecified</pose>
		<truncated>0</truncated>
		<difficult>0</difficult>
		<occluded>0</occluded>
		<bndbox>
			<xmin>115</xmin>
			<xmax>140</xmax>
			<ymin>69</ymin>
			<ymax>130</ymax>
		</bndbox>
		<polygon>
			<x1>117.254902</x1>
			<y1>102.598039</y1>
			<x2>118.27451</x2>
			<y2>104.509804</y2>
			<x3>117.594771</x3>
			<y3>108.205882</y3>
			<x4>116.235294</x4>
			<y4>112.411765</y4>
			<x5>115.72549</x5>
			<y5>118.019608</y5>
			<x6>115.045752</x6>
			<y6>121.460784</y6>
			<x7>114.875817</x7>
			<y7>123.882353</y7>
			<x8>114.535948</x8>
			<y8>126.04902</y8>
			<x9>114.705882</x9>
			<y9>127.45098</y9>
			<x10>116.405229</x10>
			<y10>128.470588</y10>
			<x11>119.633987</x11>
			<y11>128.852941</y11>
			<x12>122.183007</x12>
			<y12>128.598039</y12>
			<x13>123.542484</x13>
			<y13>128.088235</y13>
			<x14>124.222222</x14>
			<y14>126.303922</y14>
			<x15>125.071895</x15>
			<y15>124.901961</y15>
			<x16>126.431373</x16>
			<y16>118.784314</y16>
			<x17>128.130719</x17>
			<y17>113.813725</y17>
			<x18>129.150327</x18>
			<y18>108.588235</y18>
			<x19>129.320261</x19>
			<y19>105.656863</y19>
			<x20>131.189542</x20>
			<y20>103.617647</y20>
			<x21>133.228758</x21>
			<y21>101.45098</y21>
			<x22>134.928105</x22>
			<y22>99.284314</y22>
			<x23>135.947712</x23>
			<y23>95.843137</y23>
			<x24>137.477124</x24>
			<y24>88.323529</y24>
			<x25>138.496732</x25>
			<y25>79.656863</y25>
			<x26>139.346405</x26>
			<y26>76.343137</y26>
			<x27>138.836601</x27>
			<y27>74.431373</y27>
			<x28>137.30719</x28>
			<y28>72.519608</y28>
			<x29>135.947712</x29>
			<y29>70.607843</y29>
			<x30>133.738562</x30>
			<y30>69.588235</y30>
			<x31>130</x31>
			<y31>68.568627</y31>
			<x32>128.130719</x32>
			<y32>68.313725</y32>
			<x33>126.261438</x33>
			<y33>68.568627</y33>
			<x34>123.712418</x34>
			<y34>68.823529</y34>
			<x35>120.993464</x35>
			<y35>69.588235</y35>
			<x36>118.27451</x36>
			<y36>72.901961</y36>
			<x37>117.424837</x37>
			<y37>76.598039</y37>
			<x38>114.026144</x38>
			<y38>93.676471</y38>
			<x39>113.686275</x39>
			<y39>95.843137</y39>
			<x40>114.705882</x40>
			<y40>98.264706</y40>
			<x41>115.72549</x41>
			<y41>100.431373</y41>
			<x42>117.254902</x42>
			<y42>102.598039</y42>
		</polygon>
	</object>
	<object>
		<name>Cigarette</name>
		<pose>Unspecified</pose>
		<truncated>0</truncated>
		<difficult>0</difficult>
		<occluded>0</occluded>
		<bndbox>
			<xmin>152</xmin>
			<xmax>165</xmax>
			<ymin>80</ymin>
			<ymax>88</ymax>
		</bndbox>
		<polygon>
			<x1>152.941176</x1>
			<y1>87.176471</y1>
			<x2>164.156863</x2>
			<y2>80.294118</y2>
			<x3>162.797386</x3>
			<y3>79.019608</y3>
			<x4>151.24183</x4>
			<y4>85.647059</y4>
			<x5>152.941176</x5>
			<y5>87.176471</y5>
		</polygon>
	</object>
	<object>
		<name>Cigarette</name>
		<pose>Unspecified</pose>
		<truncated>0</truncated>
		<difficult>0</difficult>
		<occluded>0</occluded>
		<bndbox>
			<xmin>152</xmin>
			<xmax>163</xmax>
			<ymin>80</ymin>
			<ymax>83</ymax>
		</bndbox>
		<polygon>
			<x1>160.418301</x1>
			<y1>78.509804</y1>
			<x2>151.24183</x2>
			<y2>79.784314</y2>
			<x3>151.24183</x3>
			<y3>81.823529</y3>
			<x4>157.699346</x4>
			<y4>81.313725</y4>
			<x5>161.777778</x5>
			<y5>79.019608</y5>
			<x6>160.418301</x6>
			<y6>78.509804</y6>
		</polygon>
	</object>
	<object>
		<name>Cigarette</name>
		<pose>Unspecified</pose>
		<truncated>0</truncated>
		<difficult>0</difficult>
		<occluded>0</occluded>
		<bndbox>
			<xmin>161</xmin>
			<xmax>173</xmax>
			<ymin>75</ymin>
			<ymax>79</ymax>
		</bndbox>
		<polygon>
			<x1>171.633987</x1>
			<y1>74.431373</y1>
			<x2>160.418301</x2>
			<y2>75.705882</y2>
			<x3>160.418301</x3>
			<y3>77.490196</y3>
			<x4>165.176471</x4>
			<y4>77.745098</y4>
			<x5>171.294118</x5>
			<y5>76.72549</y5>
			<x6>171.633987</x6>
			<y6>74.431373</y6>
		</polygon>
	</object>
	<object>
		<name>Cigarette</name>
		<pose>Unspecified</pose>
		<truncated>0</truncated>
		<difficult>0</difficult>
		<occluded>0</occluded>
		<bndbox>
			<xmin>94</xmin>
			<xmax>107</xmax>
			<ymin>147</ymin>
			<ymax>154</ymax>
		</bndbox>
		<polygon>
			<x1>92.784314</x1>
			<y1>148.352941</y1>
			<x2>103.320261</x2>
			<y2>152.941176</y2>
			<x3>105.699346</x3>
			<y3>149.372549</y3>
			<x4>95.843137</x4>
			<y4>146.058824</y4>
			<x5>92.784314</x5>
			<y5>148.352941</y5>
		</polygon>
	</object>
	<object>
		<name>Cigarette</name>
		<pose>Unspecified</pose>
		<truncated>0</truncated>
		<difficult>0</difficult>
		<occluded>0</occluded>
		<bndbox>
			<xmin>265</xmin>
			<xmax>269</xmax>
			<ymin>159</ymin>
			<ymax>169</ymax>
		</bndbox>
		<polygon>
			<x1>268.496732</x1>
			<y1>167.470588</y1>
			<x2>267.477124</x2>
			<y2>158.294118</y2>
			<x3>263.738562</x3>
			<y3>158.294118</y3>
			<x4>264.418301</x4>
			<y4>167.72549</y4>
			<x5>268.496732</x5>
			<y5>167.470588</y5>
		</polygon>
	</object>
	<object>
		<name>Cigarette</name>
		<pose>Unspecified</pose>
		<truncated>0</truncated>
		<difficult>0</difficult>
		<occluded>0</occluded>
		<bndbox>
			<xmin>275</xmin>
			<xmax>280</xmax>
			<ymin>156</ymin>
			<ymax>164</ymax>
		</bndbox>
		<polygon>
			<x1>275.294118</x1>
			<y1>155.490196</y1>
			<x2>273.934641</x2>
			<y2>162.372549</y2>
			<x3>276.653595</x3>
			<y3>162.882353</y3>
			<x4>278.69281</x4>
			<y4>154.980392</y4>
			<x5>275.294118</x5>
			<y5>155.490196</y5>
		</polygon>
	</object>
	<object>
		<name>Cigarette</name>
		<pose>Unspecified</pose>
		<truncated>0</truncated>
		<difficult>0</difficult>
		<occluded>0</occluded>
		<bndbox>
			<xmin>258</xmin>
			<xmax>262</xmax>
			<ymin>5</ymin>
			<ymax>12</ymax>
		</bndbox>
		<polygon>
			<x1>261.359477</x1>
			<y1>4.333333</y1>
			<x2>258.640523</x2>
			<y2>4.333333</y2>
			<x3>257.960784</x3>
			<y3>6.882353</y3>
			<x4>256.601307</x4>
			<y4>10.196078</y4>
			<x5>258.640523</x5>
			<y5>10.705882</y5>
			<x6>261.359477</x6>
			<y6>7.392157</y6>
			<x7>261.359477</x7>
			<y7>4.333333</y7>
		</polygon>
	</object>
</annotation>
