<annotation>
	<folder></folder>
	<filename>000017_jpg.rf.44c5b38f9d937b3fcc937786e8e04317.jpg</filename>
	<path>000017_jpg.rf.44c5b38f9d937b3fcc937786e8e04317.jpg</path>
	<source>
		<database>roboflow.ai</database>
	</source>
	<size>
		<width>416</width>
		<height>416</height>
		<depth>3</depth>
	</size>
	<segmented>0</segmented>
	<object>
		<name>Drink can</name>
		<pose>Unspecified</pose>
		<truncated>0</truncated>
		<difficult>0</difficult>
		<occluded>0</occluded>
		<bndbox>
			<xmin>226</xmin>
			<xmax>236</xmax>
			<ymin>202</ymin>
			<ymax>210</ymax>
		</bndbox>
		<polygon>
			<x1>233.362745</x1>
			<y1>202.222222</y1>
			<x2>225.970588</x2>
			<y2>200.862745</y2>
			<x3>224.696078</x3>
			<y3>203.581699</y3>
			<x4>226.480392</x4>
			<y4>208</y4>
			<x5>231.068627</x5>
			<y5>208.509804</y5>
			<x6>234.382353</x6>
			<y6>206.980392</y6>
			<x7>235.147059</x7>
			<y7>205.111111</y7>
			<x8>233.362745</x8>
			<y8>202.222222</y8>
		</polygon>
	</object>
	<object>
		<name>Drink can</name>
		<pose>Unspecified</pose>
		<truncated>0</truncated>
		<difficult>0</difficult>
		<occluded>0</occluded>
		<bndbox>
			<xmin>263</xmin>
			<xmax>269</xmax>
			<ymin>187</ymin>
			<ymax>193</ymax>
		</bndbox>
		<polygon>
			<x1>261.911765</x1>
			<y1>186.248366</y1>
			<x2>262.676471</x2>
			<y2>190.496732</y2>
			<x3>265.098039</x3>
			<y3>192.366013</y3>
			<x4>268.284314</x4>
			<y4>189.477124</y4>
			<x5>266.627451</x5>
			<y5>186.928105</y5>
			<x6>261.911765</x6>
			<y6>186.248366</y6>
		</polygon>
	</object>
</annotation>
