<annotation>
	<folder></folder>
	<filename>000082_jpg.rf.a89f68665bc10fbac90cf5258ec35e38.jpg</filename>
	<path>000082_jpg.rf.a89f68665bc10fbac90cf5258ec35e38.jpg</path>
	<source>
		<database>roboflow.ai</database>
	</source>
	<size>
		<width>416</width>
		<height>416</height>
		<depth>3</depth>
	</size>
	<segmented>0</segmented>
	<object>
		<name>Unlabeled litter</name>
		<pose>Unspecified</pose>
		<truncated>0</truncated>
		<difficult>0</difficult>
		<occluded>0</occluded>
		<bndbox>
			<xmin>200</xmin>
			<xmax>281</xmax>
			<ymin>182</ymin>
			<ymax>324</ymax>
		</bndbox>
		<polygon>
			<x1>216.804233</x1>
			<y1>318.190476</y1>
			<x2>235.238095</x2>
			<y2>307.873016</y2>
			<x3>251.058201</x3>
			<y3>296.626984</y3>
			<x4>259.174603</x4>
			<y4>289.611111</y4>
			<x5>253.671958</x5>
			<y5>283.936508</y5>
			<x6>262.888889</x6>
			<y6>206.865079</y6>
			<x7>269.904762</x7>
			<y7>199.849206</y7>
			<x8>280.084656</x8>
			<y8>197.68254</y8>
			<x9>270.31746</x9>
			<y9>189.634921</y9>
			<x10>258.349206</x10>
			<y10>185.095238</y10>
			<x11>246.656085</x11>
			<y11>184.269841</y11>
			<x12>240.740741</x12>
			<y12>184.785714</y12>
			<x13>230.973545</x13>
			<y13>183.753968</y13>
			<x14>221.068783</x14>
			<y14>180.968254</y14>
			<x15>219.968254</x15>
			<y15>181.690476</y15>
			<x16>209.238095</x16>
			<y16>268.150794</y16>
			<x17>203.185185</x17>
			<y17>296.214286</y17>
			<x18>199.470899</x18>
			<y18>323.246032</y18>
			<x19>216.804233</x19>
			<y19>318.190476</y19>
		</polygon>
	</object>
</annotation>
