<annotation>
	<folder></folder>
	<filename>000142_JPG.rf.eef51bcc5a3996de43865bcf0b8633e7.jpg</filename>
	<path>000142_JPG.rf.eef51bcc5a3996de43865bcf0b8633e7.jpg</path>
	<source>
		<database>roboflow.ai</database>
	</source>
	<size>
		<width>416</width>
		<height>416</height>
		<depth>3</depth>
	</size>
	<segmented>0</segmented>
	<object>
		<name>Styrofoam piece</name>
		<pose>Unspecified</pose>
		<truncated>0</truncated>
		<difficult>0</difficult>
		<occluded>0</occluded>
		<bndbox>
			<xmin>265</xmin>
			<xmax>284</xmax>
			<ymin>153</ymin>
			<ymax>174</ymax>
		</bndbox>
		<polygon>
			<x1>264.248366</x1>
			<y1>162.882353</y1>
			<x2>264.418301</x2>
			<y2>169.637255</y2>
			<x3>266.96732</x3>
			<y3>171.166667</y3>
			<x4>273.084967</x4>
			<y4>173.333333</y4>
			<x5>275.633987</x5>
			<y5>172.95098</y5>
			<x6>276.143791</x6>
			<y6>171.803922</y6>
			<x7>279.03268</x7>
			<y7>169.509804</y7>
			<x8>280.392157</x8>
			<y8>166.960784</y8>
			<x9>283.111111</x9>
			<y9>164.921569</y9>
			<x10>283.45098</x10>
			<y10>161.862745</y10>
			<x11>283.281046</x11>
			<y11>159.186275</y11>
			<x12>279.882353</x12>
			<y12>155.745098</y12>
			<x13>275.803922</x13>
			<y13>152.558824</y13>
			<x14>273.254902</x14>
			<y14>151.921569</y14>
			<x15>271.385621</x15>
			<y15>153.196078</y15>
			<x16>268.496732</x16>
			<y16>156.892157</y16>
			<x17>267.30719</x17>
			<y17>159.058824</y17>
			<x18>265.437908</x18>
			<y18>160.588235</y18>
			<x19>264.248366</x19>
			<y19>162.882353</y19>
		</polygon>
	</object>
</annotation>
