<annotation>
	<folder></folder>
	<filename>IMG_5051_JPG.rf.89b7169d22444351c1eadbe0741db82b.jpg</filename>
	<path>IMG_5051_JPG.rf.89b7169d22444351c1eadbe0741db82b.jpg</path>
	<source>
		<database>roboflow.ai</database>
	</source>
	<size>
		<width>416</width>
		<height>416</height>
		<depth>3</depth>
	</size>
	<segmented>0</segmented>
	<object>
		<name>Pop tab</name>
		<pose>Unspecified</pose>
		<truncated>0</truncated>
		<difficult>0</difficult>
		<occluded>0</occluded>
		<bndbox>
			<xmin>168</xmin>
			<xmax>177</xmax>
			<ymin>236</ymin>
			<ymax>240</ymax>
		</bndbox>
		<polygon>
			<x1>166.875817</x1>
			<y1>237.058824</y1>
			<x2>167.045752</x2>
			<y2>237.95098</y2>
			<x3>167.555556</x3>
			<y3>238.715686</y3>
			<x4>168.745098</x4>
			<y4>239.22549</y4>
			<x5>170.444444</x5>
			<y5>239.098039</y5>
			<x6>174.69281</x6>
			<y6>238.460784</y6>
			<x7>175.372549</x7>
			<y7>237.696078</y7>
			<x8>175.542484</x8>
			<y8>236.931373</y8>
			<x9>175.202614</x9>
			<y9>235.911765</y9>
			<x10>175.202614</x10>
			<y10>235.529412</y10>
			<x11>174.522876</x11>
			<y11>235.019608</y11>
			<x12>173.673203</x12>
			<y12>234.764706</y12>
			<x13>171.803922</x13>
			<y13>235.019608</y13>
			<x14>168.745098</x14>
			<y14>235.529412</y14>
			<x15>167.895425</x15>
			<y15>235.784314</y15>
			<x16>167.555556</x16>
			<y16>236.166667</y16>
			<x17>166.875817</x17>
			<y17>237.058824</y17>
		</polygon>
	</object>
</annotation>
