<annotation>
	<folder></folder>
	<filename>IMG_4922_JPG.rf.c096eeaa35af2577b9ea5a7e79a16879.jpg</filename>
	<path>IMG_4922_JPG.rf.c096eeaa35af2577b9ea5a7e79a16879.jpg</path>
	<source>
		<database>roboflow.ai</database>
	</source>
	<size>
		<width>416</width>
		<height>416</height>
		<depth>3</depth>
	</size>
	<segmented>0</segmented>
	<object>
		<name>Paper straw</name>
		<pose>Unspecified</pose>
		<truncated>0</truncated>
		<difficult>0</difficult>
		<occluded>0</occluded>
		<bndbox>
			<xmin>185</xmin>
			<xmax>228</xmax>
			<ymin>145</ymin>
			<ymax>193</ymax>
		</bndbox>
		<polygon>
			<x1>183.699346</x1>
			<y1>146.186275</y1>
			<x2>221.594771</x2>
			<y2>191.813725</y2>
			<x3>227.03268</x3>
			<y3>191.941176</y3>
			<x4>187.437908</x4>
			<y4>144.27451</y4>
			<x5>183.699346</x5>
			<y5>146.186275</y5>
		</polygon>
	</object>
	<object>
		<name>Disposable plastic cup</name>
		<pose>Unspecified</pose>
		<truncated>0</truncated>
		<difficult>0</difficult>
		<occluded>0</occluded>
		<bndbox>
			<xmin>203</xmin>
			<xmax>260</xmax>
			<ymin>170</ymin>
			<ymax>226</ymax>
		</bndbox>
		<polygon>
			<x1>206.300654</x1>
			<y1>175.627451</y1>
			<x2>202.901961</x2>
			<y2>179.068627</y2>
			<x3>202.052288</x3>
			<y3>183.784314</y3>
			<x4>204.601307</x4>
			<y4>187.990196</y4>
			<x5>208</x5>
			<y5>190.921569</y5>
			<x6>220.915033</x6>
			<y6>221.509804</y6>
			<x7>224.823529</x7>
			<y7>224.313725</y7>
			<x8>227.542484</x8>
			<y8>223.676471</y8>
			<x9>231.281046</x9>
			<y9>224.95098</y9>
			<x10>240.117647</x10>
			<y10>224.441176</y10>
			<x11>247.594771</x11>
			<y11>222.019608</y11>
			<x12>253.882353</x12>
			<y12>217.558824</y12>
			<x13>256.261438</x13>
			<y13>184.294118</y13>
			<x14>259.320261</x14>
			<y14>181.490196</y14>
			<x15>258.300654</x15>
			<y15>176.519608</y15>
			<x16>255.921569</x16>
			<y16>172.823529</y16>
			<x17>248.954248</x17>
			<y17>170.401961</y17>
			<x18>240.287582</x18>
			<y18>168.745098</y18>
			<x19>232.130719</x19>
			<y19>168.617647</y19>
			<x20>222.784314</x20>
			<y20>169.637255</y20>
			<x21>219.045752</x21>
			<y21>170.401961</y21>
			<x22>213.607843</x22>
			<y22>172.058824</y22>
			<x23>206.300654</x23>
			<y23>175.627451</y23>
		</polygon>
	</object>
</annotation>
