<annotation>
	<folder></folder>
	<filename>IMG_4891_JPG.rf.4eeb45605521d92c590b0aa0cf6ff4d4.jpg</filename>
	<path>IMG_4891_JPG.rf.4eeb45605521d92c590b0aa0cf6ff4d4.jpg</path>
	<source>
		<database>roboflow.ai</database>
	</source>
	<size>
		<width>416</width>
		<height>416</height>
		<depth>3</depth>
	</size>
	<segmented>0</segmented>
	<object>
		<name>Plastic film</name>
		<pose>Unspecified</pose>
		<truncated>0</truncated>
		<difficult>0</difficult>
		<occluded>0</occluded>
		<bndbox>
			<xmin>309</xmin>
			<xmax>341</xmax>
			<ymin>169</ymin>
			<ymax>204</ymax>
		</bndbox>
		<polygon>
			<x1>335.960784</x1>
			<y1>168.490196</y1>
			<x2>332.562092</x2>
			<y2>169.382353</y2>
			<x3>327.973856</x3>
			<y3>170.27451</y3>
			<x4>321.856209</x4>
			<y4>170.784314</y4>
			<x5>314.888889</x5>
			<y5>171.039216</y5>
			<x6>311.660131</x6>
			<y6>173.078431</y6>
			<x7>310.980392</x7>
			<y7>175.627451</y7>
			<x8>310.130719</x8>
			<y8>179.45098</y8>
			<x9>309.79085</x9>
			<y9>183.911765</y9>
			<x10>309.45098</x10>
			<y10>189.009804</y10>
			<x11>309.281046</x11>
			<y11>192.45098</y11>
			<x12>307.581699</x12>
			<y12>198.95098</y12>
			<x13>307.581699</x13>
			<y13>200.352941</y13>
			<x14>311.150327</x14>
			<y14>201.882353</y14>
			<x15>315.568627</x15>
			<y15>202.009804</y15>
			<x16>318.457516</x16>
			<y16>202.009804</y16>
			<x17>323.215686</x17>
			<y17>202.264706</y17>
			<x18>326.784314</x18>
			<y18>202.647059</y18>
			<x19>334.091503</x19>
			<y19>203.156863</y19>
			<x20>338.849673</x20>
			<y20>203.029412</y20>
			<x21>338.679739</x21>
			<y21>197.039216</y21>
			<x22>338.849673</x22>
			<y22>193.598039</y22>
			<x23>338.509804</x23>
			<y23>191.558824</y23>
			<x24>337.830065</x24>
			<y24>189.137255</y24>
			<x25>338.849673</x25>
			<y25>187.098039</y25>
			<x26>338.849673</x26>
			<y26>184.931373</y26>
			<x27>339.529412</x27>
			<y27>182.254902</y27>
			<x28>338.339869</x28>
			<y28>177.156863</y28>
			<x29>339.359477</x29>
			<y29>174.862745</y29>
			<x30>338.679739</x30>
			<y30>171.931373</y30>
			<x31>338.509804</x31>
			<y31>169.637255</y31>
			<x32>337.660131</x32>
			<y32>168.235294</y32>
			<x33>335.960784</x33>
			<y33>168.490196</y33>
		</polygon>
	</object>
	<object>
		<name>Unlabeled litter</name>
		<pose>Unspecified</pose>
		<truncated>0</truncated>
		<difficult>0</difficult>
		<occluded>0</occluded>
		<bndbox>
			<xmin>193</xmin>
			<xmax>202</xmax>
			<ymin>185</ymin>
			<ymax>192</ymax>
		</bndbox>
		<polygon>
			<x1>200.69281</x1>
			<y1>185.313725</y1>
			<x2>195.424837</x2>
			<y2>184.294118</y2>
			<x3>191.856209</x3>
			<y3>190.411765</y3>
			<x4>194.235294</x4>
			<y4>191.303922</y4>
			<x5>198.993464</x5>
			<y5>187.480392</y5>
			<x6>200.69281</x6>
			<y6>185.313725</y6>
		</polygon>
	</object>
	<object>
		<name>Cigarette</name>
		<pose>Unspecified</pose>
		<truncated>0</truncated>
		<difficult>0</difficult>
		<occluded>0</occluded>
		<bndbox>
			<xmin>112</xmin>
			<xmax>121</xmax>
			<ymin>411</ymin>
			<ymax>417</ymax>
		</bndbox>
		<polygon>
			<x1>119.973856</x1>
			<y1>415.745098</y1>
			<x2>115.555556</x2>
			<y2>410.392157</y2>
			<x3>111.137255</x3>
			<y3>412.176471</y3>
			<x4>114.196078</x4>
			<y4>416</y4>
			<x5>119.973856</x5>
			<y5>415.745098</y5>
		</polygon>
	</object>
</annotation>
