<annotation>
	<folder></folder>
	<filename>IMG_4857_JPG.rf.53df49ce0bd3eafeb0b27f8bf0ef9499.jpg</filename>
	<path>IMG_4857_JPG.rf.53df49ce0bd3eafeb0b27f8bf0ef9499.jpg</path>
	<source>
		<database>roboflow.ai</database>
	</source>
	<size>
		<width>416</width>
		<height>416</height>
		<depth>3</depth>
	</size>
	<segmented>0</segmented>
	<object>
		<name>Paper cup</name>
		<pose>Unspecified</pose>
		<truncated>0</truncated>
		<difficult>0</difficult>
		<occluded>0</occluded>
		<bndbox>
			<xmin>196</xmin>
			<xmax>230</xmax>
			<ymin>136</ymin>
			<ymax>178</ymax>
		</bndbox>
		<polygon>
			<x1>228.647059</x1>
			<y1>159.133624</y1>
			<x2>227.627451</x2>
			<y2>155.500437</y2>
			<x3>208.764706</x3>
			<y3>134.791266</y3>
			<x4>204.813725</x4>
			<y4>138.969432</y4>
			<x5>200.862745</x5>
			<y5>146.962445</y5>
			<x6>197.54902</x6>
			<y6>157.680349</y6>
			<x7>195.637255</x7>
			<y7>164.946725</y7>
			<x8>195.382353</x8>
			<y8>169.48821</y8>
			<x9>195.764706</x9>
			<y9>174.393013</y9>
			<x10>222.27451</x10>
			<y10>177.117904</y10>
			<x11>225.078431</x11>
			<y11>173.303057</y11>
			<x12>227.5</x12>
			<y12>165.310044</y12>
			<x13>228.647059</x13>
			<y13>159.133624</y13>
		</polygon>
	</object>
</annotation>
