<annotation>
	<folder></folder>
	<filename>IMG_4972_JPG.rf.aa2aae4435139d0894a82cb50ecb4bcc.jpg</filename>
	<path>IMG_4972_JPG.rf.aa2aae4435139d0894a82cb50ecb4bcc.jpg</path>
	<source>
		<database>roboflow.ai</database>
	</source>
	<size>
		<width>416</width>
		<height>416</height>
		<depth>3</depth>
	</size>
	<segmented>0</segmented>
	<object>
		<name>Pop tab</name>
		<pose>Unspecified</pose>
		<truncated>0</truncated>
		<difficult>0</difficult>
		<occluded>0</occluded>
		<bndbox>
			<xmin>203</xmin>
			<xmax>215</xmax>
			<ymin>307</ymin>
			<ymax>315</ymax>
		</bndbox>
		<polygon>
			<x1>202.222222</x1>
			<y1>311.490196</y1>
			<x2>202.732026</x2>
			<y2>312.637255</y2>
			<x3>204.771242</x3>
			<y3>313.784314</y3>
			<x4>205.79085</x4>
			<y4>313.784314</y4>
			<x5>208.169935</x5>
			<y5>313.019608</y5>
			<x6>210.718954</x6>
			<y6>312.764706</y6>
			<x7>213.098039</x7>
			<y7>312.127451</y7>
			<x8>213.607843</x8>
			<y8>311.617647</y8>
			<x9>213.777778</x9>
			<y9>310.72549</y9>
			<x10>213.437908</x10>
			<y10>309.833333</y10>
			<x11>213.267974</x11>
			<y11>308.941176</y11>
			<x12>212.75817</x12>
			<y12>308.04902</y12>
			<x13>212.248366</x13>
			<y13>307.156863</y13>
			<x14>211.738562</x14>
			<y14>306.647059</y14>
			<x15>211.058824</x15>
			<y15>306.392157</y15>
			<x16>210.20915</x16>
			<y16>306.264706</y16>
			<x17>209.019608</x17>
			<y17>306.77451</y17>
			<x18>206.470588</x18>
			<y18>307.921569</y18>
			<x19>205.281046</x19>
			<y19>308.303922</y19>
			<x20>203.24183</x20>
			<y20>308.941176</y20>
			<x21>202.562092</x21>
			<y21>309.705882</y21>
			<x22>202.052288</x22>
			<y22>310.72549</y22>
			<x23>202.222222</x23>
			<y23>311.490196</y23>
		</polygon>
	</object>
	<object>
		<name>Cigarette</name>
		<pose>Unspecified</pose>
		<truncated>0</truncated>
		<difficult>0</difficult>
		<occluded>0</occluded>
		<bndbox>
			<xmin>267</xmin>
			<xmax>280</xmax>
			<ymin>35</ymin>
			<ymax>42</ymax>
		</bndbox>
		<polygon>
			<x1>267.816993</x1>
			<y1>33.901961</y1>
			<x2>266.117647</x2>
			<y2>35.431373</y2>
			<x3>275.633987</x3>
			<y3>40.529412</y3>
			<x4>278.352941</x4>
			<y4>40.27451</y4>
			<x5>279.372549</x5>
			<y5>39.509804</y5>
			<x6>267.816993</x6>
			<y6>33.901961</y6>
		</polygon>
	</object>
</annotation>
