<annotation>
	<folder></folder>
	<filename>IMG_5068_JPG.rf.50b9ec687c5801b96a47bacbd224c5bc.jpg</filename>
	<path>IMG_5068_JPG.rf.50b9ec687c5801b96a47bacbd224c5bc.jpg</path>
	<source>
		<database>roboflow.ai</database>
	</source>
	<size>
		<width>416</width>
		<height>416</height>
		<depth>3</depth>
	</size>
	<segmented>0</segmented>
	<object>
		<name>Magazine paper</name>
		<pose>Unspecified</pose>
		<truncated>0</truncated>
		<difficult>0</difficult>
		<occluded>0</occluded>
		<bndbox>
			<xmin>34</xmin>
			<xmax>127</xmax>
			<ymin>305</ymin>
			<ymax>404</ymax>
		</bndbox>
		<polygon>
			<x1>126.176471</x1>
			<y1>309.45098</y1>
			<x2>43.843137</x2>
			<y2>304.352941</y2>
			<x3>40.784314</x3>
			<y3>331.202614</y3>
			<x4>38.235294</x4>
			<y4>349.385621</y4>
			<x5>37.088235</x5>
			<y5>362.470588</y5>
			<x6>33.009804</x6>
			<y6>391.019608</y6>
			<x7>118.911765</x7>
			<y7>401.895425</y7>
			<x8>122.352941</x8>
			<y8>403.084967</y8>
			<x9>126.176471</x9>
			<y9>309.45098</y9>
		</polygon>
	</object>
	<object>
		<name>Magazine paper</name>
		<pose>Unspecified</pose>
		<truncated>0</truncated>
		<difficult>0</difficult>
		<occluded>0</occluded>
		<bndbox>
			<xmin>63</xmin>
			<xmax>121</xmax>
			<ymin>243</ymin>
			<ymax>296</ymax>
		</bndbox>
		<polygon>
			<x1>119.931373</x1>
			<y1>248.104575</y1>
			<x2>100.813725</x2>
			<y2>241.816993</y2>
			<x3>94.441176</x3>
			<y3>262.20915</y3>
			<x4>92.784314</x4>
			<y4>265.437908</y4>
			<x5>71.117647</x5>
			<y5>255.071895</y5>
			<x6>65.509804</x6>
			<y6>266.287582</y6>
			<x7>63.72549</x7>
			<y7>270.705882</y7>
			<x8>62.578431</x8>
			<y8>274.954248</y8>
			<x9>61.941176</x9>
			<y9>278.522876</y9>
			<x10>62.578431</x10>
			<y10>280.052288</y10>
			<x11>73.156863</x11>
			<y11>282.941176</y11>
			<x12>106.166667</x12>
			<y12>295.006536</y12>
			<x13>109.480392</x13>
			<y13>292.457516</y13>
			<x14>119.931373</x14>
			<y14>248.104575</y14>
		</polygon>
	</object>
	<object>
		<name>Magazine paper</name>
		<pose>Unspecified</pose>
		<truncated>0</truncated>
		<difficult>0</difficult>
		<occluded>0</occluded>
		<bndbox>
			<xmin>56</xmin>
			<xmax>107</xmax>
			<ymin>208</ymin>
			<ymax>266</ymax>
		</bndbox>
		<polygon>
			<x1>94.568627</x1>
			<y1>262.039216</y1>
			<x2>95.588235</x2>
			<y2>257.281046</y2>
			<x3>97.372549</x3>
			<y3>250.993464</y3>
			<x4>100.558824</x4>
			<y4>241.647059</y4>
			<x5>106.294118</x5>
			<y5>227.712418</y5>
			<x6>81.696078</x6>
			<y6>214.457516</y6>
			<x7>66.656863</x7>
			<y7>206.810458</y7>
			<x8>55.568627</x8>
			<y8>243.51634</y8>
			<x9>55.313725</x9>
			<y9>244.366013</y9>
			<x10>55.313725</x10>
			<y10>245.215686</y10>
			<x11>55.568627</x11>
			<y11>245.72549</y11>
			<x12>64.362745</x12>
			<y12>251.333333</y12>
			<x13>73.794118</x13>
			<y13>255.921569</y13>
			<x14>92.656863</x14>
			<y14>265.267974</y14>
			<x15>94.568627</x15>
			<y15>262.039216</y15>
		</polygon>
	</object>
	<object>
		<name>Magazine paper</name>
		<pose>Unspecified</pose>
		<truncated>0</truncated>
		<difficult>0</difficult>
		<occluded>0</occluded>
		<bndbox>
			<xmin>67</xmin>
			<xmax>133</xmax>
			<ymin>117</ymin>
			<ymax>213</ymax>
		</bndbox>
		<polygon>
			<x1>122.607843</x1>
			<y1>130.169935</y1>
			<x2>93.421569</x2>
			<y2>115.72549</y2>
			<x3>85.901961</x3>
			<y3>135.777778</y3>
			<x4>78.637255</x4>
			<y4>154.130719</y4>
			<x5>65.764706</x5>
			<y5>189.816993</y5>
			<x6>66.401961</x6>
			<y6>190.496732</y6>
			<x7>104.382353</x7>
			<y7>212.078431</y7>
			<x8>117.892157</x8>
			<y8>174.522876</y8>
			<x9>128.088235</x9>
			<y9>145.803922</y9>
			<x10>131.784314</x10>
			<y10>134.75817</y10>
			<x11>122.607843</x11>
			<y11>130.169935</y11>
		</polygon>
	</object>
	<object>
		<name>Magazine paper</name>
		<pose>Unspecified</pose>
		<truncated>0</truncated>
		<difficult>0</difficult>
		<occluded>0</occluded>
		<bndbox>
			<xmin>108</xmin>
			<xmax>173</xmax>
			<ymin>148</ymin>
			<ymax>247</ymax>
		</bndbox>
		<polygon>
			<x1>130.764706</x1>
			<y1>220.575163</y1>
			<x2>131.401961</x2>
			<y2>218.705882</y2>
			<x3>132.676471</x3>
			<y3>214.797386</y3>
			<x4>133.95098</x4>
			<y4>211.908497</y4>
			<x5>136.372549</x5>
			<y5>206.980392</y5>
			<x6>143.637255</x6>
			<y6>193.045752</y6>
			<x7>148.480392</x7>
			<y7>181.150327</y7>
			<x8>155.107843</x8>
			<y8>167.72549</y8>
			<x9>156.764706</x9>
			<y9>164.326797</y9>
			<x10>172.058824</x10>
			<y10>175.542484</y10>
			<x11>150.009804</x11>
			<y11>146.993464</y11>
			<x12>135.607843</x12>
			<y12>166.026144</y12>
			<x13>113.176471</x13>
			<y13>196.444444</y13>
			<x14>107.95098</x14>
			<y14>203.24183</y14>
			<x15>106.803922</x15>
			<y15>205.960784</y15>
			<x16>133.568627</x16>
			<y16>246.065359</y16>
			<x17>144.27451</x17>
			<y17>231.79085</y17>
			<x18>132.294118</x18>
			<y18>222.27451</y18>
			<x19>130.764706</x19>
			<y19>220.575163</y19>
		</polygon>
	</object>
	<object>
		<name>Magazine paper</name>
		<pose>Unspecified</pose>
		<truncated>0</truncated>
		<difficult>0</difficult>
		<occluded>0</occluded>
		<bndbox>
			<xmin>132</xmin>
			<xmax>214</xmax>
			<ymin>165</ymin>
			<ymax>239</ymax>
		</bndbox>
		<polygon>
			<x1>193.72549</x1>
			<y1>224.313725</y1>
			<x2>200.607843</x2>
			<y2>234</y2>
			<x3>212.205882</x3>
			<y3>208</y3>
			<x4>212.843137</x4>
			<y4>205.960784</y4>
			<x5>172.823529</x5>
			<y5>176.222222</y5>
			<x6>156.764706</x6>
			<y6>164.326797</y6>
			<x7>146.823529</x7>
			<y7>185.228758</y7>
			<x8>137.77451</x8>
			<y8>204.261438</y8>
			<x9>134.078431</x9>
			<y9>211.738562</y9>
			<x10>133.058824</x10>
			<y10>213.947712</y10>
			<x11>130.764706</x11>
			<y11>220.745098</y11>
			<x12>152.176471</x12>
			<y12>238.248366</y12>
			<x13>165.941176</x13>
			<y13>221.254902</y13>
			<x14>179.45098</x14>
			<y14>204.091503</y14>
			<x15>179.833333</x15>
			<y15>204.431373</y15>
			<x16>193.72549</x16>
			<y16>224.313725</y16>
		</polygon>
	</object>
	<object>
		<name>Magazine paper</name>
		<pose>Unspecified</pose>
		<truncated>0</truncated>
		<difficult>0</difficult>
		<occluded>0</occluded>
		<bndbox>
			<xmin>112</xmin>
			<xmax>235</xmax>
			<ymin>205</ymin>
			<ymax>395</ymax>
		</bndbox>
		<polygon>
			<x1>169.127451</x1>
			<y1>217.176471</y1>
			<x2>160.078431</x2>
			<y2>227.542484</y2>
			<x3>151.411765</x3>
			<y3>237.908497</y3>
			<x4>143.892157</x4>
			<y4>247.084967</y4>
			<x5>139.558824</x5>
			<y5>253.202614</y5>
			<x6>137.137255</x6>
			<y6>256.941176</y6>
			<x7>134.970588</x7>
			<y7>261.189542</y7>
			<x8>131.27451</x8>
			<y8>264.078431</y8>
			<x9>125.411765</x9>
			<y9>270.705882</y9>
			<x10>122.607843</x10>
			<y10>275.294118</y10>
			<x11>110.5</x11>
			<y11>292.117647</y11>
			<x12>120.186275</x12>
			<y12>308.941176</y12>
			<x13>126.176471</x13>
			<y13>309.281046</y13>
			<x14>139.558824</x14>
			<y14>342.75817</y14>
			<x15>166.833333</x15>
			<y15>393.738562</y15>
			<x16>195.892157</x16>
			<y16>357.372549</y16>
			<x17>203.921569</x17>
			<y17>345.647059</y17>
			<x18>212.843137</x18>
			<y18>334.941176</y18>
			<x19>233.362745</x19>
			<y19>309.111111</y19>
			<x20>233.872549</x20>
			<y20>307.411765</y20>
			<x21>233.362745</x21>
			<y21>304.862745</y21>
			<x22>232.470588</x22>
			<y22>300.784314</y22>
			<x23>230.04902</x23>
			<y23>290.588235</y23>
			<x24>228.264706</x24>
			<y24>282.771242</y24>
			<x25>226.480392</x25>
			<y25>275.464052</y25>
			<x26>224.696078</x26>
			<y26>271.045752</y26>
			<x27>222.401961</x27>
			<y27>266.627451</y27>
			<x28>219.72549</x28>
			<y28>262.20915</y28>
			<x29>213.352941</x29>
			<y29>252.862745</y29>
			<x30>179.45098</x30>
			<y30>204.091503</y30>
			<x31>169.127451</x31>
			<y31>217.176471</y31>
		</polygon>
	</object>
</annotation>
