<annotation>
	<folder></folder>
	<filename>IMG_5052_JPG.rf.4211c6fcd3024807276d83caed4cb576.jpg</filename>
	<path>IMG_5052_JPG.rf.4211c6fcd3024807276d83caed4cb576.jpg</path>
	<source>
		<database>roboflow.ai</database>
	</source>
	<size>
		<width>416</width>
		<height>416</height>
		<depth>3</depth>
	</size>
	<segmented>0</segmented>
	<object>
		<name>Meal carton</name>
		<pose>Unspecified</pose>
		<truncated>0</truncated>
		<difficult>0</difficult>
		<occluded>0</occluded>
		<bndbox>
			<xmin>228</xmin>
			<xmax>347</xmax>
			<ymin>144</ymin>
			<ymax>318</ymax>
		</bndbox>
		<polygon>
			<x1>258.810458</x1>
			<y1>307.029412</y1>
			<x2>272.405229</x2>
			<y2>316.715686</y2>
			<x3>275.294118</x3>
			<y3>310.980392</y3>
			<x4>345.647059</x4>
			<y4>144.911765</y4>
			<x5>345.647059</x5>
			<y5>142.745098</y5>
			<x6>339.699346</x6>
			<y6>142.872549</y6>
			<x7>327.464052</x7>
			<y7>144.019608</y7>
			<x8>324.915033</x8>
			<y8>148.862745</y8>
			<x9>281.411765</x9>
			<y9>155.490196</y9>
			<x10>279.202614</x10>
			<y10>155.745098</y10>
			<x11>277.843137</x11>
			<y11>158.931373</y11>
			<x12>276.313725</x12>
			<y12>162.372549</y12>
			<x13>239.437908</x13>
			<y13>248.784314</y13>
			<x14>227.372549</x14>
			<y14>276.441176</y14>
			<x15>229.751634</x15>
			<y15>277.588235</y15>
			<x16>260.169935</x16>
			<y16>303.333333</y16>
			<x17>258.810458</x17>
			<y17>307.029412</y17>
		</polygon>
	</object>
</annotation>
