<annotation>
	<folder></folder>
	<filename>IMG_5044_JPG.rf.180f445dd6e84e0145bebf95e090cc6e.jpg</filename>
	<path>IMG_5044_JPG.rf.180f445dd6e84e0145bebf95e090cc6e.jpg</path>
	<source>
		<database>roboflow.ai</database>
	</source>
	<size>
		<width>416</width>
		<height>416</height>
		<depth>3</depth>
	</size>
	<segmented>0</segmented>
	<object>
		<name>Other carton</name>
		<pose>Unspecified</pose>
		<truncated>0</truncated>
		<difficult>0</difficult>
		<occluded>0</occluded>
		<bndbox>
			<xmin>193</xmin>
			<xmax>296</xmax>
			<ymin>271</ymin>
			<ymax>390</ymax>
		</bndbox>
		<polygon>
			<x1>275.124183</x1>
			<y1>301.803922</y1>
			<x2>252.352941</x2>
			<y2>287.784314</y2>
			<x3>251.843137</x3>
			<y3>280.519608</y3>
			<x4>253.882353</x4>
			<y4>278.862745</y4>
			<x5>255.24183</x5>
			<y5>275.803922</y5>
			<x6>253.882353</x6>
			<y6>272.362745</y6>
			<x7>250.313725</x7>
			<y7>270.068627</y7>
			<x8>243.346405</x8>
			<y8>275.54902</y8>
			<x9>192.196078</x9>
			<y9>300.019608</y9>
			<x10>192.196078</x10>
			<y10>311.235294</y10>
			<x11>195.084967</x11>
			<y11>315.313725</y11>
			<x12>195.424837</x12>
			<y12>318.117647</y12>
			<x13>198.823529</x13>
			<y13>326.019608</y13>
			<x14>220.405229</x14>
			<y14>372.029412</y14>
			<x15>242.326797</x15>
			<y15>389.490196</y15>
			<x16>295.346405</x16>
			<y16>357.245098</y16>
			<x17>275.124183</x17>
			<y17>301.803922</y17>
		</polygon>
	</object>
</annotation>
