<annotation>
	<folder></folder>
	<filename>IMG_4917_JPG.rf.63c7e022db7e2398789494bd9690c190.jpg</filename>
	<path>IMG_4917_JPG.rf.63c7e022db7e2398789494bd9690c190.jpg</path>
	<source>
		<database>roboflow.ai</database>
	</source>
	<size>
		<width>416</width>
		<height>416</height>
		<depth>3</depth>
	</size>
	<segmented>0</segmented>
	<object>
		<name>Metal bottle cap</name>
		<pose>Unspecified</pose>
		<truncated>0</truncated>
		<difficult>0</difficult>
		<occluded>0</occluded>
		<bndbox>
			<xmin>302</xmin>
			<xmax>320</xmax>
			<ymin>176</ymin>
			<ymax>188</ymax>
		</bndbox>
		<polygon>
			<x1>309.45098</x1>
			<y1>186.588235</y1>
			<x2>313.699346</x2>
			<y2>186.715686</y2>
			<x3>317.947712</x3>
			<y3>184.421569</y3>
			<x4>319.477124</x4>
			<y4>181.107843</y4>
			<x5>317.777778</x5>
			<y5>178.176471</y5>
			<x6>313.869281</x6>
			<y6>175.372549</y6>
			<x7>310.470588</x7>
			<y7>174.735294</y7>
			<x8>305.882353</x8>
			<y8>174.990196</y8>
			<x9>302.993464</x9>
			<y9>176.137255</y9>
			<x10>301.464052</x10>
			<y10>177.666667</y10>
			<x11>300.954248</x11>
			<y11>180.215686</y11>
			<x12>301.973856</x12>
			<y12>183.529412</y12>
			<x13>305.202614</x13>
			<y13>185.95098</y13>
			<x14>309.45098</x14>
			<y14>186.588235</y14>
		</polygon>
	</object>
</annotation>
